test_name,millis,elapsed_ms,ax_g,ay_g,az_g,gx_dps,gy_dps,gz_dps,accel_mag_g,accel_dynamic_g
desk_still,4074,2,0.1863,-0.0691,0.9326,-4.92,-0.03,-0.72,0.9535,0.0465
desk_still,4086,14,0.1802,-0.0693,0.9219,-4.92,-0.02,-0.92,0.9419,0.0581
desk_still,4098,26,0.1807,-0.0642,0.9312,-4.89,-0.24,-0.52,0.9507,0.0493
desk_still,4110,38,0.1846,-0.0649,0.9343,-4.95,-0.31,-0.40,0.9546,0.0454
desk_still,4122,50,0.1768,-0.0740,0.9209,-4.93,-0.18,-0.66,0.9406,0.0594
desk_still,4134,62,0.1748,-0.0671,0.9319,-4.92,-0.11,-0.51,0.9505,0.0495
desk_still,4146,74,0.1741,-0.0674,0.9336,-4.75,-0.25,-0.69,0.9521,0.0479
desk_still,4158,86,0.1702,-0.0686,0.9194,-5.06,-0.12,-0.68,0.9376,0.0624
desk_still,4170,98,0.1711,-0.0647,0.9270,-4.80,-0.16,-0.78,0.9449,0.0551
desk_still,4182,110,0.1738,-0.0615,0.9307,-4.71,-0.23,-0.91,0.9488,0.0512
desk_still,4214,142,0.1804,-0.0652,0.9299,-4.76,-0.37,-0.74,0.9495,0.0505
desk_still,4226,154,0.1804,-0.0686,0.9268,-5.05,-0.16,-0.94,0.9466,0.0534
desk_still,4238,166,0.1729,-0.0723,0.9255,-4.86,-0.11,-0.77,0.9443,0.0557
desk_still,4250,178,0.1851,-0.0642,0.9275,-4.65,-0.09,-0.56,0.9479,0.0521
desk_still,4262,190,0.1777,-0.0686,0.9280,-4.87,-0.18,-0.46,0.9473,0.0527
desk_still,4274,202,0.1814,-0.0703,0.9341,-4.83,-0.24,-0.80,0.9541,0.0459
desk_still,4286,214,0.1809,-0.0654,0.9231,-4.66,-0.28,-0.59,0.9429,0.0571
desk_still,4298,226,0.1826,-0.0710,0.9263,-4.79,-0.34,-0.63,0.9468,0.0532
desk_still,4310,238,0.1809,-0.0652,0.9258,-4.86,-0.41,-0.84,0.9455,0.0545
desk_still,4322,250,0.1741,-0.0693,0.9292,-4.93,-0.12,-0.64,0.9479,0.0521
desk_still,4355,283,0.1758,-0.0674,0.9268,-4.73,-0.42,-0.79,0.9457,0.0543
desk_still,4367,295,0.1753,-0.0701,0.9312,-4.92,-0.21,-0.73,0.9501,0.0499
desk_still,4379,307,0.1753,-0.0596,0.9280,-4.93,-0.37,-0.69,0.9463,0.0537
desk_still,4391,319,0.1782,-0.0669,0.9229,-4.87,-0.18,-0.86,0.9423,0.0577
desk_still,4403,331,0.1736,-0.0686,0.9297,-4.76,-0.15,-0.89,0.9482,0.0518
desk_still,4415,343,0.1741,-0.0654,0.9185,-4.87,-0.19,-0.58,0.9371,0.0629
desk_still,4427,355,0.1736,-0.0786,0.9299,-4.66,-0.23,-0.63,0.9493,0.0507
desk_still,4439,367,0.1804,-0.0654,0.9287,-5.13,-0.09,-0.81,0.9483,0.0517
desk_still,4451,379,0.1833,-0.0681,0.9290,-4.79,-0.27,-0.73,0.9493,0.0507
desk_still,4463,391,0.1829,-0.0659,0.9307,-5.02,-0.37,-0.57,0.9507,0.0493
desk_still,4519,447,0.1675,-0.0640,0.9265,-4.88,-0.20,-0.84,0.9437,0.0563
desk_still,4531,459,0.1746,-0.0632,0.9314,-4.88,-0.28,-0.76,0.9497,0.0503
desk_still,4543,471,0.1726,-0.0647,0.9202,-4.96,-0.27,-0.68,0.9384,0.0616
desk_still,4555,483,0.1711,-0.0647,0.9307,-4.93,-0.24,-0.79,0.9485,0.0515
desk_still,4567,495,0.1731,-0.0686,0.9268,-4.84,-0.13,-0.66,0.9453,0.0547
desk_still,4579,507,0.1790,-0.0686,0.9275,-4.60,-0.15,-0.79,0.9471,0.0529
desk_still,4591,519,0.1799,-0.0725,0.9260,-4.55,-0.08,-1.03,0.9461,0.0539
desk_still,4603,531,0.1755,-0.0686,0.9290,-4.86,-0.26,-1.00,0.9479,0.0521
desk_still,4615,543,0.1741,-0.0667,0.9165,-4.99,-0.21,-0.74,0.9353,0.0647
desk_still,4627,555,0.1829,-0.0657,0.9299,-4.82,-0.12,-0.86,0.9500,0.0500
desk_still,4660,588,0.1814,-0.0684,0.9324,-4.98,-0.34,-0.66,0.9523,0.0477
desk_still,4672,600,0.1772,-0.0659,0.9324,-5.10,-0.15,-0.78,0.9514,0.0486
desk_still,4684,612,0.1772,-0.0613,0.9324,-4.79,-0.15,-0.70,0.9510,0.0490
desk_still,4696,624,0.1719,-0.0645,0.9219,-4.96,-0.06,-0.72,0.9400,0.0600
desk_still,4708,636,0.1755,-0.0654,0.9272,-4.82,-0.13,-0.73,0.9460,0.0540
desk_still,4720,648,0.1743,-0.0645,0.9324,-4.87,-0.08,-0.73,0.9507,0.0493
desk_still,4732,660,0.1758,-0.0679,0.9282,-4.82,-0.31,-0.67,0.9472,0.0528
desk_still,4744,672,0.1724,-0.0691,0.9231,-4.80,-0.29,-0.66,0.9416,0.0584
desk_still,4756,684,0.1772,-0.0632,0.9255,-4.84,-0.21,-0.73,0.9445,0.0555
desk_still,4768,696,0.1760,-0.0679,0.9324,-4.79,-0.30,-0.76,0.9513,0.0487
desk_still,4796,724,0.1804,-0.0671,0.9390,-4.77,-0.02,-0.84,0.9585,0.0415
desk_still,4808,736,0.1738,-0.0708,0.9238,-4.77,0.01,-0.70,0.9427,0.0573
desk_still,4820,748,0.1758,-0.0698,0.9185,-4.61,-0.11,-0.59,0.9377,0.0623
desk_still,4832,760,0.1807,-0.0698,0.9307,-4.85,-0.35,-0.82,0.9506,0.0494
desk_still,4844,772,0.1782,-0.0654,0.9270,-4.80,-0.31,-0.89,0.9462,0.0538
desk_still,4856,784,0.1804,-0.0688,0.9299,-4.82,-0.37,-0.52,0.9498,0.0502
desk_still,4868,796,0.1760,-0.0640,0.9285,-4.98,-0.25,-0.59,0.9472,0.0528
desk_still,4880,808,0.1765,-0.0623,0.9275,-4.78,-0.21,-0.69,0.9462,0.0538
desk_still,4892,820,0.1814,-0.0630,0.9265,-4.76,-0.18,-0.68,0.9462,0.0538
desk_still,4904,832,0.1746,-0.0659,0.9297,-4.81,-0.17,-0.69,0.9482,0.0518
desk_still,4932,860,0.1777,-0.0664,0.9341,-5.05,-0.25,-0.60,0.9532,0.0468
desk_still,4944,872,0.1821,-0.0642,0.9314,-4.80,-0.24,-0.74,0.9512,0.0488
desk_still,4956,884,0.1777,-0.0720,0.9297,-4.92,-0.19,-0.77,0.9493,0.0507
desk_still,4968,896,0.1814,-0.0642,0.9282,-4.95,-0.40,-0.90,0.9480,0.0520
desk_still,4980,908,0.1724,-0.0703,0.9167,-4.92,-0.15,-0.56,0.9355,0.0645
desk_still,4992,920,0.1807,-0.0676,0.9231,-4.70,-0.21,-0.60,0.9430,0.0570
desk_still,5004,932,0.1741,-0.0669,0.9243,-4.76,-0.34,-0.74,0.9429,0.0571
desk_still,5016,944,0.1694,-0.0667,0.9307,-4.88,-0.40,-0.72,0.9483,0.0517
desk_still,5028,956,0.1804,-0.0613,0.9333,-4.97,-0.21,-0.49,0.9526,0.0474
desk_still,5040,968,0.1768,-0.0679,0.9277,-4.98,-0.11,-0.60,0.9469,0.0531
desk_still,5073,1001,0.1772,-0.0669,0.9319,-4.86,-0.16,-0.95,0.9509,0.0491
desk_still,5085,1013,0.1768,-0.0652,0.9316,-4.89,-0.15,-0.76,0.9505,0.0495
desk_still,5097,1025,0.1760,-0.0708,0.9263,-4.86,-0.13,-0.50,0.9455,0.0545
desk_still,5109,1037,0.1738,-0.0725,0.9277,-5.06,-0.08,-0.73,0.9467,0.0533
desk_still,5121,1049,0.1777,-0.0718,0.9263,-4.95,-0.02,-0.85,0.9459,0.0541
desk_still,5133,1061,0.1738,-0.0627,0.9250,-5.05,-0.12,-0.64,0.9433,0.0567
desk_still,5145,1073,0.1741,-0.0684,0.9399,-4.60,-0.25,-0.73,0.9584,0.0416
desk_still,5157,1085,0.1748,-0.0618,0.9299,-5.02,-0.19,-0.62,0.9482,0.0518
desk_still,5169,1097,0.1707,-0.0681,0.9304,-4.70,-0.03,-0.57,0.9484,0.0516
desk_still,5181,1109,0.1792,-0.0674,0.9216,-4.96,-0.21,-0.50,0.9413,0.0587
desk_still,5209,1137,0.1670,-0.0701,0.9272,-4.75,-0.37,-0.69,0.9448,0.0552
desk_still,5221,1149,0.1758,-0.0664,0.9255,-4.85,-0.07,-0.60,0.9444,0.0556
desk_still,5233,1161,0.1741,-0.0679,0.9265,-4.94,-0.14,-0.53,0.9452,0.0548
desk_still,5245,1173,0.1792,-0.0635,0.9246,-4.95,-0.15,-0.85,0.9439,0.0561
desk_still,5257,1185,0.1758,-0.0649,0.9304,-4.98,-0.24,-0.73,0.9491,0.0509
desk_still,5269,1197,0.1758,-0.0671,0.9255,-4.79,0.02,-0.68,0.9445,0.0555
desk_still,5281,1209,0.1741,-0.0659,0.9336,-4.77,-0.36,-0.56,0.9520,0.0480
desk_still,5293,1221,0.1760,-0.0632,0.9270,-4.93,-0.06,-0.53,0.9457,0.0543
desk_still,5305,1233,0.1775,-0.0669,0.9299,-4.71,-0.08,-0.60,0.9491,0.0509
desk_still,5317,1245,0.1819,-0.0757,0.9229,-4.96,-0.08,-0.69,0.9436,0.0564
desk_still,5350,1278,0.1746,-0.0703,0.9302,-4.85,-0.14,-0.83,0.9490,0.0510
desk_still,5362,1290,0.1746,-0.0662,0.9268,-4.86,-0.24,-0.64,0.9454,0.0546
desk_still,5374,1302,0.1711,-0.0652,0.9219,-4.73,-0.23,-0.73,0.9399,0.0601
desk_still,5386,1314,0.1777,-0.0647,0.9202,-4.92,-0.25,-0.59,0.9394,0.0606
desk_still,5398,1326,0.1753,-0.0623,0.9297,-4.92,-0.15,-0.78,0.9481,0.0519
desk_still,5410,1338,0.1780,-0.0637,0.9250,-4.96,-0.21,-0.65,0.9442,0.0558
desk_still,5422,1350,0.1753,-0.0657,0.9238,-4.80,-0.08,-0.86,0.9426,0.0574
desk_still,5434,1362,0.1768,-0.0652,0.9348,-5.05,-0.23,-0.89,0.9536,0.0464
desk_still,5446,1374,0.1775,-0.0691,0.9287,-4.89,-0.24,-0.47,0.9480,0.0520
desk_still,5458,1386,0.1804,-0.0664,0.9282,-4.90,-0.21,-0.67,0.9479,0.0521
desk_still,5515,1443,0.1777,-0.0662,0.9255,-5.01,-0.09,-0.65,0.9448,0.0552
desk_still,5527,1455,0.1709,-0.0659,0.9307,-4.85,-0.31,-0.71,0.9485,0.0515
desk_still,5539,1467,0.1765,-0.0586,0.9287,-5.14,-0.05,-0.68,0.9472,0.0528
desk_still,5551,1479,0.1758,-0.0669,0.9246,-4.79,-0.23,-0.53,0.9435,0.0565
desk_still,5563,1491,0.1726,-0.0725,0.9216,-5.00,-0.12,-0.68,0.9405,0.0595
desk_still,5575,1503,0.1738,-0.0676,0.9307,-4.85,-0.11,-0.62,0.9492,0.0508
desk_still,5587,1515,0.1726,-0.0667,0.9316,-4.93,-0.20,-0.74,0.9498,0.0502
desk_still,5599,1527,0.1760,-0.0676,0.9275,-4.76,-0.32,-0.96,0.9465,0.0535
desk_still,5611,1539,0.1775,-0.0669,0.9265,-4.98,-0.23,-0.85,0.9457,0.0543
desk_still,5623,1551,0.1750,-0.0706,0.9233,-4.98,-0.18,-0.77,0.9424,0.0576
desk_still,5680,1608,0.1770,-0.0674,0.9282,-4.86,-0.31,-0.65,0.9473,0.0527
desk_still,5692,1620,0.1726,-0.0684,0.9277,-4.86,-0.31,-0.71,0.9461,0.0539
desk_still,5704,1632,0.1807,-0.0708,0.9241,-5.00,0.01,-0.70,0.9442,0.0558
desk_still,5716,1644,0.1763,-0.0676,0.9229,-4.86,-0.21,-0.65,0.9420,0.0580
desk_still,5728,1656,0.1763,-0.0664,0.9333,-4.89,-0.27,-0.78,0.9522,0.0478
desk_still,5740,1668,0.1682,-0.0664,0.9253,-4.73,-0.18,-0.60,0.9428,0.0572
desk_still,5752,1680,0.1809,-0.0671,0.9324,-5.02,-0.01,-0.50,0.9521,0.0479
desk_still,5764,1692,0.1726,-0.0613,0.9231,-4.98,-0.37,-0.87,0.9411,0.0589
desk_still,5776,1704,0.1765,-0.0667,0.9285,-4.92,-0.08,-0.43,0.9474,0.0526
desk_still,5788,1716,0.1716,-0.0640,0.9265,-4.88,-0.24,-0.75,0.9444,0.0556
desk_still,5820,1748,0.1692,-0.0637,0.9236,-4.83,-0.14,-0.73,0.9411,0.0589
desk_still,5832,1760,0.1843,-0.0652,0.9319,-4.89,-0.09,-0.53,0.9522,0.0478
desk_still,5844,1772,0.1731,-0.0691,0.9319,-4.95,-0.08,-0.88,0.9503,0.0497
desk_still,5856,1784,0.1792,-0.0632,0.9214,-4.69,-0.17,-0.73,0.9408,0.0592
desk_still,5868,1796,0.1760,-0.0688,0.9243,-4.85,-0.17,-0.72,0.9434,0.0566
desk_still,5880,1808,0.1780,-0.0652,0.9268,-5.02,-0.24,-0.41,0.9459,0.0541
desk_still,5892,1820,0.1746,-0.0640,0.9246,-4.82,-0.34,-0.67,0.9431,0.0569
desk_still,5904,1832,0.1777,-0.0649,0.9324,-4.83,-0.27,-0.92,0.9514,0.0486
desk_still,5916,1844,0.1770,-0.0691,0.9192,-4.76,-0.24,-0.75,0.9386,0.0614
desk_still,5928,1856,0.1775,-0.0674,0.9172,-4.88,-0.31,-0.58,0.9367,0.0633
desk_still,5961,1889,0.1736,-0.0676,0.9180,-4.72,-0.34,-0.76,0.9367,0.0633
desk_still,5973,1901,0.1729,-0.0686,0.9275,-4.70,-0.25,-0.72,0.9460,0.0540
desk_still,5985,1913,0.1741,-0.0706,0.9211,-4.72,-0.22,-0.72,0.9401,0.0599
desk_still,5997,1925,0.1689,-0.0608,0.9250,-4.82,-0.09,-0.77,0.9423,0.0577
desk_still,6009,1937,0.1758,-0.0667,0.9348,-4.73,-0.08,-0.63,0.9535,0.0465
desk_still,6021,1949,0.1802,-0.0654,0.9282,-4.93,-0.12,-0.85,0.9478,0.0522
desk_still,6033,1961,0.1816,-0.0728,0.9292,-4.68,-0.32,-0.79,0.9496,0.0504
desk_still,6045,1973,0.1794,-0.0662,0.9319,-4.73,-0.25,-0.66,0.9513,0.0487
desk_still,6057,1985,0.1753,-0.0667,0.9297,-4.88,-0.35,-0.57,0.9484,0.0516
desk_still,6069,1997,0.1753,-0.0686,0.9192,-4.80,-0.32,-0.76,0.9383,0.0617
desk_still,6097,2025,0.1753,-0.0662,0.9258,-4.80,-0.13,-0.79,0.9446,0.0554
desk_still,6109,2037,0.1738,-0.0693,0.9185,-4.85,-0.27,-0.46,0.9373,0.0627
desk_still,6121,2049,0.1772,-0.0642,0.9343,-4.78,-0.18,-0.60,0.9532,0.0468
desk_still,6133,2061,0.1753,-0.0708,0.9373,-4.87,-0.11,-0.79,0.9561,0.0439
desk_still,6145,2073,0.1702,-0.0684,0.9358,-4.98,-0.19,-0.97,0.9536,0.0464
desk_still,6157,2085,0.1750,-0.0728,0.9224,-4.86,-0.05,-0.79,0.9416,0.0584
desk_still,6169,2097,0.1750,-0.0686,0.9219,-4.98,-0.18,-0.72,0.9409,0.0591
desk_still,6181,2109,0.1812,-0.0630,0.9255,-4.98,-0.29,-0.74,0.9452,0.0548
desk_still,6193,2121,0.1799,-0.0703,0.9253,-4.77,-0.24,-0.56,0.9452,0.0548
desk_still,6205,2133,0.1721,-0.0659,0.9387,-4.95,-0.30,-0.60,0.9566,0.0434
desk_still,6238,2166,0.1763,-0.0615,0.9236,-4.82,-0.17,-0.66,0.9423,0.0577
desk_still,6250,2178,0.1814,-0.0698,0.9282,-4.61,-0.46,-0.69,0.9484,0.0516
desk_still,6262,2190,0.1743,-0.0681,0.9290,-4.65,-0.21,-0.56,0.9476,0.0524
desk_still,6274,2202,0.1785,-0.0652,0.9304,-4.91,-0.20,-0.78,0.9496,0.0504
desk_still,6286,2214,0.1794,-0.0647,0.9268,-4.81,-0.11,-0.72,0.9462,0.0538
desk_still,6298,2226,0.1804,-0.0642,0.9272,-4.73,-0.06,-0.82,0.9468,0.0532
desk_still,6310,2238,0.1829,-0.0681,0.9280,-4.70,-0.15,-0.47,0.9483,0.0517
desk_still,6322,2250,0.1772,-0.0635,0.9258,-5.15,-0.10,-0.71,0.9447,0.0553
desk_still,6334,2262,0.1772,-0.0669,0.9321,-4.85,-0.26,-0.73,0.9512,0.0488
desk_still,6346,2274,0.1716,-0.0654,0.9319,-4.79,-0.24,-0.75,0.9498,0.0502
desk_still,6405,2333,0.1746,-0.0674,0.9285,-4.85,-0.18,-0.62,0.9471,0.0529
desk_still,6417,2345,0.1753,-0.0664,0.9294,-4.82,-0.26,-0.61,0.9482,0.0518
desk_still,6429,2357,0.1873,-0.0674,0.9385,-4.83,-0.13,-0.88,0.9593,0.0407
desk_still,6441,2369,0.1836,-0.0657,0.9373,-4.92,-0.14,-0.70,0.9573,0.0427
desk_still,6453,2381,0.1792,-0.0662,0.9329,-4.92,-0.15,-0.85,0.9522,0.0478
desk_still,6465,2393,0.1765,-0.0667,0.9292,-4.74,-0.34,-0.63,0.9482,0.0518
desk_still,6477,2405,0.1729,-0.0662,0.9324,-4.85,-0.09,-0.54,0.9506,0.0494
desk_still,6489,2417,0.1819,-0.0674,0.9321,-4.90,-0.23,-0.56,0.9521,0.0479
desk_still,6501,2429,0.1799,-0.0652,0.9329,-4.75,-0.24,-0.53,0.9523,0.0477
desk_still,6513,2441,0.1714,-0.0657,0.9272,-4.86,-0.25,-0.69,0.9452,0.0548
desk_still,6553,2481,0.1772,-0.0654,0.9290,-4.97,-0.10,-0.33,0.9480,0.0520
desk_still,6565,2493,0.1738,-0.0664,0.9319,-4.81,-0.15,-0.50,0.9503,0.0497
desk_still,6577,2505,0.1770,-0.0645,0.9316,-4.86,-0.16,-0.77,0.9505,0.0495
desk_still,6589,2517,0.1755,-0.0696,0.9370,-4.86,-0.31,-0.66,0.9558,0.0442
desk_still,6601,2529,0.1794,-0.0701,0.9229,-4.86,-0.05,-0.67,0.9427,0.0573
desk_still,6613,2541,0.1785,-0.0649,0.9236,-4.84,-0.27,-0.50,0.9429,0.0571
desk_still,6625,2553,0.1804,-0.0679,0.9333,-4.85,-0.09,-0.52,0.9530,0.0470
desk_still,6637,2565,0.1787,-0.0654,0.9341,-4.83,-0.27,-0.95,0.9533,0.0467
desk_still,6649,2577,0.1731,-0.0632,0.9250,-4.88,-0.26,-0.84,0.9432,0.0568
desk_still,6661,2589,0.1758,-0.0576,0.9263,-4.76,-0.16,-0.67,0.9446,0.0554
desk_still,6694,2622,0.1775,-0.0674,0.9204,-4.91,-0.24,-0.50,0.9398,0.0602
desk_still,6706,2634,0.1704,-0.0686,0.9238,-4.91,-0.06,-0.69,0.9419,0.0581
desk_still,6718,2646,0.1748,-0.0642,0.9268,-4.88,0.02,-0.75,0.9453,0.0547
desk_still,6730,2658,0.1741,-0.0693,0.9321,-4.88,-0.08,-0.60,0.9508,0.0492
desk_still,6742,2670,0.1736,-0.0647,0.9324,-5.02,0.02,-0.53,0.9506,0.0494
desk_still,6754,2682,0.1726,-0.0676,0.9233,-4.86,-0.23,-0.83,0.9418,0.0582
desk_still,6766,2694,0.1726,-0.0627,0.9346,-4.84,-0.16,-0.56,0.9524,0.0476
desk_still,6778,2706,0.1799,-0.0632,0.9260,-4.86,-0.15,-0.76,0.9455,0.0545
desk_still,6790,2718,0.1782,-0.0642,0.9233,-4.81,-0.18,-0.79,0.9426,0.0574
desk_still,6802,2730,0.1768,-0.0586,0.9319,-5.02,-0.27,-0.60,0.9503,0.0497
desk_still,6842,2770,0.1780,-0.0681,0.9263,-4.89,-0.18,-0.51,0.9457,0.0543
desk_still,6854,2782,0.1807,-0.0684,0.9187,-4.98,-0.40,-0.69,0.9388,0.0612
desk_still,6866,2794,0.1794,-0.0676,0.9309,-4.78,-0.18,-0.71,0.9505,0.0495
desk_still,6878,2806,0.1770,-0.0667,0.9280,-4.73,-0.37,-0.48,0.9471,0.0529
desk_still,6890,2818,0.1714,-0.0608,0.9250,-4.77,-0.06,-0.80,0.9428,0.0572
desk_still,6902,2830,0.1780,-0.0747,0.9263,-4.69,0.03,-0.86,0.9462,0.0538
desk_still,6914,2842,0.1792,-0.0715,0.9309,-5.01,-0.01,-0.77,0.9507,0.0493
desk_still,6926,2854,0.1790,-0.0625,0.9265,-4.91,0.04,-0.58,0.9457,0.0543
desk_still,6938,2866,0.1780,-0.0667,0.9265,-4.80,-0.20,-0.64,0.9458,0.0542
desk_still,6950,2878,0.1716,-0.0671,0.9241,-4.89,-0.40,-0.63,0.9423,0.0577
desk_still,6983,2911,0.1729,-0.0730,0.9312,-4.99,-0.21,-0.87,0.9499,0.0501
desk_still,6995,2923,0.1772,-0.0637,0.9370,-5.05,-0.26,-0.79,0.9558,0.0442
desk_still,7007,2935,0.1746,-0.0576,0.9260,-4.92,-0.18,-0.63,0.9441,0.0559
desk_still,7019,2947,0.1770,-0.0654,0.9292,-4.77,-0.14,-0.67,0.9482,0.0518
desk_still,7031,2959,0.1777,-0.0684,0.9407,-4.95,-0.27,-0.64,0.9598,0.0402
desk_still,7043,2971,0.1726,-0.0657,0.9270,-5.02,-0.22,-0.85,0.9452,0.0548
desk_still,7055,2983,0.1790,-0.0696,0.9314,-4.89,-0.08,-0.76,0.9510,0.0490
desk_still,7067,2995,0.1772,-0.0710,0.9224,-4.90,-0.05,-0.54,0.9419,0.0581
desk_still,7079,3007,0.1748,-0.0642,0.9292,-4.99,-0.12,-0.75,0.9477,0.0523
desk_still,7091,3019,0.1809,-0.0698,0.9277,-4.94,-0.29,-0.80,0.9478,0.0522
desk_still,7131,3059,0.1777,-0.0676,0.9280,-4.73,-0.15,-0.82,0.9473,0.0527
desk_still,7143,3071,0.1758,-0.0686,0.9250,-4.87,-0.21,-0.53,0.9441,0.0559
desk_still,7155,3083,0.1772,-0.0706,0.9343,-4.85,-0.32,-0.64,0.9536,0.0464
desk_still,7167,3095,0.1716,-0.0662,0.9302,-4.89,-0.26,-0.47,0.9482,0.0518
desk_still,7179,3107,0.1772,-0.0623,0.9292,-4.85,-0.31,-0.69,0.9480,0.0520
desk_still,7191,3119,0.1748,-0.0659,0.9326,-4.60,-0.11,-0.60,0.9511,0.0489
desk_still,7203,3131,0.1709,-0.0627,0.9238,-4.98,-0.02,-0.57,0.9416,0.0584
desk_still,7215,3143,0.1794,-0.0674,0.9185,-4.87,-0.39,-0.60,0.9382,0.0618
desk_still,7227,3155,0.1772,-0.0632,0.9253,-4.98,-0.23,-0.72,0.9442,0.0558
desk_still,7239,3167,0.1721,-0.0659,0.9275,-4.99,-0.40,-0.73,0.9456,0.0544
desk_still,7302,3230,0.1770,-0.0674,0.9268,-4.86,-0.16,-0.49,0.9459,0.0541
desk_still,7314,3242,0.1772,-0.0662,0.9280,-4.88,-0.23,-0.88,0.9471,0.0529
desk_still,7326,3254,0.1748,-0.0725,0.9287,-4.79,-0.04,-0.74,0.9478,0.0522
desk_still,7338,3266,0.1716,-0.0679,0.9250,-4.90,-0.21,-0.76,0.9433,0.0567
desk_still,7350,3278,0.1724,-0.0698,0.9282,-4.90,-0.24,-0.44,0.9467,0.0533
desk_still,7362,3290,0.1689,-0.0652,0.9233,-4.81,-0.27,-0.73,0.9409,0.0591
desk_still,7374,3302,0.1736,-0.0688,0.9165,-4.82,-0.18,-0.92,0.9353,0.0647
desk_still,7386,3314,0.1719,-0.0664,0.9331,-4.75,-0.28,-0.61,0.9511,0.0489
desk_still,7398,3326,0.1750,-0.0593,0.9255,-4.79,-0.26,-0.51,0.9438,0.0562
desk_still,7410,3338,0.1804,-0.0649,0.9302,-4.95,-0.08,-0.66,0.9497,0.0503
desk_still,7455,3383,0.1768,-0.0591,0.9241,-4.94,-0.14,-0.48,0.9427,0.0573
desk_still,7467,3395,0.1768,-0.0681,0.9253,-4.83,-0.34,-0.74,0.9445,0.0555
desk_still,7479,3407,0.1667,-0.0703,0.9292,-4.95,-0.23,-0.62,0.9467,0.0533
desk_still,7491,3419,0.1733,-0.0664,0.9336,-4.79,-0.27,-0.56,0.9519,0.0481
desk_still,7503,3431,0.1716,-0.0718,0.9270,-4.76,-0.34,-0.76,0.9455,0.0545
desk_still,7515,3443,0.1753,-0.0627,0.9319,-4.73,-0.24,-0.53,0.9503,0.0497
desk_still,7527,3455,0.1714,-0.0681,0.9282,-4.97,-0.29,-0.66,0.9464,0.0536
desk_still,7539,3467,0.1755,-0.0566,0.9326,-5.02,-0.31,-0.50,0.9507,0.0493
desk_still,7551,3479,0.1780,-0.0566,0.9233,-4.81,-0.05,-0.93,0.9420,0.0580
desk_still,7563,3491,0.1802,-0.0649,0.9204,-4.78,-0.17,-0.82,0.9401,0.0599
desk_still,7596,3524,0.1790,-0.0706,0.9282,-5.21,-0.15,-0.65,0.9479,0.0521
desk_still,7608,3536,0.1853,-0.0640,0.9229,-4.98,-0.11,-0.71,0.9434,0.0566
desk_still,7620,3548,0.1826,-0.0735,0.9292,-5.10,-0.12,-0.76,0.9498,0.0502
desk_still,7632,3560,0.1753,-0.0693,0.9258,-5.02,-0.24,-0.82,0.9448,0.0552
desk_still,7644,3572,0.1785,-0.0652,0.9270,-4.96,-0.20,-0.42,0.9463,0.0537
desk_still,7656,3584,0.1763,-0.0681,0.9294,-4.89,-0.09,-0.50,0.9485,0.0515
desk_still,7668,3596,0.1770,-0.0623,0.9321,-4.75,-0.22,-0.85,0.9508,0.0492
desk_still,7680,3608,0.1758,-0.0701,0.9260,-4.79,-0.21,-0.95,0.9452,0.0548
desk_still,7692,3620,0.1807,-0.0627,0.9280,-4.77,-0.13,-0.50,0.9475,0.0525
desk_still,7704,3632,0.1733,-0.0601,0.9224,-5.00,-0.27,-0.77,0.9404,0.0596
desk_still,7744,3672,0.1741,-0.0645,0.9199,-4.76,-0.19,-0.84,0.9385,0.0615
desk_still,7756,3684,0.1755,-0.0664,0.9412,-5.01,-0.34,-0.80,0.9597,0.0403
desk_still,7768,3696,0.1785,-0.0693,0.9187,-4.95,-0.29,-0.84,0.9384,0.0616
desk_still,7780,3708,0.1763,-0.0620,0.9258,-4.86,-0.15,-0.78,0.9445,0.0555
desk_still,7792,3720,0.1780,-0.0701,0.9272,-4.88,-0.34,-0.66,0.9468,0.0532
desk_still,7804,3732,0.1836,-0.0649,0.9211,-4.83,-0.40,-0.63,0.9415,0.0585
desk_still,7816,3744,0.1724,-0.0627,0.9290,-4.92,-0.25,-0.89,0.9469,0.0531
desk_still,7828,3756,0.1802,-0.0625,0.9309,-4.60,-0.09,-0.66,0.9502,0.0498
desk_still,7840,3768,0.1743,-0.0649,0.9189,-5.05,-0.14,-0.49,0.9376,0.0624
desk_still,7852,3780,0.1729,-0.0635,0.9277,-4.90,-0.08,-0.60,0.9458,0.0542
desk_still,7885,3813,0.1772,-0.0635,0.9314,-4.85,-0.06,-0.79,0.9502,0.0498
desk_still,7897,3825,0.1685,-0.0640,0.9211,-4.87,-0.15,-0.65,0.9386,0.0614
desk_still,7909,3837,0.1760,-0.0720,0.9285,-4.76,-0.11,-0.79,0.9477,0.0523
desk_still,7921,3849,0.1733,-0.0688,0.9285,-4.91,-0.10,-0.60,0.9470,0.0530
desk_still,7933,3861,0.1758,-0.0742,0.9255,-4.92,-0.15,-0.58,0.9450,0.0550
desk_still,7945,3873,0.1792,-0.0679,0.9246,-4.93,-0.23,-0.62,0.9442,0.0558
desk_still,7957,3885,0.1785,-0.0710,0.9221,-4.92,-0.11,-0.63,0.9419,0.0581
desk_still,7969,3897,0.1855,-0.0669,0.9260,-4.68,-0.24,-0.69,0.9468,0.0532
desk_still,7981,3909,0.1799,-0.0696,0.9299,-4.95,-0.31,-0.54,0.9497,0.0503
desk_still,7993,3921,0.1770,-0.0693,0.9290,-4.95,-0.16,-0.64,0.9482,0.0518
desk_still,8033,3961,0.1780,-0.0659,0.9265,-4.85,-0.30,-0.44,0.9458,0.0542
desk_still,8045,3973,0.1719,-0.0679,0.9319,-5.00,-0.17,-0.70,0.9500,0.0500
desk_still,8057,3985,0.1760,-0.0654,0.9277,-4.70,-0.05,-0.77,0.9466,0.0534
desk_still,8069,3997,0.1748,-0.0662,0.9321,-4.65,-0.24,-0.69,0.9507,0.0493
desk_still,8081,4009,0.1731,-0.0664,0.9355,-4.76,-0.06,-0.83,0.9537,0.0463
desk_still,8093,4021,0.1724,-0.0630,0.9314,-4.81,-0.23,-0.71,0.9493,0.0507
desk_still,8105,4033,0.1790,-0.0696,0.9231,-4.95,-0.36,-0.73,0.9429,0.0571
desk_still,8117,4045,0.1765,-0.0686,0.9236,-5.02,-0.14,-0.75,0.9428,0.0572
desk_still,8129,4057,0.1736,-0.0720,0.9319,-4.93,-0.34,-0.66,0.9506,0.0494
desk_still,8141,4069,0.1804,-0.0718,0.9294,-4.77,-0.25,-0.85,0.9495,0.0505
desk_still,8174,4102,0.1763,-0.0681,0.9238,-4.76,-0.27,-0.56,0.9430,0.0570
desk_still,8186,4114,0.1807,-0.0681,0.9285,-4.91,-0.29,-0.82,0.9483,0.0517
desk_still,8198,4126,0.1702,-0.0701,0.9238,-4.81,-0.18,-0.69,0.9420,0.0580
desk_still,8210,4138,0.1763,-0.0608,0.9270,-4.76,-0.15,-0.61,0.9456,0.0544
desk_still,8222,4150,0.1824,-0.0679,0.9224,-4.89,-0.15,-0.63,0.9427,0.0573
desk_still,8234,4162,0.1748,-0.0652,0.9292,-4.88,-0.12,-0.58,0.9477,0.0523
desk_still,8246,4174,0.1726,-0.0671,0.9302,-5.01,-0.15,-0.57,0.9484,0.0516
desk_still,8258,4186,0.1772,-0.0679,0.9297,-4.84,-0.22,-0.50,0.9489,0.0511
desk_still,8270,4198,0.1650,-0.0618,0.9358,-4.82,-0.38,-0.71,0.9522,0.0478
desk_still,8282,4210,0.1709,-0.0647,0.9314,-4.95,-0.21,-0.76,0.9492,0.0508
desk_still,8322,4250,0.1707,-0.0667,0.9270,-4.92,-0.21,-0.92,0.9449,0.0551
desk_still,8334,4262,0.1746,-0.0671,0.9324,-4.79,-0.25,-0.42,0.9509,0.0491
desk_still,8346,4274,0.1746,-0.0725,0.9270,-4.78,-0.24,-0.58,0.9461,0.0539
desk_still,8358,4286,0.1782,-0.0623,0.9294,-4.75,-0.15,-0.82,0.9484,0.0516
desk_still,8370,4298,0.1833,-0.0684,0.9224,-4.83,-0.02,-0.80,0.9429,0.0571
desk_still,8382,4310,0.1777,-0.0596,0.9219,-4.85,-0.24,-0.58,0.9407,0.0593
desk_still,8394,4322,0.1758,-0.0679,0.9282,-4.82,-0.07,-0.71,0.9472,0.0528
desk_still,8406,4334,0.1772,-0.0591,0.9307,-4.87,-0.21,-0.93,0.9492,0.0508
desk_still,8418,4346,0.1780,-0.0608,0.9253,-4.88,-0.23,-0.66,0.9442,0.0558
desk_still,8430,4358,0.1814,-0.0667,0.9282,-4.94,0.02,-0.58,0.9481,0.0519
desk_still,8463,4391,0.1760,-0.0674,0.9248,-4.64,-0.31,-0.81,0.9438,0.0562
desk_still,8475,4403,0.1738,-0.0696,0.9275,-4.62,-0.34,-0.69,0.9462,0.0538
desk_still,8487,4415,0.1726,-0.0647,0.9380,-4.82,-0.35,-0.86,0.9559,0.0441
desk_still,8499,4427,0.1685,-0.0688,0.9316,-4.98,-0.31,-0.69,0.9492,0.0508
desk_still,8511,4439,0.1719,-0.0635,0.9299,-4.79,-0.17,-0.56,0.9478,0.0522
desk_still,8523,4451,0.1768,-0.0640,0.9302,-5.08,-0.23,-0.81,0.9490,0.0510
desk_still,8535,4463,0.1741,-0.0632,0.9329,-4.80,-0.18,-0.69,0.9511,0.0489
desk_still,8547,4475,0.1753,-0.0681,0.9229,-4.82,-0.11,-0.60,0.9418,0.0582
desk_still,8559,4487,0.1792,-0.0679,0.9263,-4.73,-0.10,-0.50,0.9459,0.0541
desk_still,8571,4499,0.1792,-0.0659,0.9270,-4.92,-0.29,-0.63,0.9465,0.0535
desk_still,8611,4539,0.1785,-0.0684,0.9285,-4.56,-0.18,-0.86,0.9479,0.0521
desk_still,8623,4551,0.1829,-0.0684,0.9219,-4.85,-0.26,-0.73,0.9423,0.0577
desk_still,8635,4563,0.1821,-0.0667,0.9202,-4.85,-0.27,-0.79,0.9404,0.0596
desk_still,8647,4575,0.1748,-0.0613,0.9287,-4.79,-0.07,-0.70,0.9470,0.0530
desk_still,8659,4587,0.1775,-0.0708,0.9214,-4.92,-0.11,-0.79,0.9410,0.0590
desk_still,8671,4599,0.1748,-0.0669,0.9185,-4.86,-0.20,-0.73,0.9373,0.0627
desk_still,8683,4611,0.1794,-0.0706,0.9304,-4.79,-0.20,-0.50,0.9502,0.0498
desk_still,8695,4623,0.1711,-0.0632,0.9287,-5.07,-0.34,-0.92,0.9465,0.0535
desk_still,8707,4635,0.1816,-0.0642,0.9170,-4.76,-0.18,-1.00,0.9370,0.0630
desk_still,8719,4647,0.1819,-0.0691,0.9285,-4.80,-0.19,-0.63,0.9486,0.0514
desk_still,8752,4680,0.1746,-0.0593,0.9409,-5.01,-0.34,-0.68,0.9588,0.0412
desk_still,8764,4692,0.1829,-0.0703,0.9255,-4.82,-0.18,-0.66,0.9460,0.0540
desk_still,8776,4704,0.1777,-0.0652,0.9326,-4.77,-0.20,-0.57,0.9516,0.0484
desk_still,8788,4716,0.1831,-0.0681,0.9319,-4.76,-0.26,-0.56,0.9521,0.0479
desk_still,8800,4728,0.1760,-0.0581,0.9404,-4.66,-0.24,-0.65,0.9585,0.0415
desk_still,8812,4740,0.1792,-0.0649,0.9268,-4.76,-0.31,-0.83,0.9462,0.0538
desk_still,8824,4752,0.1758,-0.0635,0.9275,-4.95,-0.20,-0.68,0.9461,0.0539
desk_still,8836,4764,0.1848,-0.0669,0.9260,-4.62,-0.09,-0.52,0.9467,0.0533
desk_still,8848,4776,0.1753,-0.0693,0.9263,-4.72,-0.11,-0.73,0.9453,0.0547
desk_still,8860,4788,0.1741,-0.0676,0.9348,-4.84,-0.13,-0.63,0.9533,0.0467
desk_still,8923,4851,0.1755,-0.0664,0.9219,-4.89,-0.26,-0.69,0.9408,0.0592
desk_still,8935,4863,0.1765,-0.0669,0.9268,-5.01,-0.21,-0.77,0.9458,0.0542
desk_still,8947,4875,0.1760,-0.0688,0.9248,-4.83,-0.36,-0.56,0.9439,0.0561
desk_still,8959,4887,0.1729,-0.0696,0.9314,-4.87,-0.17,-0.69,0.9499,0.0501
desk_still,8971,4899,0.1755,-0.0745,0.9272,-4.88,-0.37,-0.44,0.9466,0.0534
desk_still,8983,4911,0.1763,-0.0640,0.9290,-4.92,-0.15,-0.76,0.9477,0.0523
desk_still,8995,4923,0.1753,-0.0627,0.9333,-4.82,0.00,-0.69,0.9517,0.0483
desk_still,9007,4935,0.1733,-0.0688,0.9312,-4.96,-0.25,-0.66,0.9496,0.0504
desk_still,9019,4947,0.1753,-0.0676,0.9236,-4.76,-0.15,-0.58,0.9425,0.0575
desk_still,9031,4959,0.1682,-0.0688,0.9380,-5.06,-0.12,-0.61,0.9554,0.0446
desk_still,9077,5005,0.1797,-0.0674,0.9309,-4.91,-0.31,-0.60,0.9505,0.0495
desk_still,9089,5017,0.1680,-0.0708,0.9270,-4.91,-0.18,-0.83,0.9448,0.0552
desk_still,9101,5029,0.1772,-0.0645,0.9346,-4.81,-0.34,-0.78,0.9534,0.0466
desk_still,9113,5041,0.1794,-0.0647,0.9329,-4.73,-0.22,-0.60,0.9522,0.0478
desk_still,9125,5053,0.1768,-0.0671,0.9275,-4.85,-0.05,-0.63,0.9466,0.0534
desk_still,9137,5065,0.1748,-0.0669,0.9214,-4.63,-0.15,-0.79,0.9402,0.0598
desk_still,9149,5077,0.1758,-0.0635,0.9338,-4.92,-0.31,-0.53,0.9524,0.0476
desk_still,9161,5089,0.1777,-0.0640,0.9297,-4.91,-0.10,-0.76,0.9487,0.0513
desk_still,9173,5101,0.1780,-0.0640,0.9277,-5.13,-0.13,-0.71,0.9468,0.0532
desk_still,9185,5113,0.1738,-0.0674,0.9229,-4.82,-0.37,-0.62,0.9415,0.0585
desk_still,9218,5146,0.1758,-0.0674,0.9209,-5.06,-0.16,-0.65,0.9399,0.0601
desk_still,9230,5158,0.1814,-0.0654,0.9441,-5.06,-0.22,-0.70,0.9636,0.0364
desk_still,9242,5170,0.1699,-0.0659,0.9280,-4.91,-0.03,-0.63,0.9457,0.0543
desk_still,9254,5182,0.1746,-0.0693,0.9260,-5.03,-0.19,-0.47,0.9449,0.0551
desk_still,9266,5194,0.1758,-0.0642,0.9207,-4.66,-0.15,-0.70,0.9395,0.0605
desk_still,9278,5206,0.1731,-0.0679,0.9312,-4.78,-0.25,-0.94,0.9495,0.0505
desk_still,9290,5218,0.1746,-0.0708,0.9233,-4.81,-0.42,-0.50,0.9424,0.0576
desk_still,9302,5230,0.1743,-0.0635,0.9368,-5.13,-0.07,-0.67,0.9550,0.0450
desk_still,9314,5242,0.1802,-0.0691,0.9243,-4.76,-0.18,-0.66,0.9442,0.0558
desk_still,9326,5254,0.1729,-0.0662,0.9373,-4.77,-0.17,-0.60,0.9554,0.0446
desk_still,9366,5294,0.1826,-0.0662,0.9292,-4.81,-0.05,-0.70,0.9493,0.0507
desk_still,9378,5306,0.1826,-0.0659,0.9336,-4.91,-0.15,-0.70,0.9536,0.0464
desk_still,9390,5318,0.1780,-0.0684,0.9290,-5.05,-0.16,-0.54,0.9483,0.0517
desk_still,9402,5330,0.1731,-0.0710,0.9299,-5.05,-0.31,-0.58,0.9486,0.0514
desk_still,9414,5342,0.1758,-0.0684,0.9360,-4.73,-0.31,-0.71,0.9548,0.0452
desk_still,9426,5354,0.1760,-0.0652,0.9324,-4.79,-0.31,-0.50,0.9511,0.0489
desk_still,9438,5366,0.1770,-0.0603,0.9290,-4.82,-0.30,-0.50,0.9476,0.0524
desk_still,9450,5378,0.1782,-0.0671,0.9360,-4.89,-0.33,-0.80,0.9552,0.0448
desk_still,9462,5390,0.1755,-0.0654,0.9207,-4.83,-0.27,-0.88,0.9395,0.0605
desk_still,9474,5402,0.1743,-0.0684,0.9282,-4.83,-0.15,-0.65,0.9469,0.0531
desk_still,9507,5435,0.1833,-0.0708,0.9290,-4.74,-0.18,-0.76,0.9495,0.0505
desk_still,9519,5447,0.1758,-0.0671,0.9307,-4.96,-0.22,-0.65,0.9495,0.0505
desk_still,9531,5459,0.1812,-0.0662,0.9309,-4.77,-0.05,-0.66,0.9507,0.0493
desk_still,9543,5471,0.1758,-0.0615,0.9314,-4.97,-0.21,-0.95,0.9498,0.0502
desk_still,9555,5483,0.1787,-0.0681,0.9270,-5.00,-0.06,-0.66,0.9465,0.0535
desk_still,9567,5495,0.1726,-0.0669,0.9255,-4.95,-0.13,-0.72,0.9439,0.0561
desk_still,9579,5507,0.1792,-0.0674,0.9324,-4.65,-0.18,-0.72,0.9518,0.0482
desk_still,9591,5519,0.1748,-0.0676,0.9355,-4.81,-0.27,-0.73,0.9541,0.0459
desk_still,9603,5531,0.1743,-0.0735,0.9255,-4.63,-0.34,-0.82,0.9447,0.0553
desk_still,9615,5543,0.1758,-0.0679,0.9250,-4.96,-0.24,-0.69,0.9440,0.0560
desk_still,9655,5583,0.1768,-0.0645,0.9282,-4.74,-0.32,-0.72,0.9471,0.0529
desk_still,9667,5595,0.1802,-0.0674,0.9280,-4.88,-0.24,-0.64,0.9477,0.0523
desk_still,9679,5607,0.1777,-0.0688,0.9348,-4.92,-0.10,-0.87,0.9540,0.0460
desk_still,9691,5619,0.1733,-0.0669,0.9282,-4.80,-0.11,-0.92,0.9466,0.0534
desk_still,9703,5631,0.1758,-0.0647,0.9321,-4.71,-0.15,-0.76,0.9508,0.0492
desk_still,9715,5643,0.1714,-0.0676,0.9255,-4.85,-0.21,-0.73,0.9437,0.0563
desk_still,9727,5655,0.1746,-0.0676,0.9236,-4.93,-0.23,-0.73,0.9424,0.0576
desk_still,9739,5667,0.1775,-0.0698,0.9236,-4.60,-0.30,-0.56,0.9431,0.0569
desk_still,9751,5679,0.1753,-0.0630,0.9343,-4.88,-0.25,-0.88,0.9527,0.0473
desk_still,9763,5691,0.1814,-0.0664,0.9253,-4.89,-0.15,-0.56,0.9452,0.0548
desk_still,9796,5724,0.1780,-0.0652,0.9316,-5.01,-0.11,-0.53,0.9507,0.0493
desk_still,9808,5736,0.1794,-0.0701,0.9214,-5.03,-0.18,-0.85,0.9413,0.0587
desk_still,9820,5748,0.1804,-0.0630,0.9380,-4.84,-0.14,-0.60,0.9573,0.0427
desk_still,9832,5760,0.1799,-0.0637,0.9182,-4.80,-0.10,-0.56,0.9378,0.0622
desk_still,9844,5772,0.1763,-0.0713,0.9229,-4.95,-0.29,-0.54,0.9422,0.0578
desk_still,9856,5784,0.1799,-0.0698,0.9309,-4.86,-0.11,-0.59,0.9507,0.0493
desk_still,9868,5796,0.1714,-0.0679,0.9197,-4.85,-0.19,-0.43,0.9380,0.0620
desk_still,9880,5808,0.1772,-0.0681,0.9299,-4.94,-0.24,-0.81,0.9491,0.0509
desk_still,9892,5820,0.1758,-0.0723,0.9355,-4.87,-0.11,-0.85,0.9547,0.0453
desk_still,9904,5832,0.1797,-0.0679,0.9246,-5.07,0.06,-0.51,0.9443,0.0557
desk_still,9944,5872,0.1750,-0.0688,0.9290,-4.74,-0.15,-0.77,0.9478,0.0522
desk_still,9956,5884,0.1736,-0.0640,0.9297,-4.78,-0.23,-0.78,0.9479,0.0521
desk_still,9968,5896,0.1746,-0.0635,0.9260,-4.84,-0.15,-0.64,0.9445,0.0555
desk_still,9980,5908,0.1772,-0.0676,0.9272,-4.82,-0.16,-0.76,0.9465,0.0535
desk_still,9992,5920,0.1746,-0.0652,0.9292,-4.95,-0.23,-0.64,0.9477,0.0523
desk_still,10004,5932,0.1775,-0.0679,0.9189,-4.83,-0.18,-0.79,0.9384,0.0616
desk_still,10016,5944,0.1743,-0.0640,0.9331,-4.79,-0.16,-0.66,0.9514,0.0486
desk_still,10028,5956,0.1753,-0.0674,0.9189,-4.98,-0.27,-0.60,0.9379,0.0621
desk_still,10040,5968,0.1729,-0.0652,0.9270,-4.89,-0.29,-0.73,0.9452,0.0548
desk_still,10052,5980,0.1755,-0.0681,0.9287,-4.81,-0.27,-0.53,0.9476,0.0524
desk_still,10085,6013,0.1694,-0.0645,0.9207,-4.94,-0.22,-0.66,0.9383,0.0617
desk_still,10097,6025,0.1738,-0.0698,0.9263,-4.87,-0.19,-0.76,0.9450,0.0550
desk_still,10109,6037,0.1716,-0.0696,0.9224,-4.88,-0.20,-0.87,0.9408,0.0592
desk_still,10121,6049,0.1812,-0.0662,0.9211,-4.68,-0.24,-0.64,0.9411,0.0589
desk_still,10133,6061,0.1807,-0.0671,0.9343,-4.93,-0.09,-0.79,0.9540,0.0460
desk_still,10145,6073,0.1726,-0.0632,0.9294,-4.76,-0.31,-0.74,0.9474,0.0526
desk_still,10157,6085,0.1824,-0.0681,0.9297,-4.81,-0.15,-0.85,0.9499,0.0501
desk_still,10169,6097,0.1843,-0.0647,0.9258,-4.95,-0.14,-0.63,0.9462,0.0538
desk_still,10181,6109,0.1765,-0.0664,0.9348,-4.85,-0.33,-0.59,0.9536,0.0464
desk_still,10193,6121,0.1736,-0.0681,0.9246,-4.92,-0.31,-0.63,0.9432,0.0568
desk_still,10233,6161,0.1753,-0.0652,0.9268,-4.98,-0.21,-0.71,0.9454,0.0546
desk_still,10245,6173,0.1748,-0.0652,0.9333,-4.56,-0.34,-0.74,0.9518,0.0482
desk_still,10257,6185,0.1704,-0.0635,0.9314,-4.82,-0.29,-0.82,0.9490,0.0510
desk_still,10269,6197,0.1707,-0.0615,0.9312,-4.82,-0.24,-0.44,0.9487,0.0513
desk_still,10281,6209,0.1719,-0.0613,0.9192,-4.81,-0.02,-0.82,0.9371,0.0629
desk_still,10293,6221,0.1736,-0.0671,0.9233,-4.79,-0.09,-0.47,0.9419,0.0581
desk_still,10305,6233,0.1768,-0.0635,0.9246,-5.01,-0.15,-0.63,0.9434,0.0566
desk_still,10317,6245,0.1714,-0.0613,0.9229,-4.73,-0.22,-0.92,0.9406,0.0594
desk_still,10329,6257,0.1846,-0.0664,0.9255,-4.71,-0.31,-0.45,0.9461,0.0539
desk_still,10341,6269,0.1780,-0.0645,0.9292,-4.66,-0.29,-0.64,0.9483,0.0517
desk_still,10374,6302,0.1741,-0.0669,0.9314,-4.92,-0.13,-0.76,0.9499,0.0501
desk_still,10386,6314,0.1819,-0.0684,0.9268,-4.74,-0.38,-0.59,0.9469,0.0531
desk_still,10398,6326,0.1836,-0.0627,0.9324,-4.82,-0.25,-0.56,0.9523,0.0477
desk_still,10410,6338,0.1765,-0.0640,0.9241,-4.78,-0.08,-0.67,0.9430,0.0570
desk_still,10422,6350,0.1748,-0.0667,0.9324,-5.06,-0.26,-0.67,0.9510,0.0490
desk_still,10434,6362,0.1721,-0.0654,0.9294,-4.95,-0.26,-0.71,0.9475,0.0525
desk_still,10446,6374,0.1736,-0.0681,0.9204,-5.00,-0.45,-0.79,0.9391,0.0609
desk_still,10458,6386,0.1758,-0.0696,0.9277,-4.98,-0.12,-0.71,0.9468,0.0532
desk_still,10470,6398,0.1741,-0.0703,0.9248,-4.79,-0.26,-0.76,0.9437,0.0563
desk_still,10482,6410,0.1768,-0.0664,0.9275,-4.83,-0.25,-0.73,0.9465,0.0535
desk_still,10576,6504,0.1697,-0.0652,0.9263,-4.74,-0.09,-0.76,0.9439,0.0561
desk_still,10588,6516,0.1782,-0.0708,0.9268,-4.76,-0.21,-0.72,0.9464,0.0536
desk_still,10600,6528,0.1782,-0.0588,0.9348,-4.84,-0.02,-0.60,0.9535,0.0465
desk_still,10612,6540,0.1707,-0.0710,0.9312,-4.79,-0.12,-0.66,0.9493,0.0507
desk_still,10624,6552,0.1787,-0.0662,0.9277,-4.80,-0.11,-0.52,0.9471,0.0529
desk_still,10636,6564,0.1748,-0.0635,0.9297,-4.85,0.06,-0.73,0.9481,0.0519
desk_still,10648,6576,0.1763,-0.0659,0.9250,-5.05,-0.27,-0.84,0.9440,0.0560
desk_still,10660,6588,0.1719,-0.0679,0.9263,-4.77,-0.01,-0.69,0.9445,0.0555
desk_still,10672,6600,0.1697,-0.0684,0.9250,-4.94,-0.24,-0.76,0.9430,0.0570
desk_still,10684,6612,0.1743,-0.0632,0.9277,-4.76,-0.24,-0.76,0.9461,0.0539
desk_still,10723,6651,0.1780,-0.0703,0.9255,-4.73,-0.30,-0.69,0.9451,0.0549
desk_still,10735,6663,0.1748,-0.0642,0.9302,-4.80,-0.08,-0.53,0.9486,0.0514
desk_still,10747,6675,0.1736,-0.0703,0.9299,-4.86,0.03,-0.50,0.9486,0.0514
desk_still,10759,6687,0.1785,-0.0693,0.9312,-4.64,-0.22,-0.83,0.9506,0.0494
desk_still,10771,6699,0.1741,-0.0623,0.9309,-5.15,-0.21,-0.77,0.9491,0.0509
desk_still,10783,6711,0.1743,-0.0696,0.9255,-4.85,-0.15,-0.48,0.9444,0.0556
desk_still,10795,6723,0.1729,-0.0603,0.9314,-4.85,-0.25,-0.66,0.9492,0.0508
desk_still,10807,6735,0.1770,-0.0662,0.9321,-4.95,-0.24,-0.78,0.9511,0.0489
desk_still,10819,6747,0.1702,-0.0674,0.9214,-4.75,-0.34,-0.72,0.9394,0.0606
desk_still,10831,6759,0.1763,-0.0659,0.9304,-4.92,-0.30,-0.73,0.9493,0.0507
desk_still,10871,6799,0.1748,-0.0674,0.9253,-5.15,-0.27,-0.56,0.9441,0.0559
desk_still,10883,6811,0.1733,-0.0693,0.9368,-4.74,-0.13,-0.95,0.9552,0.0448
desk_still,10895,6823,0.1812,-0.0686,0.9207,-4.96,-0.21,-0.69,0.9408,0.0592
desk_still,10907,6835,0.1794,-0.0667,0.9229,-4.65,-0.26,-0.61,0.9425,0.0575
desk_still,10919,6847,0.1711,-0.0662,0.9243,-4.66,-0.25,-0.69,0.9424,0.0576
desk_still,10931,6859,0.1790,-0.0610,0.9263,-4.87,-0.15,-0.66,0.9454,0.0546
desk_still,10943,6871,0.1824,-0.0657,0.9336,-4.89,-0.27,-0.73,0.9535,0.0465
desk_still,10955,6883,0.1775,-0.0618,0.9282,-4.95,-0.26,-0.58,0.9471,0.0529
desk_still,10967,6895,0.1770,-0.0667,0.9275,-4.75,-0.21,-0.62,0.9466,0.0534
desk_still,10979,6907,0.1753,-0.0640,0.9321,-4.76,-0.15,-0.54,0.9506,0.0494
desk_still,11012,6940,0.1763,-0.0728,0.9292,-4.82,-0.31,-0.93,0.9486,0.0514
desk_still,11024,6952,0.1702,-0.0725,0.9287,-4.53,-0.40,-0.63,0.9470,0.0530
desk_still,11036,6964,0.1814,-0.0679,0.9309,-4.82,-0.40,-0.49,0.9508,0.0492
desk_still,11048,6976,0.1716,-0.0623,0.9219,-4.91,-0.16,-0.85,0.9398,0.0602
desk_still,11060,6988,0.1758,-0.0696,0.9373,-4.62,-0.26,-0.76,0.9561,0.0439
desk_still,11072,7000,0.1748,-0.0686,0.9292,-4.79,-0.29,-0.80,0.9480,0.0520
desk_still,11084,7012,0.1753,-0.0625,0.9163,-4.71,-0.22,-0.95,0.9350,0.0650
desk_still,11096,7024,0.1758,-0.0654,0.9258,-4.89,-0.20,-0.87,0.9446,0.0554
desk_still,11108,7036,0.1797,-0.0691,0.9268,-4.91,-0.24,-0.63,0.9465,0.0535
desk_still,11120,7048,0.1753,-0.0652,0.9324,-4.88,-0.20,-0.65,0.9509,0.0491
desk_still,11160,7088,0.1797,-0.0647,0.9272,-4.91,-0.34,-0.49,0.9467,0.0533
desk_still,11172,7100,0.1782,-0.0664,0.9282,-4.53,-0.18,-0.49,0.9475,0.0525
desk_still,11184,7112,0.1775,-0.0688,0.9270,-4.85,-0.01,-0.91,0.9463,0.0537
desk_still,11196,7124,0.1760,-0.0723,0.9307,-4.93,-0.32,-0.67,0.9499,0.0501
desk_still,11208,7136,0.1738,-0.0671,0.9202,-4.85,-0.20,-0.60,0.9388,0.0612
desk_still,11220,7148,0.1790,-0.0671,0.9272,-4.88,-0.05,-0.56,0.9467,0.0533
desk_still,11232,7160,0.1733,-0.0652,0.9280,-4.86,-0.08,-0.46,0.9463,0.0537
desk_still,11244,7172,0.1663,-0.0669,0.9282,-4.76,-0.21,-0.86,0.9454,0.0546
desk_still,11256,7184,0.1709,-0.0605,0.9233,-4.81,-0.05,-0.82,0.9410,0.0590
desk_still,11268,7196,0.1726,-0.0703,0.9250,-4.97,-0.12,-0.70,0.9436,0.0564
desk_still,11301,7229,0.1755,-0.0642,0.9348,-4.93,-0.09,-0.54,0.9533,0.0467
desk_still,11313,7241,0.1790,-0.0674,0.9231,-4.71,-0.11,-0.76,0.9427,0.0573
desk_still,11325,7253,0.1699,-0.0647,0.9270,-4.98,-0.03,-0.74,0.9447,0.0553
desk_still,11337,7265,0.1741,-0.0645,0.9231,-4.78,-0.18,-0.84,0.9416,0.0584
desk_still,11349,7277,0.1816,-0.0664,0.9236,-4.64,-0.08,-0.65,0.9436,0.0564
desk_still,11361,7289,0.1799,-0.0625,0.9231,-5.01,-0.13,-0.68,0.9425,0.0575
desk_still,11373,7301,0.1807,-0.0718,0.9265,-4.75,0.00,-0.40,0.9467,0.0533
desk_still,11385,7313,0.1768,-0.0635,0.9253,-4.69,-0.32,-0.83,0.9442,0.0558
desk_still,11397,7325,0.1741,-0.0662,0.9287,-4.88,-0.15,-0.71,0.9472,0.0528
desk_still,11409,7337,0.1785,-0.0593,0.9219,-4.87,-0.18,-0.64,0.9409,0.0591
desk_still,11449,7377,0.1753,-0.0657,0.9307,-4.91,-0.15,-0.75,0.9493,0.0507
desk_still,11461,7389,0.1714,-0.0630,0.9292,-4.77,-0.30,-0.69,0.9470,0.0530
desk_still,11473,7401,0.1763,-0.0649,0.9255,-4.93,-0.11,-0.66,0.9444,0.0556
desk_still,11485,7413,0.1741,-0.0654,0.9255,-4.93,-0.33,-0.78,0.9440,0.0560
desk_still,11497,7425,0.1772,-0.0659,0.9219,-5.08,-0.15,-0.76,0.9411,0.0589
desk_still,11509,7437,0.1797,-0.0652,0.9270,-4.69,-0.15,-0.73,0.9465,0.0535
desk_still,11521,7449,0.1768,-0.0662,0.9282,-4.85,-0.15,-0.81,0.9472,0.0528
desk_still,11533,7461,0.1807,-0.0679,0.9304,-4.75,-0.09,-0.47,0.9502,0.0498
desk_still,11545,7473,0.1814,-0.0662,0.9204,-4.97,-0.02,-0.71,0.9404,0.0596
desk_still,11557,7485,0.1687,-0.0688,0.9287,-4.75,-0.11,-0.89,0.9464,0.0536
desk_still,11590,7518,0.1780,-0.0593,0.9275,-5.02,0.03,-0.72,0.9463,0.0537
desk_still,11602,7530,0.1765,-0.0713,0.9297,-4.88,-0.24,-0.62,0.9490,0.0510
desk_still,11614,7542,0.1750,-0.0674,0.9324,-4.85,-0.08,-0.76,0.9511,0.0489
desk_still,11626,7554,0.1772,-0.0701,0.9221,-4.87,-0.25,-0.73,0.9416,0.0584
desk_still,11638,7566,0.1704,-0.0703,0.9282,-4.92,-0.24,-0.73,0.9464,0.0536
desk_still,11650,7578,0.1738,-0.0649,0.9304,-4.92,-0.32,-0.64,0.9487,0.0513
desk_still,11662,7590,0.1777,-0.0645,0.9263,-4.79,-0.39,-0.72,0.9454,0.0546
desk_still,11674,7602,0.1743,-0.0632,0.9346,-5.02,-0.14,-0.64,0.9528,0.0472
desk_still,11686,7614,0.1755,-0.0662,0.9331,-4.87,-0.10,-0.73,0.9518,0.0482
desk_still,11698,7626,0.1777,-0.0649,0.9268,-4.85,-0.15,-0.75,0.9459,0.0541
desk_still,11738,7666,0.1821,-0.0713,0.9280,-4.95,-0.24,-0.82,0.9484,0.0516
desk_still,11750,7678,0.1726,-0.0674,0.9302,-5.04,-0.22,-0.72,0.9485,0.0515
desk_still,11762,7690,0.1768,-0.0681,0.9185,-5.05,-0.12,-0.55,0.9378,0.0622
desk_still,11774,7702,0.1743,-0.0684,0.9238,-4.95,-0.06,-0.74,0.9426,0.0574
desk_still,11786,7714,0.1780,-0.0664,0.9304,-5.05,-0.21,-0.66,0.9496,0.0504
desk_still,11798,7726,0.1738,-0.0642,0.9285,-4.92,-0.21,-0.83,0.9468,0.0532
desk_still,11810,7738,0.1758,-0.0654,0.9321,-4.80,-0.26,-0.72,0.9508,0.0492
desk_still,11822,7750,0.1777,-0.0645,0.9285,-5.05,-0.30,-0.74,0.9475,0.0525
desk_still,11834,7762,0.1736,-0.0637,0.9360,-4.86,-0.18,-0.47,0.9541,0.0459
desk_still,11846,7774,0.1768,-0.0647,0.9221,-4.98,-0.29,-0.81,0.9411,0.0589
desk_still,11879,7807,0.1748,-0.0630,0.9312,-4.92,-0.27,-0.86,0.9495,0.0505
desk_still,11891,7819,0.1704,-0.0623,0.9399,-4.67,-0.08,-0.82,0.9573,0.0427
desk_still,11903,7831,0.1782,-0.0681,0.9265,-4.99,-0.11,-0.57,0.9460,0.0540
desk_still,11915,7843,0.1772,-0.0618,0.9336,-4.73,-0.04,-0.66,0.9523,0.0477
desk_still,11927,7855,0.1777,-0.0635,0.9277,-4.73,-0.18,-0.63,0.9467,0.0533
desk_still,11939,7867,0.1729,-0.0674,0.9236,-4.79,-0.15,-0.75,0.9420,0.0580
desk_still,11951,7879,0.1763,-0.0703,0.9236,-4.95,-0.36,-0.56,0.9429,0.0571
desk_still,11963,7891,0.1765,-0.0740,0.9331,-4.63,-0.24,-0.47,0.9525,0.0475
desk_still,11975,7903,0.1719,-0.0637,0.9326,-4.74,-0.27,-0.69,0.9505,0.0495
desk_still,11987,7915,0.1799,-0.0715,0.9272,-4.87,-0.15,-0.60,0.9472,0.0528
desk_still,12057,7985,0.1731,-0.0686,0.9292,-4.84,-0.19,-0.64,0.9477,0.0523
desk_still,12069,7997,0.1816,-0.0657,0.9226,-4.90,-0.24,-0.82,0.9426,0.0574
desk_still,12081,8009,0.1763,-0.0671,0.9324,-4.82,-0.09,-0.96,0.9513,0.0487
desk_still,12093,8021,0.1790,-0.0713,0.9250,-4.80,-0.24,-0.90,0.9449,0.0551
desk_still,12105,8033,0.1816,-0.0627,0.9277,-4.67,-0.24,-0.73,0.9474,0.0526
desk_still,12117,8045,0.1819,-0.0623,0.9265,-4.82,-0.21,-0.66,0.9462,0.0538
desk_still,12129,8057,0.1765,-0.0618,0.9280,-4.96,-0.23,-0.70,0.9466,0.0534
desk_still,12141,8069,0.1838,-0.0703,0.9216,-4.74,-0.19,-0.74,0.9424,0.0576
desk_still,12153,8081,0.1733,-0.0642,0.9272,-4.69,-0.20,-0.75,0.9455,0.0545
desk_still,12165,8093,0.1763,-0.0671,0.9272,-4.95,-0.15,-0.66,0.9462,0.0538
desk_still,12202,8130,0.1768,-0.0684,0.9258,-4.81,-0.28,-0.56,0.9450,0.0550
desk_still,12214,8142,0.1770,-0.0620,0.9248,-4.78,-0.31,-0.66,0.9436,0.0564
desk_still,12226,8154,0.1768,-0.0652,0.9260,-4.88,-0.26,-0.56,0.9450,0.0550
desk_still,12238,8166,0.1787,-0.0696,0.9355,-4.94,-0.18,-0.41,0.9550,0.0450
desk_still,12250,8178,0.1768,-0.0671,0.9355,-4.71,-0.11,-0.60,0.9545,0.0455
desk_still,12262,8190,0.1777,-0.0728,0.9280,-4.76,-0.28,-0.48,0.9476,0.0524
desk_still,12274,8202,0.1794,-0.0625,0.9219,-4.79,-0.15,-0.66,0.9413,0.0587
desk_still,12286,8214,0.1760,-0.0574,0.9321,-4.82,-0.16,-0.67,0.9503,0.0497
desk_still,12298,8226,0.1812,-0.0620,0.9287,-4.82,-0.18,-0.68,0.9482,0.0518
desk_still,12310,8238,0.1770,-0.0706,0.9333,-4.82,-0.11,-0.46,0.9526,0.0474
desk_still,12350,8278,0.1780,-0.0657,0.9309,-4.84,-0.45,-0.63,0.9500,0.0500
desk_still,12362,8290,0.1809,-0.0647,0.9294,-4.69,0.08,-0.75,0.9491,0.0509
desk_still,12374,8302,0.1736,-0.0632,0.9294,-4.82,-0.26,-0.61,0.9476,0.0524
desk_still,12386,8314,0.1797,-0.0664,0.9270,-4.68,-0.25,-0.69,0.9466,0.0534
desk_still,12398,8326,0.1729,-0.0701,0.9214,-4.88,-0.05,-0.68,0.9401,0.0599
desk_still,12410,8338,0.1748,-0.0581,0.9187,-4.73,0.02,-0.76,0.9370,0.0630
desk_still,12422,8350,0.1792,-0.0671,0.9268,-4.83,-0.19,-0.54,0.9463,0.0537
desk_still,12434,8362,0.1763,-0.0664,0.9258,-4.79,-0.04,-0.65,0.9447,0.0553
desk_still,12446,8374,0.1736,-0.0679,0.9297,-4.82,-0.27,-0.55,0.9482,0.0518
desk_still,12458,8386,0.1770,-0.0610,0.9382,-4.94,-0.24,-0.59,0.9567,0.0433
desk_still,12491,8419,0.1743,-0.0652,0.9312,-4.93,-0.28,-0.71,0.9496,0.0504
desk_still,12503,8431,0.1709,-0.0662,0.9329,-4.80,-0.27,-0.81,0.9507,0.0493
desk_still,12515,8443,0.1707,-0.0703,0.9255,-4.77,-0.27,-0.79,0.9438,0.0562
desk_still,12527,8455,0.1733,-0.0645,0.9319,-5.04,-0.15,-0.54,0.9501,0.0499
desk_still,12539,8467,0.1731,-0.0649,0.9351,-4.88,-0.42,-0.73,0.9532,0.0468
desk_still,12551,8479,0.1819,-0.0676,0.9241,-4.82,-0.31,-0.59,0.9442,0.0558
desk_still,12563,8491,0.1738,-0.0681,0.9253,-4.92,-0.05,-0.56,0.9439,0.0561
desk_still,12575,8503,0.1797,-0.0671,0.9294,-4.97,-0.15,-0.69,0.9490,0.0510
desk_still,12587,8515,0.1721,-0.0647,0.9263,-4.85,0.07,-0.70,0.9443,0.0557
desk_still,12599,8527,0.1768,-0.0688,0.9260,-4.94,-0.20,-0.60,0.9453,0.0547
desk_still,12639,8567,0.1753,-0.0662,0.9390,-5.16,-0.22,-0.73,0.9575,0.0425
desk_still,12651,8579,0.1792,-0.0649,0.9272,-4.83,-0.34,-0.89,0.9466,0.0534
desk_still,12663,8591,0.1772,-0.0671,0.9302,-4.95,-0.08,-0.74,0.9493,0.0507
desk_still,12675,8603,0.1792,-0.0635,0.9351,-4.86,-0.49,-0.56,0.9542,0.0458
desk_still,12687,8615,0.1731,-0.0664,0.9219,-4.78,-0.35,-0.74,0.9403,0.0597
desk_still,12699,8627,0.1702,-0.0664,0.9280,-4.82,-0.20,-0.63,0.9458,0.0542
desk_still,12711,8639,0.1733,-0.0688,0.9353,-4.85,-0.18,-0.70,0.9537,0.0463
desk_still,12723,8651,0.1675,-0.0588,0.9202,-4.65,-0.03,-0.66,0.9371,0.0629
desk_still,12735,8663,0.1785,-0.0608,0.9270,-4.85,-0.18,-0.58,0.9460,0.0540
desk_still,12747,8675,0.1782,-0.0649,0.9248,-4.80,-0.12,-0.87,0.9441,0.0559
desk_still,12780,8708,0.1738,-0.0623,0.9324,-4.95,-0.10,-0.77,0.9505,0.0495
desk_still,12792,8720,0.1799,-0.0652,0.9260,-4.92,-0.35,-0.67,0.9456,0.0544
desk_still,12804,8732,0.1772,-0.0647,0.9299,-4.83,-0.10,-0.70,0.9489,0.0511
desk_still,12816,8744,0.1750,-0.0681,0.9309,-5.01,-0.18,-0.76,0.9497,0.0503
desk_still,12828,8756,0.1804,-0.0688,0.9285,-4.68,-0.11,-0.68,0.9483,0.0517
desk_still,12840,8768,0.1763,-0.0657,0.9197,-4.78,-0.27,-0.69,0.9387,0.0613
desk_still,12852,8780,0.1799,-0.0657,0.9260,-5.00,-0.30,-0.77,0.9456,0.0544
desk_still,12864,8792,0.1772,-0.0671,0.9282,-4.88,-0.05,-0.52,0.9474,0.0526
desk_still,12876,8804,0.1768,-0.0652,0.9221,-5.06,-0.24,-0.57,0.9412,0.0588
desk_still,12888,8816,0.1797,-0.0608,0.9258,-4.75,-0.20,-0.65,0.9450,0.0550
desk_still,12928,8856,0.1838,-0.0698,0.9221,-4.69,-0.18,-0.79,0.9429,0.0571
desk_still,12940,8868,0.1777,-0.0645,0.9302,-4.68,-0.27,-0.69,0.9492,0.0508
desk_still,12952,8880,0.1724,-0.0715,0.9277,-4.87,-0.07,-0.76,0.9463,0.0537
desk_still,12964,8892,0.1755,-0.0627,0.9187,-4.75,-0.25,-0.63,0.9374,0.0626
desk_still,12976,8904,0.1699,-0.0688,0.9329,-5.05,-0.36,-0.53,0.9507,0.0493
desk_still,12988,8916,0.1758,-0.0596,0.9270,-4.89,-0.14,-0.57,0.9454,0.0546
desk_still,13000,8928,0.1694,-0.0593,0.9248,-4.90,-0.28,-0.64,0.9421,0.0579
desk_still,13012,8940,0.1790,-0.0632,0.9255,-4.98,-0.23,-0.42,0.9448,0.0552
desk_still,13024,8952,0.1755,-0.0667,0.9270,-4.82,-0.23,-1.05,0.9458,0.0542
desk_still,13036,8964,0.1736,-0.0720,0.9294,-4.78,-0.09,-0.83,0.9483,0.0517
desk_still,13069,8997,0.1782,-0.0698,0.9292,-4.98,-0.13,-0.44,0.9487,0.0513
desk_still,13081,9009,0.1780,-0.0662,0.9233,-4.89,-0.14,-0.86,0.9427,0.0573
desk_still,13093,9021,0.1729,-0.0623,0.9292,-5.01,-0.06,-0.57,0.9472,0.0528
desk_still,13105,9033,0.1733,-0.0686,0.9272,-5.17,-0.31,-0.77,0.9458,0.0542
desk_still,13117,9045,0.1760,-0.0613,0.9282,-4.92,-0.31,-0.82,0.9468,0.0532
desk_still,13129,9057,0.1799,-0.0693,0.9265,-5.00,-0.28,-0.59,0.9464,0.0536
desk_still,13141,9069,0.1785,-0.0642,0.9302,-4.85,-0.31,-0.59,0.9493,0.0507
desk_still,13153,9081,0.1814,-0.0649,0.9272,-4.67,-0.50,-0.73,0.9471,0.0529
desk_still,13165,9093,0.1807,-0.0647,0.9238,-4.82,-0.28,-0.73,0.9435,0.0565
desk_still,13177,9105,0.1753,-0.0757,0.9258,-4.89,-0.11,-0.79,0.9453,0.0547
desk_still,13217,9145,0.1787,-0.0681,0.9253,-4.83,-0.36,-0.54,0.9449,0.0551
desk_still,13229,9157,0.1721,-0.0632,0.9253,-4.98,-0.21,-0.40,0.9433,0.0567
desk_still,13241,9169,0.1809,-0.0588,0.9255,-4.80,-0.18,-0.69,0.9449,0.0551
desk_still,13253,9181,0.1807,-0.0632,0.9321,-4.81,-0.25,-0.64,0.9516,0.0484
desk_still,13265,9193,0.1709,-0.0627,0.9280,-4.80,-0.21,-0.82,0.9457,0.0543
desk_still,13277,9205,0.1755,-0.0684,0.9287,-4.79,-0.37,-0.57,0.9476,0.0524
desk_still,13289,9217,0.1772,-0.0718,0.9302,-4.93,-0.06,-0.61,0.9496,0.0504
desk_still,13301,9229,0.1819,-0.0671,0.9207,-4.84,-0.29,-0.73,0.9408,0.0592
desk_still,13313,9241,0.1775,-0.0674,0.9294,-4.91,-0.24,-0.66,0.9486,0.0514
desk_still,13325,9253,0.1711,-0.0625,0.9319,-4.96,-0.23,-0.55,0.9495,0.0505
desk_still,13358,9286,0.1733,-0.0681,0.9214,-4.70,-0.23,-0.58,0.9400,0.0600
desk_still,13370,9298,0.1804,-0.0652,0.9304,-4.73,-0.19,-0.69,0.9500,0.0500
desk_still,13382,9310,0.1760,-0.0698,0.9302,-4.97,0.00,-0.72,0.9493,0.0507
desk_still,13394,9322,0.1831,-0.0693,0.9246,-4.72,-0.10,-0.73,0.9451,0.0549
desk_still,13406,9334,0.1819,-0.0625,0.9302,-4.64,-0.15,-0.71,0.9499,0.0501
desk_still,13418,9346,0.1782,-0.0640,0.9358,-4.85,-0.19,-0.69,0.9548,0.0452
desk_still,13430,9358,0.1733,-0.0645,0.9309,-5.12,-0.21,-0.73,0.9491,0.0509
desk_still,13442,9370,0.1743,-0.0642,0.9285,-5.07,-0.12,-0.57,0.9469,0.0531
desk_still,13454,9382,0.1699,-0.0676,0.9265,-4.89,-0.24,-0.82,0.9444,0.0556
desk_still,13466,9394,0.1797,-0.0615,0.9270,-4.98,-0.23,-0.68,0.9463,0.0537
desk_still,13506,9434,0.1724,-0.0688,0.9336,-4.93,-0.20,-0.79,0.9519,0.0481
desk_still,13518,9446,0.1792,-0.0679,0.9263,-4.85,-0.34,-0.52,0.9459,0.0541
desk_still,13530,9458,0.1772,-0.0684,0.9292,-4.86,-0.28,-0.60,0.9484,0.0516
desk_still,13542,9470,0.1738,-0.0664,0.9312,-4.89,-0.02,-0.49,0.9496,0.0504
desk_still,13554,9482,0.1782,-0.0662,0.9292,-4.72,-0.04,-0.53,0.9484,0.0516
desk_still,13566,9494,0.1729,-0.0681,0.9231,-5.02,-0.23,-0.66,0.9416,0.0584
desk_still,13578,9506,0.1763,-0.0623,0.9358,-4.95,-0.15,-0.67,0.9543,0.0457
desk_still,13590,9518,0.1750,-0.0649,0.9221,-4.77,-0.39,-0.84,0.9408,0.0592
desk_still,13602,9530,0.1782,-0.0632,0.9309,-4.85,-0.24,-0.95,0.9499,0.0501
desk_still,13614,9542,0.1790,-0.0667,0.9219,-4.60,-0.13,-0.56,0.9414,0.0586
desk_still,13677,9605,0.1768,-0.0757,0.9285,-4.73,-0.29,-0.79,0.9482,0.0518
desk_still,13689,9617,0.1765,-0.0671,0.9265,-4.89,-0.09,-0.60,0.9456,0.0544
desk_still,13701,9629,0.1753,-0.0676,0.9270,-4.95,-0.27,-0.65,0.9459,0.0541
desk_still,13713,9641,0.1719,-0.0674,0.9260,-4.96,-0.16,-0.73,0.9442,0.0558
desk_still,13725,9653,0.1763,-0.0623,0.9299,-4.89,-0.13,-0.70,0.9485,0.0515
desk_still,13737,9665,0.1726,-0.0640,0.9260,-4.72,-0.16,-0.68,0.9441,0.0559
desk_still,13749,9677,0.1729,-0.0652,0.9292,-4.86,-0.10,-0.69,0.9474,0.0526
desk_still,13761,9689,0.1772,-0.0637,0.9304,-4.66,-0.19,-0.67,0.9493,0.0507
desk_still,13773,9701,0.1750,-0.0669,0.9282,-4.75,-0.31,-0.73,0.9469,0.0531
desk_still,13785,9713,0.1758,-0.0640,0.9216,-4.87,-0.33,-0.74,0.9404,0.0596
desk_still,13831,9759,0.1775,-0.0679,0.9346,-4.86,-0.38,-0.68,0.9537,0.0463
desk_still,13843,9771,0.1760,-0.0723,0.9219,-5.02,-0.21,-0.75,0.9413,0.0587
desk_still,13855,9783,0.1758,-0.0674,0.9253,-4.82,-0.12,-0.38,0.9442,0.0558
desk_still,13867,9795,0.1782,-0.0652,0.9243,-4.95,-0.08,-0.70,0.9436,0.0564
desk_still,13879,9807,0.1797,-0.0676,0.9348,-4.92,-0.12,-0.76,0.9543,0.0457
desk_still,13891,9819,0.1758,-0.0652,0.9241,-4.79,-0.21,-0.68,0.9429,0.0571
desk_still,13903,9831,0.1787,-0.0671,0.9294,-5.03,-0.20,-0.71,0.9488,0.0512
desk_still,13915,9843,0.1775,-0.0679,0.9307,-4.98,-0.28,-0.73,0.9499,0.0501
desk_still,13927,9855,0.1707,-0.0671,0.9260,-4.83,-0.34,-0.70,0.9440,0.0560
desk_still,13939,9867,0.1746,-0.0681,0.9304,-5.09,-0.33,-0.61,0.9491,0.0509
desk_still,13972,9900,0.1750,-0.0684,0.9338,-4.66,-0.33,-0.76,0.9526,0.0474
desk_still,13984,9912,0.1758,-0.0684,0.9243,-4.68,-0.28,-0.73,0.9434,0.0566
desk_still,13996,9924,0.1772,-0.0657,0.9285,-4.73,0.02,-0.62,0.9475,0.0525
desk_still,14008,9936,0.1814,-0.0664,0.9275,-4.83,-0.21,-1.00,0.9474,0.0526
desk_still,14020,9948,0.1782,-0.0693,0.9290,-4.88,-0.10,-0.54,0.9484,0.0516
desk_still,14032,9960,0.1731,-0.0664,0.9238,-4.75,-0.08,-0.75,0.9422,0.0578
desk_still,14044,9972,0.1697,-0.0620,0.9243,-4.68,-0.18,-0.73,0.9418,0.0582
desk_still,14056,9984,0.1733,-0.0691,0.9294,-4.88,-0.21,-0.64,0.9480,0.0520
desk_still,14068,9996,0.1804,-0.0632,0.9272,-4.80,-0.12,-0.76,0.9467,0.0533
desk_still,14080,10008,0.1733,-0.0671,0.9263,-5.01,-0.11,-0.73,0.9447,0.0553
desk_still,14120,10048,0.1729,-0.0637,0.9265,-4.78,-0.13,-0.60,0.9447,0.0553
desk_still,14132,10060,0.1812,-0.0603,0.9287,-4.89,-0.24,-0.87,0.9481,0.0519
desk_still,14144,10072,0.1768,-0.0662,0.9270,-4.98,-0.27,-0.67,0.9460,0.0540
desk_still,14156,10084,0.1777,-0.0598,0.9321,-4.99,-0.30,-0.66,0.9508,0.0492
desk_still,14168,10096,0.1699,-0.0669,0.9268,-4.98,-0.03,-0.81,0.9446,0.0554
desk_still,14180,10108,0.1738,-0.0647,0.9333,-4.83,-0.19,-0.73,0.9516,0.0484
desk_still,14192,10120,0.1814,-0.0684,0.9233,-4.92,-0.14,-0.62,0.9435,0.0565
desk_still,14204,10132,0.1743,-0.0662,0.9370,-4.95,-0.27,-0.72,0.9554,0.0446
desk_still,14216,10144,0.1765,-0.0640,0.9277,-4.77,-0.21,-0.69,0.9465,0.0535
desk_still,14228,10156,0.1738,-0.0608,0.9255,-4.91,-0.38,-0.53,0.9437,0.0563
desk_still,14261,10189,0.1731,-0.0686,0.9319,-4.73,-0.39,-0.66,0.9503,0.0497
desk_still,14273,10201,0.1741,-0.0676,0.9338,-4.95,-0.27,-0.84,0.9523,0.0477
desk_still,14285,10213,0.1748,-0.0603,0.9316,-4.79,-0.31,-0.51,0.9498,0.0502
desk_still,14297,10225,0.1726,-0.0654,0.9275,-4.89,-0.11,-0.65,0.9457,0.0543
desk_still,14309,10237,0.1794,-0.0693,0.9272,-4.77,-0.04,-0.64,0.9470,0.0530
desk_still,14321,10249,0.1790,-0.0645,0.9272,-4.95,-0.17,-0.81,0.9466,0.0534
desk_still,14333,10261,0.1770,-0.0647,0.9270,-4.74,0.13,-0.50,0.9460,0.0540
desk_still,14345,10273,0.1770,-0.0635,0.9287,-4.95,-0.22,-0.62,0.9476,0.0524
desk_still,14357,10285,0.1750,-0.0627,0.9250,-4.76,-0.05,-0.81,0.9436,0.0564
desk_still,14369,10297,0.1770,-0.0623,0.9282,-4.64,-0.17,-0.60,0.9470,0.0530
desk_still,14409,10337,0.1812,-0.0635,0.9224,-4.82,-0.18,-0.66,0.9421,0.0579
desk_still,14421,10349,0.1765,-0.0664,0.9360,-4.86,-0.37,-0.72,0.9548,0.0452
desk_still,14433,10361,0.1797,-0.0715,0.9165,-4.77,-0.32,-0.69,0.9367,0.0633
desk_still,14445,10373,0.1785,-0.0635,0.9187,-4.91,-0.13,-0.83,0.9380,0.0620
desk_still,14457,10385,0.1765,-0.0671,0.9353,-4.85,-0.06,-0.52,0.9542,0.0458
desk_still,14469,10397,0.1812,-0.0703,0.9255,-4.78,0.02,-0.76,0.9457,0.0543
desk_still,14481,10409,0.1775,-0.0671,0.9275,-4.99,-0.21,-0.54,0.9467,0.0533
desk_still,14493,10421,0.1763,-0.0652,0.9243,-4.85,-0.24,-0.48,0.9432,0.0568
desk_still,14505,10433,0.1719,-0.0654,0.9241,-4.64,-0.19,-0.73,0.9422,0.0578
desk_still,14517,10445,0.1697,-0.0657,0.9294,-4.78,-0.15,-0.53,0.9471,0.0529
desk_still,14557,10485,0.1738,-0.0662,0.9246,-4.76,-0.24,-0.62,0.9431,0.0569
desk_still,14569,10497,0.1746,-0.0676,0.9268,-5.07,-0.06,-0.82,0.9455,0.0545
desk_still,14581,10509,0.1782,-0.0654,0.9360,-4.76,-0.45,-0.66,0.9551,0.0449
desk_still,14593,10521,0.1763,-0.0632,0.9336,-4.71,-0.24,-0.60,0.9522,0.0478
desk_still,14605,10533,0.1792,-0.0708,0.9238,-4.80,-0.15,-0.89,0.9437,0.0563
desk_still,14617,10545,0.1731,-0.0681,0.9226,-4.95,-0.10,-0.60,0.9412,0.0588
desk_still,14629,10557,0.1804,-0.0710,0.9275,-4.89,-0.15,-0.73,0.9475,0.0525
desk_still,14641,10569,0.1792,-0.0654,0.9314,-5.02,-0.08,-0.77,0.9507,0.0493
desk_still,14653,10581,0.1799,-0.0669,0.9363,-4.85,-0.08,-0.78,0.9558,0.0442
desk_still,14665,10593,0.1770,-0.0667,0.9358,-4.85,-0.18,-0.82,0.9547,0.0453
desk_still,14698,10626,0.1689,-0.0620,0.9292,-4.78,-0.21,-0.83,0.9465,0.0535
desk_still,14710,10638,0.1763,-0.0647,0.9307,-4.80,-0.04,-0.73,0.9494,0.0506
desk_still,14722,10650,0.1746,-0.0669,0.9211,-5.00,-0.18,-0.60,0.9399,0.0601
desk_still,14734,10662,0.1738,-0.0657,0.9324,-4.70,-0.38,-0.73,0.9507,0.0493
desk_still,14746,10674,0.1760,-0.0669,0.9395,-4.92,-0.31,-0.78,0.9581,0.0419
desk_still,14758,10686,0.1794,-0.0620,0.9246,-5.07,-0.15,-0.70,0.9439,0.0561
desk_still,14770,10698,0.1709,-0.0674,0.9221,-4.44,-0.27,-0.56,0.9402,0.0598
desk_still,14782,10710,0.1763,-0.0610,0.9319,-4.85,-0.11,-0.76,0.9504,0.0496
desk_still,14794,10722,0.1804,-0.0708,0.9272,-4.80,-0.24,-0.71,0.9473,0.0527
desk_still,14806,10734,0.1753,-0.0686,0.9355,-4.89,-0.11,-0.56,0.9543,0.0457
desk_still,14846,10774,0.1794,-0.0681,0.9365,-4.83,-0.26,-0.79,0.9560,0.0440
desk_still,14858,10786,0.1770,-0.0642,0.9268,-4.93,-0.15,-0.77,0.9457,0.0543
desk_still,14870,10798,0.1741,-0.0698,0.9280,-4.90,-0.21,-0.60,0.9467,0.0533
desk_still,14882,10810,0.1748,-0.0620,0.9307,-4.98,-0.40,-0.60,0.9490,0.0510
desk_still,14894,10822,0.1741,-0.0662,0.9260,-5.11,-0.31,-0.75,0.9446,0.0554
desk_still,14906,10834,0.1772,-0.0664,0.9343,-5.03,-0.18,-0.69,0.9533,0.0467
desk_still,14918,10846,0.1758,-0.0652,0.9321,-4.74,-0.27,-0.87,0.9508,0.0492
desk_still,14930,10858,0.1702,-0.0596,0.9299,-4.76,-0.21,-0.72,0.9472,0.0528
desk_still,14942,10870,0.1777,-0.0618,0.9268,-4.77,-0.21,-0.73,0.9457,0.0543
desk_still,14954,10882,0.1807,-0.0632,0.9285,-4.79,-0.06,-0.57,0.9480,0.0520
desk_still,14987,10915,0.1846,-0.0686,0.9233,-5.02,-0.05,-0.86,0.9441,0.0559
desk_still,14999,10927,0.1750,-0.0669,0.9243,-5.01,-0.11,-0.73,0.9431,0.0569
desk_still,15011,10939,0.1772,-0.0681,0.9268,-4.78,-0.42,-0.68,0.9460,0.0540
desk_still,15023,10951,0.1760,-0.0664,0.9282,-4.91,-0.26,-0.57,0.9471,0.0529
desk_still,15035,10963,0.1748,-0.0640,0.9338,-4.84,-0.34,-0.68,0.9522,0.0478
desk_still,15047,10975,0.1787,-0.0630,0.9238,-4.95,-0.05,-0.64,0.9431,0.0569
desk_still,15059,10987,0.1748,-0.0623,0.9282,-4.91,-0.21,-0.64,0.9466,0.0534
desk_still,15071,10999,0.1768,-0.0642,0.9275,-4.74,-0.17,-0.87,0.9464,0.0536
desk_still,15083,11011,0.1831,-0.0608,0.9241,-4.73,-0.18,-0.55,0.9440,0.0560
desk_still,15095,11023,0.1699,-0.0664,0.9290,-4.77,-0.17,-0.68,0.9467,0.0533
desk_still,15165,11093,0.1785,-0.0728,0.9312,-4.76,-0.13,-0.68,0.9509,0.0491
desk_still,15177,11105,0.1738,-0.0713,0.9268,-4.90,-0.37,-0.61,0.9456,0.0544
desk_still,15189,11117,0.1772,-0.0613,0.9250,-4.98,-0.07,-0.58,0.9439,0.0561
desk_still,15201,11129,0.1860,-0.0681,0.9346,-4.85,-0.27,-0.84,0.9553,0.0447
desk_still,15213,11141,0.1782,-0.0715,0.9194,-4.92,-0.25,-0.50,0.9393,0.0607
desk_still,15225,11153,0.1790,-0.0681,0.9246,-4.72,-0.28,-0.76,0.9442,0.0558
desk_still,15237,11165,0.1790,-0.0667,0.9314,-4.72,-0.29,-0.73,0.9508,0.0492
desk_still,15249,11177,0.1702,-0.0657,0.9280,-4.90,-0.01,-0.80,0.9457,0.0543
desk_still,15261,11189,0.1716,-0.0623,0.9358,-4.89,-0.17,-0.74,0.9534,0.0466
desk_still,15273,11201,0.1731,-0.0684,0.9255,-4.64,-0.15,-0.96,0.9441,0.0559
desk_still,15312,11240,0.1765,-0.0688,0.9319,-4.97,-0.17,-0.65,0.9510,0.0490
desk_still,15324,11252,0.1763,-0.0659,0.9292,-4.92,-0.28,-0.94,0.9481,0.0519
desk_still,15336,11264,0.1755,-0.0645,0.9233,-4.84,-0.24,-0.63,0.9421,0.0579
desk_still,15348,11276,0.1797,-0.0632,0.9136,-4.85,-0.19,-0.64,0.9332,0.0668
desk_still,15360,11288,0.1694,-0.0718,0.9268,-4.73,-0.16,-0.74,0.9448,0.0552
desk_still,15372,11300,0.1741,-0.0647,0.9265,-4.74,-0.29,-0.73,0.9449,0.0551
desk_still,15384,11312,0.1716,-0.0676,0.9255,-4.82,-0.10,-0.58,0.9437,0.0563
desk_still,15396,11324,0.1758,-0.0703,0.9355,-4.87,-0.15,-0.69,0.9545,0.0455
desk_still,15408,11336,0.1777,-0.0706,0.9263,-4.87,-0.23,-0.85,0.9458,0.0542
desk_still,15420,11348,0.1741,-0.0667,0.9292,-5.07,-0.28,-0.64,0.9477,0.0523
desk_still,15461,11389,0.1763,-0.0688,0.9255,-4.74,-0.03,-0.64,0.9447,0.0553
desk_still,15473,11401,0.1777,-0.0647,0.9292,-4.65,-0.08,-0.41,0.9483,0.0517
desk_still,15485,11413,0.1775,-0.0671,0.9297,-5.09,-0.07,-0.79,0.9489,0.0511
desk_still,15497,11425,0.1777,-0.0613,0.9248,-4.95,-0.10,-0.72,0.9437,0.0563
desk_still,15509,11437,0.1750,-0.0649,0.9319,-4.92,-0.24,-0.82,0.9504,0.0496
desk_still,15521,11449,0.1760,-0.0669,0.9248,-4.95,-0.13,-0.55,0.9438,0.0562
desk_still,15533,11461,0.1758,-0.0662,0.9285,-4.85,-0.25,-0.80,0.9473,0.0527
desk_still,15545,11473,0.1785,-0.0669,0.9329,-4.85,-0.05,-0.63,0.9521,0.0479
desk_still,15557,11485,0.1782,-0.0693,0.9290,-4.76,-0.24,-0.82,0.9484,0.0516
desk_still,15569,11497,0.1741,-0.0664,0.9163,-4.87,-0.25,-0.73,0.9350,0.0650
desk_still,15602,11530,0.1741,-0.0710,0.9351,-4.83,-0.44,-0.65,0.9538,0.0462
desk_still,15614,11542,0.1814,-0.0618,0.9294,-4.85,-0.08,-0.72,0.9490,0.0510
desk_still,15626,11554,0.1760,-0.0613,0.9277,-4.91,-0.07,-0.84,0.9463,0.0537
desk_still,15638,11566,0.1753,-0.0637,0.9299,-4.70,-0.24,-0.48,0.9485,0.0515
desk_still,15650,11578,0.1709,-0.0613,0.9268,-4.63,-0.23,-0.59,0.9444,0.0556
desk_still,15662,11590,0.1753,-0.0662,0.9319,-4.89,-0.02,-0.82,0.9505,0.0495
desk_still,15674,11602,0.1760,-0.0657,0.9250,-5.02,0.00,-0.50,0.9439,0.0561
desk_still,15686,11614,0.1799,-0.0657,0.9211,-4.75,-0.29,-0.47,0.9408,0.0592
desk_still,15698,11626,0.1729,-0.0693,0.9314,-4.79,-0.18,-0.49,0.9498,0.0502
desk_still,15710,11638,0.1804,-0.0664,0.9265,-4.94,-0.28,-0.59,0.9462,0.0538
desk_still,15750,11678,0.1799,-0.0645,0.9236,-4.76,-0.25,-0.66,0.9432,0.0568
desk_still,15762,11690,0.1750,-0.0657,0.9321,-4.85,-0.09,-0.73,0.9507,0.0493
desk_still,15774,11702,0.1841,-0.0632,0.9258,-4.94,-0.28,-1.11,0.9460,0.0540
desk_still,15786,11714,0.1755,-0.0686,0.9319,-4.85,-0.18,-0.83,0.9508,0.0492
desk_still,15798,11726,0.1733,-0.0667,0.9248,-4.92,-0.19,-0.59,0.9433,0.0567
desk_still,15810,11738,0.1753,-0.0657,0.9282,-4.71,-0.15,-0.56,0.9469,0.0531
desk_still,15822,11750,0.1731,-0.0686,0.9253,-4.83,-0.09,-0.76,0.9438,0.0562
desk_still,15834,11762,0.1765,-0.0686,0.9304,-4.89,-0.15,-0.70,0.9495,0.0505
desk_still,15846,11774,0.1741,-0.0649,0.9233,-4.91,-0.22,-0.56,0.9418,0.0582
desk_still,15858,11786,0.1802,-0.0649,0.9351,-4.88,-0.11,-0.63,0.9545,0.0455
desk_still,15891,11819,0.1777,-0.0667,0.9263,-4.80,-0.21,-0.89,0.9455,0.0545
desk_still,15903,11831,0.1748,-0.0630,0.9263,-4.90,-0.28,-0.81,0.9447,0.0553
desk_still,15915,11843,0.1760,-0.0718,0.9275,-4.84,-0.09,-0.74,0.9468,0.0532
desk_still,15927,11855,0.1692,-0.0662,0.9224,-4.90,-0.14,-0.67,0.9401,0.0599
desk_still,15939,11867,0.1675,-0.0632,0.9258,-4.83,-0.34,-0.73,0.9429,0.0571
desk_still,15951,11879,0.1753,-0.0676,0.9292,-4.89,-0.01,-0.75,0.9480,0.0520
desk_still,15963,11891,0.1765,-0.0657,0.9326,-5.00,-0.33,-0.73,0.9514,0.0486
desk_still,15975,11903,0.1775,-0.0684,0.9292,-4.79,-0.18,-0.98,0.9485,0.0515
desk_still,15987,11915,0.1780,-0.0684,0.9277,-4.92,-0.31,-0.72,0.9471,0.0529
desk_still,15999,11927,0.1746,-0.0620,0.9375,-4.94,-0.15,-0.69,0.9556,0.0444
desk_still,16039,11967,0.1777,-0.0698,0.9302,-4.77,-0.06,-0.75,0.9496,0.0504
desk_still,16051,11979,0.1804,-0.0681,0.9375,-4.93,0.01,-0.61,0.9571,0.0429
desk_still,16063,11991,0.1775,-0.0635,0.9268,-4.78,-0.05,-0.75,0.9457,0.0543
desk_still,16075,12003,0.1746,-0.0708,0.9255,-4.79,-0.17,-0.63,0.9445,0.0555
desk_still,16087,12015,0.1799,-0.0640,0.9346,-4.77,-0.23,-0.59,0.9539,0.0461
desk_still,16099,12027,0.1758,-0.0657,0.9250,-4.76,-0.18,-0.66,0.9439,0.0561
desk_still,16111,12039,0.1714,-0.0605,0.9312,-4.85,-0.16,-0.88,0.9487,0.0513
desk_still,16123,12051,0.1763,-0.0640,0.9246,-4.82,-0.32,-0.57,0.9434,0.0566
desk_still,16135,12063,0.1782,-0.0718,0.9365,-4.86,-0.22,-0.76,0.9560,0.0440
desk_still,16147,12075,0.1777,-0.0632,0.9285,-4.88,-0.30,-0.69,0.9474,0.0526
desk_still,16180,12108,0.1758,-0.0671,0.9241,-4.72,-0.27,-0.76,0.9430,0.0570
desk_still,16192,12120,0.1790,-0.0688,0.9272,-4.96,-0.28,-0.63,0.9469,0.0531
desk_still,16204,12132,0.1777,-0.0618,0.9214,-4.98,-0.21,-0.64,0.9404,0.0596
desk_still,16216,12144,0.1755,-0.0713,0.9268,-4.87,-0.15,-0.62,0.9459,0.0541
desk_still,16228,12156,0.1758,-0.0688,0.9287,-4.76,-0.11,-0.83,0.9477,0.0523
desk_still,16240,12168,0.1741,-0.0574,0.9207,-4.93,-0.14,-0.79,0.9387,0.0613
desk_still,16252,12180,0.1750,-0.0667,0.9265,-4.79,-0.11,-0.78,0.9453,0.0547
desk_still,16264,12192,0.1770,-0.0679,0.9321,-4.94,-0.31,-0.45,0.9512,0.0488
desk_still,16276,12204,0.1768,-0.0679,0.9287,-4.82,-0.35,-0.72,0.9478,0.0522
desk_still,16288,12216,0.1763,-0.0740,0.9265,-4.76,-0.28,-0.78,0.9460,0.0540
desk_still,16328,12256,0.1750,-0.0667,0.9290,-5.10,-0.33,-0.85,0.9477,0.0523
desk_still,16340,12268,0.1785,-0.0662,0.9229,-4.84,-0.24,-0.44,0.9423,0.0577
desk_still,16352,12280,0.1780,-0.0635,0.9387,-4.76,-0.40,-0.80,0.9576,0.0424
desk_still,16364,12292,0.1709,-0.0674,0.9297,-4.92,-0.18,-0.56,0.9477,0.0523
desk_still,16376,12304,0.1782,-0.0627,0.9236,-4.85,-0.33,-0.84,0.9427,0.0573
desk_still,16388,12316,0.1765,-0.0627,0.9316,-4.82,-0.04,-0.63,0.9503,0.0497
desk_still,16400,12328,0.1750,-0.0654,0.9233,-4.93,-0.24,-0.63,0.9421,0.0579
desk_still,16412,12340,0.1733,-0.0718,0.9309,-4.78,-0.24,-0.53,0.9496,0.0504
desk_still,16424,12352,0.1804,-0.0662,0.9260,-4.74,-0.33,-0.50,0.9458,0.0542
desk_still,16436,12364,0.1736,-0.0625,0.9233,-4.87,-0.21,-0.62,0.9416,0.0584
desk_still,16469,12397,0.1758,-0.0649,0.9304,-4.82,-0.12,-0.83,0.9491,0.0509
desk_still,16481,12409,0.1765,-0.0703,0.9185,-4.93,-0.32,-0.73,0.9379,0.0621
desk_still,16493,12421,0.1763,-0.0662,0.9197,-4.88,-0.29,-0.42,0.9388,0.0612
desk_still,16505,12433,0.1753,-0.0676,0.9290,-4.65,-0.15,-0.46,0.9478,0.0522
desk_still,16517,12445,0.1750,-0.0642,0.9270,-4.83,-0.40,-0.56,0.9456,0.0544
desk_still,16529,12457,0.1736,-0.0610,0.9268,-4.79,-0.30,-0.76,0.9448,0.0552
desk_still,16541,12469,0.1711,-0.0674,0.9314,-4.82,-0.23,-0.86,0.9494,0.0506
desk_still,16553,12481,0.1824,-0.0674,0.9316,-4.82,-0.26,-0.78,0.9517,0.0483
desk_still,16565,12493,0.1794,-0.0632,0.9333,-4.82,-0.21,-0.62,0.9525,0.0475
desk_still,16577,12505,0.1738,-0.0640,0.9268,-5.00,-0.16,-0.71,0.9451,0.0549
desk_still,16617,12545,0.1772,-0.0769,0.9314,-4.80,-0.21,-0.60,0.9512,0.0488
desk_still,16629,12557,0.1838,-0.0662,0.9211,-4.98,-0.24,-0.79,0.9416,0.0584
desk_still,16641,12569,0.1765,-0.0640,0.9290,-4.95,-0.33,-0.74,0.9477,0.0523
desk_still,16653,12581,0.1809,-0.0679,0.9290,-4.80,-0.24,-0.70,0.9488,0.0512
desk_still,16665,12593,0.1760,-0.0679,0.9248,-4.79,-0.13,-0.66,0.9439,0.0561
desk_still,16677,12605,0.1790,-0.0674,0.9280,-4.70,-0.12,-0.82,0.9475,0.0525
desk_still,16689,12617,0.1714,-0.0674,0.9375,-4.89,-0.10,-0.74,0.9554,0.0446
desk_still,16701,12629,0.1738,-0.0681,0.9299,-4.93,-0.04,-0.47,0.9485,0.0515
desk_still,16713,12641,0.1743,-0.0645,0.9297,-4.88,-0.18,-0.66,0.9481,0.0519
desk_still,16725,12653,0.1753,-0.0623,0.9265,-4.85,-0.20,-0.80,0.9450,0.0550
desk_still,16788,12716,0.1758,-0.0701,0.9216,-4.82,-0.26,-0.69,0.9409,0.0591
desk_still,16800,12728,0.1755,-0.0671,0.9294,-4.73,-0.21,-0.76,0.9483,0.0517
desk_still,16812,12740,0.1819,-0.0625,0.9280,-4.88,-0.27,-0.68,0.9477,0.0523
desk_still,16824,12752,0.1763,-0.0679,0.9304,-4.72,-0.11,-0.56,0.9494,0.0506
desk_still,16836,12764,0.1758,-0.0713,0.9316,-4.95,-0.18,-0.37,0.9508,0.0492
desk_still,16848,12776,0.1731,-0.0642,0.9292,-4.89,-0.14,-0.84,0.9474,0.0526
desk_still,16860,12788,0.1814,-0.0608,0.9224,-4.98,-0.08,-0.76,0.9420,0.0580
desk_still,16872,12800,0.1758,-0.0610,0.9309,-4.79,-0.24,-0.52,0.9493,0.0507
desk_still,16884,12812,0.1775,-0.0662,0.9297,-4.91,-0.13,-0.73,0.9488,0.0512
desk_still,16896,12824,0.1775,-0.0632,0.9241,-5.00,-0.23,-0.54,0.9431,0.0569
desk_still,16940,12868,0.1794,-0.0632,0.9277,-4.79,-0.12,-0.63,0.9470,0.0530
desk_still,16952,12880,0.1704,-0.0679,0.9248,-4.98,-0.18,-0.70,0.9428,0.0572
desk_still,16964,12892,0.1799,-0.0696,0.9316,-4.83,-0.33,-0.79,0.9514,0.0486
desk_still,16976,12904,0.1812,-0.0662,0.9241,-4.85,-0.24,-0.71,0.9440,0.0560
desk_still,16988,12916,0.1809,-0.0710,0.9287,-4.82,-0.14,-0.80,0.9488,0.0512
desk_still,17000,12928,0.1785,-0.0659,0.9292,-4.96,-0.49,-0.54,0.9485,0.0515
desk_still,17012,12940,0.1746,-0.0701,0.9329,-4.62,-0.15,-0.73,0.9516,0.0484
desk_still,17024,12952,0.1785,-0.0669,0.9360,-5.04,-0.18,-0.66,0.9552,0.0448
desk_still,17036,12964,0.1746,-0.0750,0.9275,-4.71,-0.09,-0.74,0.9467,0.0533
desk_still,17048,12976,0.1777,-0.0720,0.9282,-5.02,-0.28,-0.66,0.9478,0.0522
desk_still,17081,13009,0.1760,-0.0723,0.9265,-4.78,-0.27,-0.54,0.9459,0.0541
desk_still,17093,13021,0.1736,-0.0615,0.9219,-4.91,-0.24,-0.76,0.9401,0.0599
desk_still,17105,13033,0.1794,-0.0649,0.9338,-4.85,-0.14,-0.81,0.9531,0.0469
desk_still,17117,13045,0.1758,-0.0732,0.9241,-4.85,-0.15,-0.69,0.9435,0.0565
desk_still,17129,13057,0.1746,-0.0642,0.9338,-4.92,-0.37,-0.74,0.9522,0.0478
desk_still,17141,13069,0.1738,-0.0723,0.9285,-4.94,-0.26,-0.81,0.9474,0.0526
desk_still,17153,13081,0.1733,-0.0669,0.9333,-4.76,-0.23,-0.73,0.9517,0.0483
desk_still,17165,13093,0.1790,-0.0610,0.9309,-4.79,-0.44,-0.89,0.9499,0.0501
desk_still,17177,13105,0.1819,-0.0605,0.9316,-4.93,-0.23,-0.42,0.9512,0.0488
desk_still,17189,13117,0.1704,-0.0686,0.9331,-4.85,-0.20,-0.54,0.9510,0.0490
desk_still,17229,13157,0.1794,-0.0645,0.9307,-4.81,-0.09,-0.68,0.9500,0.0500
desk_still,17241,13169,0.1794,-0.0657,0.9268,-4.69,-0.08,-0.77,0.9463,0.0537
desk_still,17253,13181,0.1787,-0.0627,0.9290,-4.85,-0.13,-0.70,0.9481,0.0519
desk_still,17265,13193,0.1804,-0.0635,0.9221,-4.82,-0.21,-0.75,0.9417,0.0583
desk_still,17277,13205,0.1726,-0.0649,0.9207,-4.96,-0.14,-0.55,0.9389,0.0611
desk_still,17289,13217,0.1782,-0.0610,0.9314,-5.21,-0.22,-0.53,0.9503,0.0497
desk_still,17301,13229,0.1782,-0.0632,0.9343,-4.85,-0.21,-0.60,0.9533,0.0467
desk_still,17313,13241,0.1772,-0.0681,0.9321,-4.87,-0.17,-0.66,0.9513,0.0487
desk_still,17325,13253,0.1770,-0.0667,0.9321,-4.63,-0.21,-0.68,0.9511,0.0489
desk_still,17337,13265,0.1775,-0.0674,0.9365,-5.04,-0.15,-0.89,0.9556,0.0444
desk_still,17370,13298,0.1743,-0.0701,0.9219,-4.78,-0.18,-0.63,0.9408,0.0592
desk_still,17382,13310,0.1790,-0.0669,0.9297,-4.98,-0.09,-0.66,0.9491,0.0509
desk_still,17394,13322,0.1768,-0.0620,0.9285,-4.89,-0.05,-0.60,0.9472,0.0528
desk_still,17406,13334,0.1809,-0.0642,0.9219,-4.89,-0.21,-0.73,0.9416,0.0584
desk_still,17418,13346,0.1838,-0.0681,0.9309,-4.89,0.11,-0.63,0.9513,0.0487
desk_still,17430,13358,0.1738,-0.0713,0.9282,-5.00,-0.15,-0.74,0.9470,0.0530
desk_still,17442,13370,0.1794,-0.0696,0.9272,-4.63,-0.14,-0.60,0.9470,0.0530
desk_still,17454,13382,0.1743,-0.0710,0.9265,-4.89,-0.46,-0.67,0.9454,0.0546
desk_still,17466,13394,0.1819,-0.0671,0.9238,-4.84,-0.28,-0.88,0.9440,0.0560
desk_still,17478,13406,0.1716,-0.0686,0.9280,-4.80,-0.19,-0.69,0.9462,0.0538
desk_still,17518,13446,0.1763,-0.0679,0.9294,-4.93,-0.16,-0.73,0.9484,0.0516
desk_still,17530,13458,0.1697,-0.0708,0.9248,-4.82,-0.11,-0.45,0.9429,0.0571
desk_still,17542,13470,0.1772,-0.0654,0.9236,-4.82,-0.08,-0.66,0.9427,0.0573
desk_still,17554,13482,0.1768,-0.0676,0.9277,-4.99,-0.10,-0.72,0.9468,0.0532
desk_still,17566,13494,0.1799,-0.0745,0.9231,-4.78,-0.18,-0.84,0.9434,0.0566
desk_still,17578,13506,0.1777,-0.0728,0.9314,-4.84,-0.24,-0.75,0.9510,0.0490
desk_still,17590,13518,0.1763,-0.0696,0.9307,-4.79,-0.25,-0.62,0.9498,0.0502
desk_still,17602,13530,0.1794,-0.0615,0.9231,-4.85,-0.27,-0.66,0.9424,0.0576
desk_still,17614,13542,0.1819,-0.0645,0.9343,-5.02,-0.19,-0.66,0.9540,0.0460
desk_still,17626,13554,0.1768,-0.0630,0.9353,-4.89,-0.24,-0.88,0.9539,0.0461
desk_still,17666,13594,0.1729,-0.0693,0.9294,-4.79,-0.27,-0.91,0.9479,0.0521
desk_still,17678,13606,0.1775,-0.0686,0.9307,-4.69,-0.08,-0.69,0.9499,0.0501
desk_still,17690,13618,0.1765,-0.0654,0.9268,-4.74,-0.34,-0.62,0.9457,0.0543
desk_still,17702,13630,0.1792,-0.0684,0.9250,-4.98,-0.06,-0.68,0.9447,0.0553
desk_still,17714,13642,0.1685,-0.0703,0.9243,-4.88,-0.08,-0.69,0.9422,0.0578
desk_still,17726,13654,0.1729,-0.0698,0.9265,-4.91,-0.21,-0.67,0.9451,0.0549
desk_still,17738,13666,0.1760,-0.0635,0.9277,-4.79,-0.22,-0.72,0.9464,0.0536
desk_still,17750,13678,0.1799,-0.0686,0.9380,-4.50,-0.44,-0.56,0.9576,0.0424
desk_still,17762,13690,0.1804,-0.0684,0.9290,-4.79,-0.11,-0.53,0.9488,0.0512
desk_still,17774,13702,0.1807,-0.0637,0.9265,-4.95,-0.34,-0.61,0.9461,0.0539
desk_still,17807,13735,0.1775,-0.0652,0.9302,-4.95,-0.33,-0.91,0.9492,0.0508
desk_still,17819,13747,0.1758,-0.0686,0.9263,-4.98,-0.17,-0.86,0.9453,0.0547
desk_still,17831,13759,0.1746,-0.0703,0.9324,-4.90,-0.15,-0.83,0.9512,0.0488
desk_still,17843,13771,0.1697,-0.0627,0.9253,-4.77,-0.32,-0.65,0.9428,0.0572
desk_still,17855,13783,0.1709,-0.0618,0.9211,-4.99,-0.15,-0.87,0.9389,0.0611
desk_still,17867,13795,0.1824,-0.0669,0.9282,-4.88,-0.25,-0.57,0.9483,0.0517
desk_still,17879,13807,0.1714,-0.0669,0.9272,-4.87,-0.15,-0.57,0.9453,0.0547
desk_still,17891,13819,0.1775,-0.0725,0.9263,-4.60,-0.14,-0.60,0.9459,0.0541
desk_still,17903,13831,0.1768,-0.0610,0.9294,-4.92,-0.15,-0.89,0.9481,0.0519
desk_still,17915,13843,0.1743,-0.0652,0.9197,-4.78,-0.30,-0.69,0.9383,0.0617
desk_still,17955,13883,0.1797,-0.0679,0.9373,-4.85,-0.25,-0.74,0.9567,0.0433
desk_still,17967,13895,0.1709,-0.0674,0.9316,-5.02,-0.31,-0.66,0.9496,0.0504
desk_still,17979,13907,0.1819,-0.0640,0.9272,-4.89,-0.34,-0.67,0.9471,0.0529
desk_still,17991,13919,0.1804,-0.0691,0.9268,-4.97,-0.39,-0.67,0.9467,0.0533
desk_still,18003,13931,0.1809,-0.0686,0.9238,-4.97,-0.12,-0.70,0.9439,0.0561
desk_still,18015,13943,0.1765,-0.0703,0.9258,-4.90,-0.08,-0.79,0.9451,0.0549
desk_still,18027,13955,0.1814,-0.0625,0.9246,-4.94,-0.17,-0.84,0.9443,0.0557
desk_still,18039,13967,0.1726,-0.0708,0.9309,-4.76,-0.34,-0.51,0.9494,0.0506
desk_still,18051,13979,0.1699,-0.0679,0.9263,-4.93,-0.30,-0.92,0.9442,0.0558
desk_still,18063,13991,0.1843,-0.0691,0.9214,-4.74,-0.19,-0.79,0.9422,0.0578
desk_still,18096,14024,0.1777,-0.0671,0.9260,-4.69,-0.40,-0.93,0.9453,0.0547
desk_still,18108,14036,0.1711,-0.0630,0.9292,-4.76,-0.20,-0.66,0.9469,0.0531
desk_still,18120,14048,0.1755,-0.0649,0.9275,-4.89,-0.34,-0.69,0.9462,0.0538
desk_still,18132,14060,0.1763,-0.0664,0.9312,-4.95,-0.10,-0.52,0.9500,0.0500
desk_still,18144,14072,0.1753,-0.0664,0.9243,-4.80,-0.24,-0.60,0.9431,0.0569
desk_still,18156,14084,0.1777,-0.0593,0.9214,-4.92,-0.25,-0.81,0.9402,0.0598
desk_still,18168,14096,0.1826,-0.0637,0.9292,-4.79,-0.31,-0.92,0.9491,0.0509
desk_still,18180,14108,0.1743,-0.0674,0.9324,-4.91,-0.15,-0.77,0.9509,0.0491
desk_still,18192,14120,0.1711,-0.0657,0.9263,-4.91,-0.29,-0.48,0.9442,0.0558
desk_still,18204,14132,0.1704,-0.0696,0.9324,-4.87,-0.14,-0.77,0.9504,0.0496
desk_still,18273,14201,0.1741,-0.0679,0.9373,-5.11,-0.29,-0.82,0.9557,0.0443
desk_still,18285,14213,0.1777,-0.0676,0.9294,-4.66,-0.44,-0.71,0.9487,0.0513
desk_still,18297,14225,0.1775,-0.0598,0.9268,-5.05,-0.34,-0.79,0.9455,0.0545
desk_still,18309,14237,0.1760,-0.0635,0.9219,-4.82,-0.38,-0.44,0.9407,0.0593
desk_still,18321,14249,0.1719,-0.0652,0.9263,-4.76,-0.22,-0.58,0.9443,0.0557
desk_still,18333,14261,0.1787,-0.0669,0.9275,-4.76,-0.11,-0.69,0.9469,0.0531
desk_still,18345,14273,0.1790,-0.0630,0.9211,-4.88,-0.10,-0.60,0.9405,0.0595
desk_still,18357,14285,0.1738,-0.0645,0.9229,-4.92,-0.23,-0.64,0.9413,0.0587
desk_still,18369,14297,0.1755,-0.0688,0.9338,-4.69,-0.13,-0.47,0.9527,0.0473
desk_still,18381,14309,0.1772,-0.0652,0.9272,-4.85,-0.11,-0.82,0.9463,0.0537
desk_still,18420,14348,0.1670,-0.0679,0.9307,-4.99,-0.17,-0.65,0.9480,0.0520
desk_still,18432,14360,0.1797,-0.0642,0.9285,-4.80,-0.31,-0.82,0.9479,0.0521
desk_still,18444,14372,0.1746,-0.0696,0.9282,-4.96,-0.18,-0.61,0.9471,0.0529
desk_still,18456,14384,0.1733,-0.0637,0.9236,-4.96,-0.23,-0.60,0.9419,0.0581
desk_still,18468,14396,0.1765,-0.0686,0.9250,-4.84,-0.15,-0.69,0.9442,0.0558
desk_still,18480,14408,0.1760,-0.0715,0.9316,-4.62,-0.31,-0.80,0.9508,0.0492
desk_still,18492,14420,0.1799,-0.0645,0.9241,-4.88,-0.03,-0.48,0.9436,0.0564
desk_still,18504,14432,0.1697,-0.0696,0.9292,-4.89,-0.28,-0.60,0.9471,0.0529
desk_still,18516,14444,0.1794,-0.0706,0.9343,-4.84,-0.16,-0.75,0.9540,0.0460
desk_still,18528,14456,0.1770,-0.0713,0.9241,-4.76,-0.18,-0.59,0.9436,0.0564
desk_still,18569,14497,0.1724,-0.0671,0.9241,-5.03,-0.31,-0.66,0.9424,0.0576
desk_still,18581,14509,0.1729,-0.0623,0.9355,-4.99,-0.21,-0.51,0.9534,0.0466
desk_still,18593,14521,0.1719,-0.0642,0.9282,-4.90,-0.20,-0.85,0.9462,0.0538
desk_still,18605,14533,0.1709,-0.0698,0.9241,-4.87,-0.20,-0.73,0.9423,0.0577
desk_still,18617,14545,0.1785,-0.0608,0.9246,-4.89,-0.24,-0.76,0.9436,0.0564
desk_still,18629,14557,0.1753,-0.0691,0.9238,-4.91,-0.17,-0.81,0.9428,0.0572
desk_still,18641,14569,0.1750,-0.0674,0.9338,-4.89,-0.22,-0.81,0.9525,0.0475
desk_still,18653,14581,0.1750,-0.0613,0.9285,-4.76,-0.37,-0.76,0.9468,0.0532
desk_still,18665,14593,0.1758,-0.0693,0.9290,-4.89,-0.28,-0.72,0.9480,0.0520
desk_still,18677,14605,0.1763,-0.0662,0.9285,-4.79,-0.29,-0.73,0.9474,0.0526
desk_still,18710,14638,0.1777,-0.0674,0.9255,-4.94,-0.18,-0.66,0.9449,0.0551
desk_still,18722,14650,0.1799,-0.0720,0.9258,-4.95,-0.14,-0.54,0.9459,0.0541
desk_still,18734,14662,0.1719,-0.0715,0.9243,-4.82,-0.27,-0.50,0.9429,0.0571
desk_still,18746,14674,0.1782,-0.0662,0.9297,-4.79,-0.15,-0.76,0.9489,0.0511
desk_still,18758,14686,0.1782,-0.0688,0.9351,-4.92,-0.23,-0.67,0.9544,0.0456
desk_still,18770,14698,0.1721,-0.0620,0.9309,-4.95,-0.26,-0.69,0.9487,0.0513
desk_still,18782,14710,0.1790,-0.0598,0.9209,-4.90,-0.17,-0.70,0.9400,0.0600
desk_still,18794,14722,0.1824,-0.0654,0.9258,-4.75,0.02,-0.87,0.9458,0.0542
desk_still,18806,14734,0.1785,-0.0652,0.9243,-4.89,-0.02,-0.85,0.9436,0.0564
desk_still,18818,14746,0.1746,-0.0693,0.9314,-4.84,-0.16,-0.81,0.9501,0.0499
desk_still,18858,14786,0.1760,-0.0667,0.9270,-4.94,-0.34,-0.60,0.9459,0.0541
desk_still,18870,14798,0.1736,-0.0662,0.9280,-4.87,-0.09,-0.74,0.9464,0.0536
desk_still,18882,14810,0.1851,-0.0679,0.9314,-4.94,-0.27,-0.51,0.9520,0.0480
desk_still,18894,14822,0.1731,-0.0686,0.9238,-5.08,-0.28,-0.35,0.9424,0.0576
desk_still,18906,14834,0.1729,-0.0674,0.9241,-4.84,-0.23,-0.51,0.9425,0.0575
desk_still,18918,14846,0.1716,-0.0645,0.9299,-4.90,-0.20,-0.68,0.9478,0.0522
desk_still,18930,14858,0.1748,-0.0637,0.9209,-4.88,-0.07,-0.55,0.9395,0.0605
desk_still,18942,14870,0.1697,-0.0664,0.9299,-4.95,-0.27,-0.73,0.9476,0.0524
desk_still,18954,14882,0.1770,-0.0669,0.9309,-5.02,-0.27,-0.76,0.9499,0.0501
desk_still,18966,14894,0.1741,-0.0669,0.9248,-4.76,-0.06,-0.83,0.9434,0.0566
desk_still,18999,14927,0.1768,-0.0647,0.9280,-4.90,-0.24,-0.74,0.9469,0.0531
desk_still,19011,14939,0.1760,-0.0703,0.9236,-4.84,-0.07,-0.44,0.9428,0.0572
desk_still,19023,14951,0.1804,-0.0679,0.9202,-4.79,-0.20,-0.84,0.9401,0.0599
desk_still,19035,14963,0.1807,-0.0730,0.9329,-4.85,0.11,-0.85,0.9530,0.0470
desk_still,19047,14975,0.1753,-0.0659,0.9265,-4.78,-0.19,-0.76,0.9453,0.0547
desk_still,19059,14987,0.1790,-0.0681,0.9165,-4.90,-0.21,-0.65,0.9363,0.0637
desk_still,19071,14999,0.1748,-0.0681,0.9175,-5.02,-0.15,-0.63,0.9365,0.0635
desk_still,19083,15011,0.1729,-0.0645,0.9219,-4.74,-0.17,-0.73,0.9402,0.0598
desk_still,19095,15023,0.1777,-0.0674,0.9233,-4.84,-0.27,-0.65,0.9427,0.0573
desk_still,19107,15035,0.1809,-0.0684,0.9297,-4.78,-0.18,-0.60,0.9496,0.0504
desk_still,19147,15075,0.1772,-0.0698,0.9314,-4.73,-0.05,-0.53,0.9507,0.0493
desk_still,19159,15087,0.1704,-0.0647,0.9285,-4.76,-0.22,-0.66,0.9462,0.0538
desk_still,19171,15099,0.1719,-0.0654,0.9329,-4.79,-0.21,-0.60,0.9508,0.0492
desk_still,19183,15111,0.1814,-0.0703,0.9280,-4.84,-0.25,-0.52,0.9482,0.0518
desk_still,19195,15123,0.1748,-0.0688,0.9287,-4.80,-0.28,-0.62,0.9475,0.0525
desk_still,19207,15135,0.1748,-0.0698,0.9255,-4.79,-0.12,-0.65,0.9445,0.0555
desk_still,19219,15147,0.1736,-0.0654,0.9280,-4.91,-0.31,-0.80,0.9463,0.0537
desk_still,19231,15159,0.1775,-0.0659,0.9285,-4.84,-0.34,-0.66,0.9476,0.0524
desk_still,19243,15171,0.1775,-0.0693,0.9285,-5.03,-0.24,-0.57,0.9478,0.0522
desk_still,19255,15183,0.1775,-0.0669,0.9265,-4.70,-0.33,-0.82,0.9457,0.0543
desk_still,19288,15216,0.1760,-0.0667,0.9282,-4.96,-0.15,-0.80,0.9471,0.0529
desk_still,19300,15228,0.1780,-0.0620,0.9299,-4.79,-0.34,-0.64,0.9488,0.0512
desk_still,19312,15240,0.1753,-0.0686,0.9209,-4.74,-0.14,-0.83,0.9399,0.0601
desk_still,19324,15252,0.1780,-0.0693,0.9292,-4.76,-0.20,-0.67,0.9486,0.0514
desk_still,19336,15264,0.1738,-0.0679,0.9348,-4.80,-0.21,-0.91,0.9533,0.0467
desk_still,19348,15276,0.1790,-0.0664,0.9355,-4.82,-0.25,-0.62,0.9548,0.0452
desk_still,19360,15288,0.1777,-0.0693,0.9199,-5.03,-0.28,-0.82,0.9395,0.0605
desk_still,19372,15300,0.1799,-0.0662,0.9358,-4.96,-0.27,-0.60,0.9552,0.0448
desk_still,19384,15312,0.1743,-0.0608,0.9294,-4.77,-0.16,-0.64,0.9476,0.0524
desk_still,19396,15324,0.1855,-0.0657,0.9304,-4.80,-0.36,-0.55,0.9510,0.0490
desk_still,19435,15363,0.1777,-0.0688,0.9324,-4.89,-0.15,-0.73,0.9517,0.0483
desk_still,19447,15375,0.1782,-0.0693,0.9268,-4.93,-0.07,-0.92,0.9463,0.0537
desk_still,19459,15387,0.1743,-0.0701,0.9336,-4.92,-0.40,-0.59,0.9523,0.0477
desk_still,19471,15399,0.1736,-0.0637,0.9238,-4.80,-0.11,-0.59,0.9422,0.0578
desk_still,19483,15411,0.1768,-0.0620,0.9268,-4.72,-0.13,-0.75,0.9455,0.0545
desk_still,19495,15423,0.1746,-0.0645,0.9277,-4.71,0.00,-0.72,0.9462,0.0538
desk_still,19507,15435,0.1726,-0.0669,0.9189,-4.67,-0.19,-0.74,0.9374,0.0626
desk_still,19519,15447,0.1746,-0.0598,0.9309,-4.73,-0.15,-0.76,0.9490,0.0510
desk_still,19531,15459,0.1755,-0.0640,0.9297,-4.91,-0.26,-0.70,0.9483,0.0517
desk_still,19543,15471,0.1760,-0.0671,0.9316,-4.76,-0.19,-0.66,0.9505,0.0495
desk_still,19576,15504,0.1797,-0.0662,0.9260,-4.79,-0.27,-0.73,0.9456,0.0544
desk_still,19588,15516,0.1716,-0.0586,0.9211,-4.82,-0.08,-0.60,0.9388,0.0612
desk_still,19600,15528,0.1724,-0.0623,0.9402,-4.74,-0.09,-0.69,0.9579,0.0421
desk_still,19612,15540,0.1750,-0.0674,0.9304,-4.98,-0.33,-0.73,0.9491,0.0509
desk_still,19624,15552,0.1707,-0.0693,0.9255,-4.77,-0.35,-0.73,0.9437,0.0563
desk_still,19636,15564,0.1753,-0.0642,0.9290,-4.78,-0.21,-0.57,0.9475,0.0525
desk_still,19648,15576,0.1746,-0.0654,0.9292,-4.93,-0.05,-0.60,0.9477,0.0523
desk_still,19660,15588,0.1738,-0.0640,0.9250,-4.77,-0.19,-0.70,0.9434,0.0566
desk_still,19672,15600,0.1765,-0.0667,0.9280,-5.00,-0.18,-0.76,0.9470,0.0530
desk_still,19684,15612,0.1750,-0.0630,0.9333,-4.67,-0.15,-0.70,0.9517,0.0483
desk_still,19724,15652,0.1758,-0.0701,0.9341,-4.92,-0.12,-0.60,0.9531,0.0469
desk_still,19736,15664,0.1758,-0.0674,0.9294,-4.79,-0.32,-0.85,0.9483,0.0517
desk_still,19748,15676,0.1802,-0.0659,0.9277,-4.85,-0.32,-0.79,0.9474,0.0526
desk_still,19760,15688,0.1765,-0.0635,0.9255,-4.91,-0.40,-0.57,0.9444,0.0556
desk_still,19772,15700,0.1824,-0.0657,0.9316,-4.85,-0.19,-0.64,0.9516,0.0484
desk_still,19784,15712,0.1797,-0.0635,0.9370,-4.71,-0.27,-0.67,0.9562,0.0438
desk_still,19796,15724,0.1780,-0.0640,0.9268,-4.89,-0.02,-0.63,0.9459,0.0541
desk_still,19808,15736,0.1733,-0.0676,0.9321,-4.85,-0.22,-0.57,0.9505,0.0495
desk_still,19820,15748,0.1736,-0.0605,0.9387,-4.88,-0.18,-0.82,0.9566,0.0434
desk_still,19832,15760,0.1802,-0.0640,0.9221,-4.85,-0.03,-0.78,0.9417,0.0583
desk_still,19895,15823,0.1816,-0.0664,0.9380,-4.83,-0.26,-0.50,0.9577,0.0423
desk_still,19907,15835,0.1741,-0.0603,0.9373,-5.06,-0.37,-0.83,0.9552,0.0448
desk_still,19919,15847,0.1750,-0.0642,0.9307,-4.85,-0.30,-0.57,0.9492,0.0508
desk_still,19931,15859,0.1743,-0.0557,0.9258,-4.76,-0.19,-0.63,0.9437,0.0563
desk_still,19943,15871,0.1785,-0.0686,0.9263,-4.73,-0.32,-0.78,0.9458,0.0542
desk_still,19955,15883,0.1775,-0.0676,0.9319,-4.89,-0.06,-0.53,0.9510,0.0490
desk_still,19967,15895,0.1731,-0.0623,0.9209,-4.89,-0.15,-0.76,0.9391,0.0609
desk_still,19979,15907,0.1724,-0.0664,0.9368,-4.87,-0.11,-0.86,0.9548,0.0452
desk_still,19991,15919,0.1733,-0.0688,0.9231,-5.10,-0.27,-0.66,0.9417,0.0583
desk_still,20003,15931,0.1741,-0.0654,0.9260,-4.83,-0.12,-0.64,0.9445,0.0555
desk_still,20049,15977,0.1797,-0.0630,0.9275,-4.69,-0.45,-0.59,0.9468,0.0532
desk_still,20061,15989,0.1794,-0.0647,0.9329,-4.85,-0.40,-0.66,0.9522,0.0478
desk_still,20073,16001,0.1765,-0.0635,0.9312,-4.86,-0.20,-0.69,0.9499,0.0501
desk_still,20085,16013,0.1750,-0.0637,0.9250,-4.90,-0.11,-0.63,0.9436,0.0564
desk_still,20097,16025,0.1814,-0.0669,0.9216,-4.85,-0.18,-0.69,0.9417,0.0583
desk_still,20109,16037,0.1729,-0.0645,0.9263,-4.83,-0.15,-0.59,0.9445,0.0555
desk_still,20121,16049,0.1765,-0.0652,0.9336,-4.93,-0.21,-0.63,0.9524,0.0476
desk_still,20133,16061,0.1780,-0.0728,0.9277,-5.02,-0.15,-0.61,0.9474,0.0526
desk_still,20145,16073,0.1765,-0.0664,0.9285,-4.97,-0.33,-0.44,0.9474,0.0526
desk_still,20157,16085,0.1758,-0.0654,0.9282,-4.77,-0.31,-0.49,0.9470,0.0530
desk_still,20190,16118,0.1724,-0.0649,0.9204,-4.95,-0.23,-0.66,0.9387,0.0613
desk_still,20202,16130,0.1746,-0.0693,0.9329,-4.88,-0.21,-0.79,0.9516,0.0484
desk_still,20214,16142,0.1794,-0.0671,0.9385,-4.93,-0.23,-0.95,0.9578,0.0422
desk_still,20226,16154,0.1787,-0.0691,0.9226,-4.77,-0.20,-0.78,0.9423,0.0577
desk_still,20238,16166,0.1792,-0.0659,0.9275,-4.81,-0.37,-0.54,0.9469,0.0531
desk_still,20250,16178,0.1755,-0.0608,0.9336,-4.92,-0.25,-0.67,0.9519,0.0481
desk_still,20262,16190,0.1775,-0.0710,0.9314,-4.93,-0.25,-0.59,0.9508,0.0492
desk_still,20274,16202,0.1760,-0.0613,0.9282,-4.76,-0.06,-0.66,0.9468,0.0532
desk_still,20286,16214,0.1785,-0.0654,0.9253,-4.82,-0.13,-0.82,0.9446,0.0554
desk_still,20298,16226,0.1726,-0.0703,0.9326,-4.79,-0.24,-0.77,0.9511,0.0489
desk_still,20338,16266,0.1707,-0.0681,0.9302,-4.82,-0.29,-0.82,0.9482,0.0518
desk_still,20350,16278,0.1770,-0.0674,0.9270,-4.97,-0.13,-0.52,0.9462,0.0538
desk_still,20362,16290,0.1775,-0.0630,0.9265,-5.12,-0.22,-0.90,0.9455,0.0545
desk_still,20374,16302,0.1809,-0.0713,0.9321,-5.01,-0.24,-0.69,0.9522,0.0478
desk_still,20386,16314,0.1792,-0.0681,0.9329,-4.79,-0.12,-0.72,0.9524,0.0476
desk_still,20398,16326,0.1697,-0.0669,0.9290,-4.88,-0.08,-0.74,0.9467,0.0533
desk_still,20410,16338,0.1841,-0.0710,0.9260,-4.85,-0.09,-0.84,0.9468,0.0532
desk_still,20422,16350,0.1731,-0.0659,0.9197,-4.81,-0.18,-0.54,0.9381,0.0619
desk_still,20434,16362,0.1787,-0.0688,0.9209,-4.89,-0.07,-0.81,0.9406,0.0594
desk_still,20446,16374,0.1758,-0.0662,0.9272,-4.78,-0.31,-0.72,0.9461,0.0539
desk_still,20479,16407,0.1702,-0.0679,0.9275,-4.89,-0.15,-0.74,0.9454,0.0546
desk_still,20491,16419,0.1746,-0.0686,0.9236,-4.90,-0.05,-0.74,0.9424,0.0576
desk_still,20503,16431,0.1753,-0.0632,0.9258,-4.79,-0.29,-0.84,0.9444,0.0556
desk_still,20515,16443,0.1772,-0.0640,0.9272,-4.91,-0.12,-0.73,0.9462,0.0538
desk_still,20527,16455,0.1763,-0.0686,0.9207,-4.91,-0.27,-0.62,0.9399,0.0601
desk_still,20539,16467,0.1802,-0.0652,0.9319,-4.65,-0.32,-0.56,0.9514,0.0486
desk_still,20551,16479,0.1790,-0.0735,0.9233,-4.89,-0.25,-0.79,0.9434,0.0566
desk_still,20563,16491,0.1792,-0.0693,0.9253,-4.86,-0.44,-0.80,0.9450,0.0550
desk_still,20575,16503,0.1785,-0.0764,0.9319,-4.92,-0.11,-0.43,0.9519,0.0481
desk_still,20587,16515,0.1729,-0.0669,0.9299,-4.79,-0.25,-0.53,0.9482,0.0518
desk_still,20627,16555,0.1785,-0.0713,0.9316,-5.00,-0.24,-0.73,0.9513,0.0487
desk_still,20639,16567,0.1812,-0.0620,0.9299,-4.73,-0.28,-0.71,0.9494,0.0506
desk_still,20651,16579,0.1748,-0.0701,0.9246,-4.69,-0.35,-0.69,0.9435,0.0565
desk_still,20663,16591,0.1750,-0.0645,0.9170,-4.82,-0.17,-0.79,0.9358,0.0642
desk_still,20675,16603,0.1731,-0.0642,0.9312,-4.80,-0.29,-0.71,0.9493,0.0507
desk_still,20687,16615,0.1799,-0.0642,0.9268,-4.71,-0.20,-0.69,0.9462,0.0538
desk_still,20699,16627,0.1777,-0.0728,0.9292,-4.63,-0.14,-0.67,0.9488,0.0512
desk_still,20711,16639,0.1785,-0.0625,0.9255,-4.87,-0.12,-0.53,0.9447,0.0553
desk_still,20723,16651,0.1829,-0.0623,0.9180,-4.86,-0.08,-0.74,0.9381,0.0619
desk_still,20735,16663,0.1765,-0.0681,0.9243,-4.88,-0.07,-0.79,0.9435,0.0565
desk_still,20775,16703,0.1741,-0.0676,0.9282,-4.87,-0.31,-0.50,0.9468,0.0532
desk_still,20787,16715,0.1748,-0.0674,0.9253,-4.82,0.01,-0.61,0.9441,0.0559
desk_still,20799,16727,0.1736,-0.0662,0.9299,-4.78,-0.18,-0.74,0.9483,0.0517
desk_still,20811,16739,0.1770,-0.0657,0.9338,-5.00,-0.34,-0.70,0.9527,0.0473
desk_still,20823,16751,0.1777,-0.0623,0.9211,-4.74,-0.26,-0.73,0.9402,0.0598
desk_still,20835,16763,0.1726,-0.0691,0.9141,-4.77,-0.16,-0.54,0.9328,0.0672
desk_still,20847,16775,0.1809,-0.0664,0.9253,-4.86,-0.47,-0.66,0.9451,0.0549
desk_still,20859,16787,0.1797,-0.0671,0.9290,-4.85,-0.24,-0.85,0.9486,0.0514
desk_still,20871,16799,0.1750,-0.0664,0.9241,-5.03,-0.08,-0.69,0.9428,0.0572
desk_still,20883,16811,0.1770,-0.0618,0.9316,-5.03,-0.15,-0.47,0.9503,0.0497
desk_still,20917,16845,0.1775,-0.0654,0.9343,-4.78,-0.02,-0.58,0.9533,0.0467
desk_still,20929,16857,0.1726,-0.0649,0.9314,-5.01,-0.25,-0.66,0.9495,0.0505
desk_still,20941,16869,0.1714,-0.0615,0.9236,-4.73,-0.34,-0.51,0.9414,0.0586
desk_still,20953,16881,0.1780,-0.0623,0.9175,-4.84,-0.24,-0.74,0.9367,0.0633
desk_still,20965,16893,0.1768,-0.0645,0.9292,-4.92,-0.31,-0.42,0.9481,0.0519
desk_still,20977,16905,0.1768,-0.0601,0.9314,-4.92,-0.11,-0.61,0.9499,0.0501
desk_still,20989,16917,0.1687,-0.0637,0.9229,-4.78,-0.20,-0.77,0.9403,0.0597
desk_still,21001,16929,0.1829,-0.0647,0.9282,-4.85,-0.27,-0.76,0.9483,0.0517
desk_still,21013,16941,0.1768,-0.0681,0.9238,-4.73,-0.16,-0.56,0.9430,0.0570
desk_still,21025,16953,0.1765,-0.0725,0.9326,-4.79,-0.16,-0.89,0.9519,0.0481
desk_still,21062,16990,0.1763,-0.0686,0.9302,-4.66,-0.23,-0.50,0.9492,0.0508
desk_still,21074,17002,0.1746,-0.0696,0.9277,-4.85,-0.24,-0.65,0.9466,0.0534
desk_still,21086,17014,0.1780,-0.0691,0.9246,-4.89,-0.15,-0.66,0.9441,0.0559
desk_still,21098,17026,0.1772,-0.0645,0.9304,-5.01,-0.10,-0.68,0.9493,0.0507
desk_still,21110,17038,0.1792,-0.0645,0.9297,-4.82,-0.25,-0.56,0.9490,0.0510
desk_still,21122,17050,0.1716,-0.0671,0.9270,-4.89,-0.01,-0.53,0.9451,0.0549
desk_still,21134,17062,0.1807,-0.0676,0.9270,-4.86,-0.12,-0.60,0.9469,0.0531
desk_still,21146,17074,0.1733,-0.0642,0.9456,-4.82,-0.25,-0.63,0.9635,0.0365
desk_still,21158,17086,0.1750,-0.0610,0.9238,-4.91,-0.44,-0.67,0.9422,0.0578
desk_still,21170,17098,0.1758,-0.0688,0.9326,-4.75,-0.28,-0.60,0.9515,0.0485
desk_still,21198,17126,0.1689,-0.0632,0.9260,-4.92,-0.18,-0.77,0.9434,0.0566
desk_still,21210,17138,0.1768,-0.0674,0.9314,-4.78,-0.57,-0.73,0.9504,0.0496
desk_still,21222,17150,0.1736,-0.0664,0.9358,-4.96,-0.12,-0.65,0.9541,0.0459
desk_still,21234,17162,0.1748,-0.0635,0.9329,-4.69,-0.35,-0.75,0.9512,0.0488
desk_still,21246,17174,0.1790,-0.0681,0.9185,-4.80,-0.24,-0.86,0.9382,0.0618
desk_still,21258,17186,0.1775,-0.0662,0.9238,-4.66,-0.27,-0.70,0.9430,0.0570
desk_still,21270,17198,0.1763,-0.0681,0.9377,-4.79,0.00,-0.73,0.9566,0.0434
desk_still,21282,17210,0.1770,-0.0654,0.9319,-4.89,-0.06,-0.41,0.9508,0.0492
desk_still,21294,17222,0.1694,-0.0645,0.9338,-4.76,-0.11,-0.69,0.9513,0.0487
desk_still,21306,17234,0.1763,-0.0652,0.9268,-4.91,-0.37,-0.57,0.9456,0.0544
desk_still,21363,17291,0.1755,-0.0662,0.9314,-4.86,-0.27,-0.78,0.9501,0.0499
desk_still,21375,17303,0.1741,-0.0693,0.9270,-4.85,-0.27,-0.56,0.9457,0.0543
desk_still,21387,17315,0.1787,-0.0710,0.9243,-4.83,-0.18,-0.83,0.9441,0.0559
desk_still,21399,17327,0.1748,-0.0676,0.9258,-4.89,-0.22,-0.57,0.9446,0.0554
desk_still,21411,17339,0.1753,-0.0671,0.9238,-4.91,-0.22,-0.68,0.9427,0.0573
desk_still,21423,17351,0.1758,-0.0669,0.9263,-4.96,-0.13,-0.50,0.9452,0.0548
desk_still,21435,17363,0.1772,-0.0647,0.9309,-4.64,-0.11,-0.79,0.9498,0.0502
desk_still,21447,17375,0.1716,-0.0645,0.9312,-5.08,-0.45,-0.86,0.9490,0.0510
desk_still,21459,17387,0.1777,-0.0627,0.9272,-4.89,-0.17,-0.61,0.9462,0.0538
desk_still,21471,17399,0.1797,-0.0627,0.9312,-4.82,-0.21,-0.69,0.9504,0.0496
desk_still,21503,17431,0.1816,-0.0664,0.9290,-4.69,0.03,-0.62,0.9489,0.0511
desk_still,21515,17443,0.1731,-0.0715,0.9229,-4.74,-0.20,-0.78,0.9417,0.0583
desk_still,21527,17455,0.1824,-0.0681,0.9377,-4.76,-0.32,-0.76,0.9577,0.0423
desk_still,21539,17467,0.1775,-0.0659,0.9290,-4.76,-0.22,-0.60,0.9481,0.0519
desk_still,21551,17479,0.1753,-0.0632,0.9265,-4.63,-0.30,-0.68,0.9451,0.0549
desk_still,21563,17491,0.1748,-0.0684,0.9211,-4.84,-0.13,-0.56,0.9401,0.0599
desk_still,21575,17503,0.1807,-0.0623,0.9268,-4.79,-0.40,-0.75,0.9463,0.0537
desk_still,21587,17515,0.1770,-0.0630,0.9250,-4.56,-0.12,-0.71,0.9439,0.0561
desk_still,21599,17527,0.1807,-0.0701,0.9292,-4.77,-0.13,-0.50,0.9492,0.0508
desk_still,21611,17539,0.1738,-0.0693,0.9270,-4.85,-0.09,-0.84,0.9457,0.0543
desk_still,21644,17572,0.1819,-0.0713,0.9326,-5.00,-0.42,-0.58,0.9529,0.0471
desk_still,21656,17584,0.1738,-0.0696,0.9309,-5.03,-0.24,-0.67,0.9496,0.0504
desk_still,21668,17596,0.1665,-0.0684,0.9287,-4.91,-0.04,-0.61,0.9460,0.0540
desk_still,21680,17608,0.1782,-0.0637,0.9287,-5.00,-0.15,-0.73,0.9478,0.0522
desk_still,21692,17620,0.1746,-0.0681,0.9194,-4.97,-0.12,-0.71,0.9383,0.0617
desk_still,21704,17632,0.1763,-0.0598,0.9370,-4.76,-0.15,-0.63,0.9553,0.0447
desk_still,21716,17644,0.1802,-0.0649,0.9260,-5.02,-0.31,-0.53,0.9456,0.0544
desk_still,21728,17656,0.1736,-0.0659,0.9163,-4.93,-0.22,-0.69,0.9349,0.0651
desk_still,21740,17668,0.1799,-0.0630,0.9319,-4.85,-0.24,-0.73,0.9512,0.0488
desk_still,21752,17680,0.1753,-0.0708,0.9277,-4.82,-0.27,-0.71,0.9468,0.0532
desk_still,21780,17708,0.1775,-0.0681,0.9236,-4.82,-0.21,-0.73,0.9429,0.0571
desk_still,21792,17720,0.1812,-0.0688,0.9292,-4.84,-0.28,-0.60,0.9492,0.0508
desk_still,21804,17732,0.1775,-0.0637,0.9197,-4.97,-0.13,-0.63,0.9388,0.0612
desk_still,21816,17744,0.1777,-0.0618,0.9250,-4.91,-0.24,-0.50,0.9440,0.0560
desk_still,21828,17756,0.1775,-0.0647,0.9299,-4.65,-0.08,-0.52,0.9489,0.0511
desk_still,21840,17768,0.1748,-0.0679,0.9336,-4.76,-0.09,-0.65,0.9522,0.0478
desk_still,21852,17780,0.1765,-0.0574,0.9248,-4.63,-0.23,-0.82,0.9432,0.0568
desk_still,21864,17792,0.1746,-0.0618,0.9309,-4.85,-0.19,-0.94,0.9491,0.0509
desk_still,21876,17804,0.1799,-0.0652,0.9216,-4.94,-0.23,-0.62,0.9413,0.0587
desk_still,21888,17816,0.1814,-0.0703,0.9290,-4.89,-0.26,-0.69,0.9491,0.0509
desk_still,21921,17849,0.1755,-0.0701,0.9319,-4.83,-0.11,-0.66,0.9509,0.0491
desk_still,21933,17861,0.1824,-0.0637,0.9297,-4.92,-0.21,-0.51,0.9495,0.0505
desk_still,21945,17873,0.1792,-0.0657,0.9297,-4.97,-0.27,-0.70,0.9491,0.0509
desk_still,21957,17885,0.1753,-0.0662,0.9309,-4.76,-0.28,-0.75,0.9496,0.0504
desk_still,21969,17897,0.1755,-0.0593,0.9255,-4.85,-0.30,-0.72,0.9439,0.0561
desk_still,21981,17909,0.1743,-0.0674,0.9280,-4.84,-0.18,-0.72,0.9466,0.0534
desk_still,21993,17921,0.1782,-0.0649,0.9275,-4.95,-0.18,-0.40,0.9467,0.0533
desk_still,22005,17933,0.1802,-0.0664,0.9314,-4.83,-0.31,-0.71,0.9510,0.0490
desk_still,22017,17945,0.1794,-0.0625,0.9287,-4.78,-0.18,-0.61,0.9480,0.0520
desk_still,22029,17957,0.1858,-0.0645,0.9260,-4.73,-0.23,-0.81,0.9467,0.0533
desk_still,22057,17985,0.1812,-0.0718,0.9131,-4.84,-0.24,-0.65,0.9336,0.0664
desk_still,22069,17997,0.1748,-0.0684,0.9272,-4.74,-0.17,-0.97,0.9461,0.0539
desk_still,22081,18009,0.1748,-0.0688,0.9321,-4.69,-0.27,-0.52,0.9509,0.0491
desk_still,22093,18021,0.1782,-0.0613,0.9165,-4.95,-0.13,-0.69,0.9357,0.0643
desk_still,22105,18033,0.1812,-0.0667,0.9263,-4.83,-0.26,-0.66,0.9462,0.0538
desk_still,22117,18045,0.1716,-0.0671,0.9250,-4.89,-0.28,-0.86,0.9432,0.0568
desk_still,22129,18057,0.1807,-0.0652,0.9277,-4.82,-0.20,-0.60,0.9474,0.0526
desk_still,22141,18069,0.1753,-0.0613,0.9287,-4.79,-0.13,-0.58,0.9471,0.0529
desk_still,22153,18081,0.1770,-0.0693,0.9177,-4.78,-0.24,-0.62,0.9372,0.0628
desk_still,22165,18093,0.1719,-0.0676,0.9285,-4.96,-0.16,-0.84,0.9467,0.0533
desk_still,22198,18126,0.1782,-0.0669,0.9204,-4.96,-0.11,-0.69,0.9399,0.0601
desk_still,22210,18138,0.1777,-0.0669,0.9207,-4.95,-0.14,-0.57,0.9400,0.0600
desk_still,22222,18150,0.1792,-0.0696,0.9326,-4.92,-0.16,-0.58,0.9522,0.0478
desk_still,22234,18162,0.1777,-0.0659,0.9275,-4.82,-0.14,-0.66,0.9467,0.0533
desk_still,22246,18174,0.1711,-0.0676,0.9312,-4.80,-0.37,-0.73,0.9492,0.0508
desk_still,22258,18186,0.1799,-0.0613,0.9290,-4.75,-0.18,-0.56,0.9482,0.0518
desk_still,22270,18198,0.1797,-0.0667,0.9280,-4.95,-0.16,-0.66,0.9476,0.0524
desk_still,22282,18210,0.1753,-0.0715,0.9319,-5.21,-0.13,-0.74,0.9509,0.0491
desk_still,22294,18222,0.1790,-0.0640,0.9314,-5.05,-0.15,-0.89,0.9506,0.0494
desk_still,22306,18234,0.1758,-0.0647,0.9231,-4.79,-0.26,-0.64,0.9419,0.0581
desk_still,22334,18262,0.1765,-0.0667,0.9265,-5.02,-0.15,-0.73,0.9455,0.0545
desk_still,22346,18274,0.1736,-0.0652,0.9263,-4.96,-0.15,-0.66,0.9446,0.0554
desk_still,22358,18286,0.1772,-0.0613,0.9326,-4.62,-0.23,-0.73,0.9513,0.0487
desk_still,22370,18298,0.1719,-0.0605,0.9238,-4.76,-0.11,-0.56,0.9416,0.0584
desk_still,22382,18310,0.1694,-0.0681,0.9285,-4.75,-0.36,-0.57,0.9463,0.0537
desk_still,22394,18322,0.1797,-0.0613,0.9314,-5.05,-0.29,-0.71,0.9505,0.0495
desk_still,22406,18334,0.1775,-0.0671,0.9226,-4.90,-0.18,-0.73,0.9419,0.0581
desk_still,22418,18346,0.1709,-0.0630,0.9358,-4.89,-0.18,-0.68,0.9534,0.0466
desk_still,22430,18358,0.1758,-0.0686,0.9282,-4.82,-0.06,-0.63,0.9472,0.0528
desk_still,22442,18370,0.1758,-0.0662,0.9314,-4.88,-0.09,-0.77,0.9501,0.0499
desk_still,22475,18403,0.1775,-0.0652,0.9202,-4.96,-0.25,-0.66,0.9394,0.0606
desk_still,22487,18415,0.1736,-0.0671,0.9324,-4.83,-0.22,-0.68,0.9508,0.0492
desk_still,22499,18427,0.1775,-0.0654,0.9187,-4.82,-0.20,-0.83,0.9380,0.0620
desk_still,22511,18439,0.1777,-0.0625,0.9290,-5.05,-0.18,-0.82,0.9479,0.0521
desk_still,22523,18451,0.1750,-0.0676,0.9338,-4.80,-0.16,-0.92,0.9525,0.0475
desk_still,22535,18463,0.1826,-0.0603,0.9238,-4.79,-0.36,-0.63,0.9436,0.0564
desk_still,22547,18475,0.1777,-0.0630,0.9241,-4.92,-0.27,-0.54,0.9431,0.0569
desk_still,22559,18487,0.1794,-0.0679,0.9297,-4.77,-0.30,-0.99,0.9493,0.0507
desk_still,22571,18499,0.1785,-0.0698,0.9316,-5.01,-0.12,-0.60,0.9511,0.0489
desk_still,22583,18511,0.1809,-0.0703,0.9231,-4.88,-0.24,-0.63,0.9433,0.0567
desk_still,22611,18539,0.1763,-0.0662,0.9263,-4.71,-0.27,-0.71,0.9452,0.0548
desk_still,22623,18551,0.1809,-0.0713,0.9355,-4.88,-0.13,-0.66,0.9555,0.0445
desk_still,22635,18563,0.1719,-0.0649,0.9329,-5.05,-0.28,-0.55,0.9508,0.0492
desk_still,22647,18575,0.1760,-0.0645,0.9314,-5.01,-0.27,-0.79,0.9501,0.0499
desk_still,22659,18587,0.1738,-0.0625,0.9241,-4.76,-0.09,-0.66,0.9424,0.0576
desk_still,22671,18599,0.1743,-0.0652,0.9324,-5.00,-0.11,-0.73,0.9508,0.0492
desk_still,22683,18611,0.1780,-0.0671,0.9277,-4.75,-0.28,-0.55,0.9470,0.0530
desk_still,22695,18623,0.1797,-0.0642,0.9277,-4.72,-0.29,-0.73,0.9472,0.0528
desk_still,22707,18635,0.1743,-0.0706,0.9272,-4.84,-0.19,-0.69,0.9461,0.0539
desk_still,22719,18647,0.1748,-0.0635,0.9272,-4.95,-0.27,-0.86,0.9457,0.0543
desk_still,22752,18680,0.1733,-0.0652,0.9207,-4.93,-0.44,-0.70,0.9391,0.0609
desk_still,22764,18692,0.1768,-0.0635,0.9292,-4.92,-0.23,-0.80,0.9480,0.0520
desk_still,22776,18704,0.1707,-0.0645,0.9309,-4.75,-0.21,-0.62,0.9486,0.0514
desk_still,22788,18716,0.1770,-0.0649,0.9280,-5.04,-0.25,-0.65,0.9469,0.0531
desk_still,22800,18728,0.1738,-0.0674,0.9285,-4.89,-0.16,-0.78,0.9470,0.0530
desk_still,22812,18740,0.1765,-0.0676,0.9290,-4.74,-0.25,-0.40,0.9480,0.0520
desk_still,22824,18752,0.1719,-0.0623,0.9285,-4.98,-0.11,-0.40,0.9463,0.0537
desk_still,22836,18764,0.1768,-0.0681,0.9343,-4.89,-0.27,-0.56,0.9533,0.0467
desk_still,22848,18776,0.1799,-0.0640,0.9282,-4.92,-0.27,-0.58,0.9477,0.0523
desk_still,22860,18788,0.1775,-0.0667,0.9336,-4.83,-0.28,-0.69,0.9527,0.0473
desk_still,22912,18840,0.1704,-0.0669,0.9304,-4.84,-0.11,-0.83,0.9483,0.0517
desk_still,22924,18852,0.1780,-0.0662,0.9167,-4.64,-0.31,-0.92,0.9362,0.0638
desk_still,22936,18864,0.1777,-0.0698,0.9321,-4.84,-0.17,-0.60,0.9515,0.0485
desk_still,22948,18876,0.1743,-0.0659,0.9287,-4.85,-0.15,-0.86,0.9472,0.0528
desk_still,22960,18888,0.1775,-0.0657,0.9294,-4.94,0.03,-0.59,0.9485,0.0515
desk_still,22972,18900,0.1782,-0.0681,0.9373,-4.97,-0.11,-0.53,0.9565,0.0435
desk_still,22984,18912,0.1780,-0.0667,0.9312,-4.91,-0.07,-0.53,0.9503,0.0497
desk_still,22996,18924,0.1748,-0.0669,0.9231,-4.95,-0.14,-0.79,0.9419,0.0581
desk_still,23008,18936,0.1726,-0.0710,0.9248,-4.86,-0.37,-0.64,0.9435,0.0565
desk_still,23020,18948,0.1724,-0.0669,0.9299,-4.77,-0.33,-0.82,0.9481,0.0519
desk_still,23057,18985,0.1748,-0.0662,0.9275,-4.69,-0.14,-0.68,0.9461,0.0539
desk_still,23069,18997,0.1760,-0.0664,0.9268,-4.79,-0.15,-0.73,0.9457,0.0543
desk_still,23081,19009,0.1746,-0.0679,0.9292,-4.70,-0.37,-0.86,0.9479,0.0521
desk_still,23093,19021,0.1812,-0.0659,0.9238,-4.79,-0.37,-0.82,0.9437,0.0563
desk_still,23105,19033,0.1755,-0.0635,0.9343,-4.68,-0.17,-0.87,0.9528,0.0472
desk_still,23117,19045,0.1824,-0.0669,0.9294,-4.92,-0.47,-0.84,0.9495,0.0505
desk_still,23129,19057,0.1731,-0.0618,0.9351,-4.84,-0.22,-0.66,0.9529,0.0471
desk_still,23141,19069,0.1738,-0.0623,0.9290,-4.82,-0.03,-0.92,0.9471,0.0529
desk_still,23153,19081,0.1777,-0.0710,0.9258,-4.78,-0.24,-0.71,0.9454,0.0546
desk_still,23165,19093,0.1755,-0.0674,0.9224,-4.73,-0.15,-0.70,0.9413,0.0587
desk_still,23193,19121,0.1782,-0.0630,0.9292,-4.74,-0.19,-0.53,0.9482,0.0518
desk_still,23205,19133,0.1753,-0.0652,0.9229,-4.89,-0.02,-0.63,0.9416,0.0584
desk_still,23217,19145,0.1714,-0.0640,0.9329,-4.75,-0.24,-0.84,0.9506,0.0494
desk_still,23229,19157,0.1794,-0.0647,0.9233,-4.74,-0.11,-0.73,0.9428,0.0572
desk_still,23241,19169,0.1721,-0.0667,0.9377,-4.68,-0.18,-0.85,0.9557,0.0443
desk_still,23253,19181,0.1738,-0.0693,0.9199,-4.82,-0.44,-0.65,0.9388,0.0612
desk_still,23265,19193,0.1765,-0.0640,0.9302,-4.77,-0.19,-0.56,0.9489,0.0511
desk_still,23277,19205,0.1741,-0.0627,0.9319,-4.88,-0.31,-0.56,0.9501,0.0499
desk_still,23289,19217,0.1724,-0.0674,0.9280,-4.97,-0.32,-0.95,0.9463,0.0537
desk_still,23301,19229,0.1772,-0.0640,0.9314,-5.02,-0.22,-0.63,0.9503,0.0497
desk_still,23334,19262,0.1782,-0.0652,0.9377,-5.06,-0.24,-0.43,0.9568,0.0432
desk_still,23346,19274,0.1829,-0.0608,0.9248,-4.80,-0.10,-0.92,0.9447,0.0553
desk_still,23358,19286,0.1753,-0.0657,0.9224,-4.76,-0.18,-0.75,0.9412,0.0588
desk_still,23370,19298,0.1777,-0.0632,0.9255,-4.73,-0.09,-0.44,0.9446,0.0554
desk_still,23382,19310,0.1748,-0.0664,0.9307,-4.83,-0.23,-0.46,0.9493,0.0507
desk_still,23394,19322,0.1768,-0.0657,0.9268,-4.96,-0.27,-0.92,0.9457,0.0543
desk_still,23406,19334,0.1821,-0.0686,0.9287,-4.85,-0.05,-0.74,0.9489,0.0511
desk_still,23418,19346,0.1741,-0.0662,0.9351,-5.02,-0.18,-0.68,0.9534,0.0466
desk_still,23430,19358,0.1785,-0.0632,0.9302,-4.76,-0.28,-0.74,0.9493,0.0507
desk_still,23442,19370,0.1775,-0.0679,0.9263,-4.70,-0.21,-0.77,0.9456,0.0544
desk_still,23470,19398,0.1738,-0.0657,0.9287,-4.87,-0.33,-0.83,0.9471,0.0529
desk_still,23482,19410,0.1787,-0.0725,0.9270,-4.85,-0.23,-0.63,0.9469,0.0531
desk_still,23494,19422,0.1753,-0.0696,0.9304,-4.94,-0.21,-0.59,0.9493,0.0507
desk_still,23506,19434,0.1748,-0.0691,0.9268,-4.73,-0.24,-0.74,0.9456,0.0544
desk_still,23518,19446,0.1765,-0.0645,0.9375,-4.92,-0.11,-0.65,0.9561,0.0439
desk_still,23530,19458,0.1770,-0.0676,0.9226,-4.77,-0.35,-0.86,0.9419,0.0581
desk_still,23542,19470,0.1780,-0.0640,0.9321,-5.02,-0.19,-0.73,0.9511,0.0489
desk_still,23554,19482,0.1736,-0.0640,0.9233,-4.81,-0.06,-0.94,0.9417,0.0583
desk_still,23566,19494,0.1797,-0.0615,0.9255,-4.90,-0.24,-0.51,0.9448,0.0552
desk_still,23578,19506,0.1750,-0.0657,0.9253,-5.02,-0.22,-0.74,0.9440,0.0560
desk_still,23611,19539,0.1804,-0.0662,0.9292,-4.83,-0.25,-0.59,0.9489,0.0511
desk_still,23623,19551,0.1851,-0.0613,0.9246,-4.90,-0.40,-0.63,0.9449,0.0551
desk_still,23635,19563,0.1804,-0.0637,0.9207,-4.82,-0.31,-0.72,0.9403,0.0597
desk_still,23647,19575,0.1721,-0.0676,0.9304,-4.81,-0.25,-0.75,0.9486,0.0514
desk_still,23659,19587,0.1785,-0.0691,0.9297,-4.84,-0.21,-0.78,0.9492,0.0508
desk_still,23671,19599,0.1772,-0.0632,0.9373,-4.74,-0.31,-0.59,0.9560,0.0440
desk_still,23683,19611,0.1792,-0.0684,0.9272,-4.82,-0.10,-0.82,0.9469,0.0531
desk_still,23695,19623,0.1758,-0.0664,0.9299,-4.83,-0.08,-0.71,0.9487,0.0513
desk_still,23707,19635,0.1794,-0.0632,0.9333,-4.79,-0.03,-0.63,0.9525,0.0475
desk_still,23719,19647,0.1758,-0.0669,0.9238,-4.79,-0.19,-0.70,0.9428,0.0572
desk_still,23747,19675,0.1724,-0.0640,0.9333,-4.82,-0.16,-0.51,0.9513,0.0487
desk_still,23759,19687,0.1787,-0.0645,0.9324,-4.84,-0.24,-0.60,0.9515,0.0485
desk_still,23771,19699,0.1794,-0.0630,0.9324,-4.84,-0.12,-0.74,0.9516,0.0484
desk_still,23783,19711,0.1753,-0.0662,0.9287,-4.97,-0.34,-0.69,0.9474,0.0526
desk_still,23795,19723,0.1711,-0.0671,0.9263,-4.89,0.00,-0.77,0.9443,0.0557
desk_still,23807,19735,0.1794,-0.0662,0.9329,-4.95,-0.11,-0.82,0.9523,0.0477
desk_still,23819,19747,0.1785,-0.0667,0.9246,-4.82,-0.16,-0.56,0.9440,0.0560
desk_still,23831,19759,0.1738,-0.0562,0.9246,-4.93,-0.09,-0.65,0.9424,0.0576
desk_still,23843,19771,0.1763,-0.0659,0.9255,-4.84,-0.26,-0.53,0.9445,0.0555
desk_still,23855,19783,0.1775,-0.0754,0.9175,-4.52,-0.17,-0.68,0.9375,0.0625
desk_still,23888,19816,0.1819,-0.0706,0.9282,-5.27,-0.14,-0.48,0.9485,0.0515
desk_still,23900,19828,0.1729,-0.0671,0.9207,-4.86,-0.32,-0.53,0.9391,0.0609
desk_still,23912,19840,0.1729,-0.0652,0.9299,-4.96,-0.03,-0.53,0.9481,0.0519
desk_still,23924,19852,0.1689,-0.0637,0.9368,-4.84,-0.28,-0.92,0.9540,0.0460
desk_still,23936,19864,0.1746,-0.0693,0.9233,-4.95,-0.27,-0.94,0.9423,0.0577
desk_still,23948,19876,0.1780,-0.0664,0.9331,-4.89,-0.27,-0.66,0.9522,0.0478
desk_still,23960,19888,0.1758,-0.0642,0.9211,-4.85,-0.21,-0.68,0.9400,0.0600
desk_still,23972,19900,0.1765,-0.0713,0.9258,-4.68,-0.14,-0.77,0.9452,0.0548
desk_still,23984,19912,0.1804,-0.0603,0.9299,-4.87,-0.23,-0.79,0.9492,0.0508
desk_still,23996,19924,0.1807,-0.0684,0.9270,-4.89,-0.05,-0.60,0.9469,0.0531
desk_still,24029,19957,0.1738,-0.0637,0.9260,-4.67,-0.08,-0.56,0.9444,0.0556
desk_still,24041,19969,0.1750,-0.0696,0.9265,-4.84,-0.08,-0.56,0.9455,0.0545
desk_still,24053,19981,0.1790,-0.0625,0.9270,-4.98,-0.23,-0.63,0.9462,0.0538
desk_still,24065,19993,0.1741,-0.0659,0.9307,-4.88,-0.25,-0.69,0.9491,0.0509
desk_still,24077,20005,0.1804,-0.0662,0.9250,-4.96,-0.26,-0.63,0.9448,0.0552
desk_still,24089,20017,0.1772,-0.0669,0.9277,-4.96,-0.13,-0.52,0.9469,0.0531
desk_still,24101,20029,0.1768,-0.0642,0.9158,-5.05,-0.42,-0.56,0.9349,0.0651
desk_still,24113,20041,0.1809,-0.0676,0.9360,-4.76,-0.44,-0.78,0.9558,0.0442
desk_still,24125,20053,0.1750,-0.0706,0.9258,-4.69,-0.13,-0.47,0.9448,0.0552
desk_still,24137,20065,0.1780,-0.0623,0.9292,-4.82,-0.15,-0.73,0.9481,0.0519
desk_still,24165,20093,0.1819,-0.0613,0.9260,-4.75,-0.20,-0.71,0.9457,0.0543
desk_still,24177,20105,0.1829,-0.0698,0.9329,-4.70,-0.13,-0.73,0.9532,0.0468
desk_still,24189,20117,0.1729,-0.0583,0.9319,-4.85,-0.11,-0.94,0.9496,0.0504
desk_still,24201,20129,0.1802,-0.0662,0.9275,-4.70,-0.07,-0.63,0.9471,0.0529
desk_still,24213,20141,0.1755,-0.0686,0.9341,-4.79,-0.18,-0.80,0.9529,0.0471
desk_still,24225,20153,0.1726,-0.0667,0.9304,-4.82,-0.24,-0.70,0.9486,0.0514
desk_still,24237,20165,0.1743,-0.0688,0.9224,-4.67,-0.24,-0.88,0.9412,0.0588
desk_still,24249,20177,0.1741,-0.0684,0.9370,-4.59,-0.18,-0.68,0.9555,0.0445
desk_still,24261,20189,0.1729,-0.0632,0.9219,-4.81,-0.34,-0.80,0.9401,0.0599
desk_still,24273,20201,0.1768,-0.0635,0.9243,-4.84,-0.20,-0.56,0.9432,0.0568
desk_still,24330,20258,0.1794,-0.0620,0.9280,-4.79,-0.17,-0.64,0.9472,0.0528
desk_still,24342,20270,0.1770,-0.0571,0.9243,-4.81,-0.06,-0.63,0.9428,0.0572
desk_still,24354,20282,0.1729,-0.0627,0.9314,-4.73,-0.29,-0.71,0.9494,0.0506
desk_still,24366,20294,0.1777,-0.0664,0.9294,-4.59,-0.27,-0.82,0.9486,0.0514
desk_still,24378,20306,0.1797,-0.0659,0.9282,-5.22,-0.05,-0.63,0.9478,0.0522
desk_still,24390,20318,0.1753,-0.0657,0.9189,-5.01,-0.17,-0.52,0.9378,0.0622
desk_still,24402,20330,0.1777,-0.0649,0.9314,-4.84,-0.15,-0.66,0.9504,0.0496
desk_still,24414,20342,0.1790,-0.0610,0.9316,-4.89,0.02,-0.72,0.9506,0.0494
desk_still,24426,20354,0.1816,-0.0698,0.9233,-4.92,-0.17,-0.59,0.9436,0.0564
desk_still,24438,20366,0.1785,-0.0647,0.9312,-4.84,-0.29,-0.82,0.9503,0.0497
desk_still,24470,20398,0.1721,-0.0703,0.9358,-4.73,-0.32,-0.58,0.9541,0.0459
desk_still,24482,20410,0.1733,-0.0679,0.9302,-4.89,-0.32,-0.89,0.9486,0.0514
desk_still,24494,20422,0.1746,-0.0732,0.9290,-4.96,-0.24,-0.89,0.9480,0.0520
desk_still,24506,20434,0.1763,-0.0725,0.9285,-4.76,-0.24,-0.73,0.9478,0.0522
desk_still,24518,20446,0.1763,-0.0676,0.9243,-4.92,-0.11,-0.63,0.9434,0.0566
desk_still,24530,20458,0.1748,-0.0681,0.9268,-4.82,-0.03,-0.79,0.9456,0.0544
desk_still,24542,20470,0.1763,-0.0693,0.9365,-4.76,0.02,-0.62,0.9555,0.0445
desk_still,24554,20482,0.1807,-0.0657,0.9258,-4.98,-0.16,-0.66,0.9455,0.0545
desk_still,24566,20494,0.1758,-0.0708,0.9194,-4.92,-0.25,-0.83,0.9388,0.0612
desk_still,24578,20506,0.1787,-0.0674,0.9248,-4.76,-0.27,-0.55,0.9443,0.0557
desk_still,24611,20539,0.1770,-0.0698,0.9282,-4.79,-0.18,-0.73,0.9475,0.0525
desk_still,24623,20551,0.1741,-0.0649,0.9248,-4.77,-0.27,-0.67,0.9433,0.0567
desk_still,24635,20563,0.1760,-0.0664,0.9214,-4.88,-0.31,-0.60,0.9404,0.0596
desk_still,24647,20575,0.1743,-0.0657,0.9292,-4.86,-0.13,-0.65,0.9477,0.0523
desk_still,24659,20587,0.1753,-0.0605,0.9238,-4.80,-0.10,-0.92,0.9423,0.0577
desk_still,24671,20599,0.1831,-0.0674,0.9290,-4.86,-0.33,-0.61,0.9492,0.0508
desk_still,24683,20611,0.1775,-0.0684,0.9265,-4.83,0.00,-0.70,0.9458,0.0542
desk_still,24695,20623,0.1746,-0.0649,0.9290,-4.89,-0.24,-0.82,0.9474,0.0526
desk_still,24707,20635,0.1785,-0.0640,0.9331,-4.87,-0.10,-0.57,0.9522,0.0478
desk_still,24719,20647,0.1743,-0.0667,0.9250,-4.88,-0.07,-0.59,0.9437,0.0563
desk_still,24747,20675,0.1729,-0.0623,0.9312,-4.85,-0.05,-0.68,0.9491,0.0509
desk_still,24759,20687,0.1765,-0.0637,0.9297,-4.94,-0.02,-0.66,0.9484,0.0516
desk_still,24771,20699,0.1792,-0.0693,0.9363,-4.99,-0.10,-0.77,0.9558,0.0442
desk_still,24783,20711,0.1765,-0.0598,0.9285,-5.02,-0.18,-0.69,0.9470,0.0530
desk_still,24795,20723,0.1738,-0.0671,0.9446,-4.75,-0.27,-0.72,0.9628,0.0372
desk_still,24807,20735,0.1758,-0.0720,0.9314,-4.74,-0.18,-0.98,0.9506,0.0494
desk_still,24819,20747,0.1738,-0.0691,0.9197,-4.92,-0.33,-0.76,0.9385,0.0615
desk_still,24831,20759,0.1797,-0.0652,0.9216,-4.81,-0.31,-0.77,0.9412,0.0588
desk_still,24843,20771,0.1763,-0.0642,0.9248,-4.88,-0.29,-0.62,0.9436,0.0564
desk_still,24855,20783,0.1809,-0.0723,0.9243,-4.95,-0.07,-0.59,0.9446,0.0554
desk_still,24888,20816,0.1721,-0.0635,0.9331,-4.89,-0.24,-0.89,0.9510,0.0490
desk_still,24900,20828,0.1777,-0.0698,0.9243,-4.93,-0.02,-0.60,0.9438,0.0562
desk_still,24912,20840,0.1804,-0.0630,0.9258,-4.66,-0.06,-0.58,0.9453,0.0547
desk_still,24924,20852,0.1765,-0.0708,0.9399,-4.92,-0.26,-0.74,0.9590,0.0410
desk_still,24936,20864,0.1777,-0.0662,0.9314,-5.04,-0.26,-0.68,0.9505,0.0495
desk_still,24948,20876,0.1729,-0.0664,0.9255,-4.89,-0.14,-0.60,0.9439,0.0561
desk_still,24960,20888,0.1738,-0.0681,0.9329,-4.69,-0.28,-0.73,0.9514,0.0486
desk_still,24972,20900,0.1846,-0.0649,0.9229,-4.80,-0.19,-0.62,0.9434,0.0566
desk_still,24984,20912,0.1792,-0.0674,0.9192,-4.93,-0.22,-0.66,0.9389,0.0611
desk_still,24996,20924,0.1799,-0.0635,0.9160,-4.79,-0.08,-0.71,0.9357,0.0643
desk_still,25024,20952,0.1790,-0.0659,0.9275,-4.75,-0.19,-0.76,0.9469,0.0531
desk_still,25036,20964,0.1716,-0.0649,0.9231,-4.88,-0.18,-0.68,0.9412,0.0588
desk_still,25048,20976,0.1807,-0.0684,0.9280,-4.81,-0.27,-0.69,0.9479,0.0521
desk_still,25060,20988,0.1763,-0.0640,0.9292,-4.93,-0.15,-0.84,0.9479,0.0521
desk_still,25072,21000,0.1787,-0.0652,0.9265,-4.87,-0.18,-0.66,0.9458,0.0542
desk_still,25084,21012,0.1721,-0.0686,0.9189,-4.81,-0.21,-0.66,0.9374,0.0626
desk_still,25096,21024,0.1772,-0.0693,0.9353,-5.00,-0.31,-0.66,0.9545,0.0455
desk_still,25108,21036,0.1733,-0.0640,0.9246,-4.85,-0.21,-0.73,0.9428,0.0572
desk_still,25120,21048,0.1794,-0.0598,0.9229,-4.94,-0.11,-0.57,0.9420,0.0580
desk_still,25132,21060,0.1731,-0.0657,0.9253,-4.66,-0.17,-0.82,0.9436,0.0564
desk_still,25165,21093,0.1699,-0.0635,0.9299,-4.63,-0.17,-0.74,0.9475,0.0525
desk_still,25177,21105,0.1772,-0.0652,0.9360,-4.89,-0.34,-0.86,0.9549,0.0451
desk_still,25189,21117,0.1758,-0.0667,0.9302,-4.84,-0.08,-0.73,0.9490,0.0510
desk_still,25201,21129,0.1755,-0.0637,0.9250,-4.84,-0.14,-0.63,0.9437,0.0563
desk_still,25213,21141,0.1731,-0.0544,0.9365,-4.69,0.02,-0.66,0.9539,0.0461
desk_still,25225,21153,0.1738,-0.0630,0.9258,-4.66,-0.25,-0.52,0.9441,0.0559
desk_still,25237,21165,0.1807,-0.0652,0.9331,-5.01,-0.17,-0.74,0.9527,0.0473
desk_still,25249,21177,0.1758,-0.0698,0.9333,-4.63,-0.18,-0.69,0.9523,0.0477
desk_still,25261,21189,0.1741,-0.0605,0.9324,-4.79,-0.21,-0.71,0.9504,0.0496
desk_still,25273,21201,0.1724,-0.0688,0.9250,-4.82,-0.44,-0.89,0.9435,0.0565
desk_still,25301,21229,0.1821,-0.0664,0.9270,-4.87,-0.21,-0.69,0.9471,0.0529
desk_still,25313,21241,0.1785,-0.0669,0.9280,-4.63,-0.25,-0.70,0.9473,0.0527
desk_still,25325,21253,0.1824,-0.0659,0.9180,-4.85,-0.23,-0.57,0.9382,0.0618
desk_still,25337,21265,0.1772,-0.0615,0.9314,-4.87,-0.21,-0.79,0.9501,0.0499
desk_still,25349,21277,0.1790,-0.0662,0.9309,-4.81,-0.01,-0.66,0.9503,0.0497
desk_still,25361,21289,0.1814,-0.0723,0.9360,-4.78,-0.08,-0.88,0.9562,0.0438
desk_still,25373,21301,0.1763,-0.0630,0.9346,-4.68,-0.27,-0.69,0.9531,0.0469
desk_still,25385,21313,0.1748,-0.0686,0.9316,-4.86,-0.22,-0.74,0.9504,0.0496
desk_still,25397,21325,0.1787,-0.0696,0.9211,-4.99,-0.14,-0.56,0.9409,0.0591
desk_still,25409,21337,0.1746,-0.0647,0.9270,-5.05,-0.29,-0.75,0.9455,0.0545
desk_still,25442,21370,0.1763,-0.0708,0.9297,-4.76,-0.26,-0.61,0.9489,0.0511
desk_still,25454,21382,0.1748,-0.0645,0.9297,-4.85,-0.18,-0.38,0.9482,0.0518
desk_still,25466,21394,0.1750,-0.0674,0.9233,-5.05,-0.27,-0.74,0.9422,0.0578
desk_still,25478,21406,0.1802,-0.0659,0.9275,-4.90,-0.20,-0.71,0.9471,0.0529
desk_still,25490,21418,0.1726,-0.0657,0.9304,-4.76,-0.27,-0.62,0.9486,0.0514
desk_still,25502,21430,0.1731,-0.0637,0.9202,-4.66,-0.14,-0.75,0.9385,0.0615
desk_still,25514,21442,0.1768,-0.0664,0.9275,-4.89,-0.22,-0.61,0.9465,0.0535
desk_still,25526,21454,0.1733,-0.0681,0.9233,-4.82,-0.13,-0.73,0.9419,0.0581
desk_still,25538,21466,0.1816,-0.0654,0.9238,-4.69,-0.03,-0.65,0.9438,0.0562
desk_still,25550,21478,0.1702,-0.0657,0.9226,-4.82,-0.19,-0.81,0.9405,0.0595
desk_still,25578,21506,0.1782,-0.0698,0.9307,-4.89,-0.18,-0.59,0.9501,0.0499
desk_still,25590,21518,0.1790,-0.0625,0.9316,-4.81,-0.16,-0.50,0.9507,0.0493
desk_still,25602,21530,0.1714,-0.0732,0.9324,-4.85,-0.25,-0.69,0.9508,0.0492
desk_still,25614,21542,0.1777,-0.0637,0.9243,-4.81,-0.16,-0.70,0.9434,0.0566
desk_still,25626,21554,0.1736,-0.0706,0.9238,-4.73,-0.34,-0.55,0.9426,0.0574
desk_still,25638,21566,0.1824,-0.0725,0.9321,-4.96,-0.15,-0.62,0.9526,0.0474
desk_still,25650,21578,0.1802,-0.0601,0.9353,-4.72,-0.19,-0.83,0.9544,0.0456
desk_still,25662,21590,0.1768,-0.0630,0.9224,-5.02,-0.16,-0.68,0.9413,0.0587
desk_still,25674,21602,0.1790,-0.0688,0.9277,-4.85,-0.17,-0.47,0.9473,0.0527
desk_still,25686,21614,0.1782,-0.0635,0.9341,-4.86,-0.15,-0.44,0.9530,0.0470
desk_still,25719,21647,0.1721,-0.0627,0.9260,-4.89,-0.21,-0.56,0.9440,0.0560
desk_still,25731,21659,0.1772,-0.0630,0.9265,-4.73,-0.19,-0.64,0.9454,0.0546
desk_still,25743,21671,0.1772,-0.0659,0.9307,-5.08,-0.19,-0.47,0.9497,0.0503
desk_still,25755,21683,0.1780,-0.0637,0.9314,-4.93,-0.27,-0.59,0.9504,0.0496
desk_still,25767,21695,0.1763,-0.0674,0.9331,-4.73,-0.24,-0.69,0.9520,0.0480
desk_still,25779,21707,0.1721,-0.0779,0.9363,-4.63,-0.31,-0.74,0.9551,0.0449
desk_still,25791,21719,0.1785,-0.0701,0.9287,-4.74,-0.31,-0.65,0.9483,0.0517
desk_still,25803,21731,0.1699,-0.0681,0.9250,-4.78,-0.06,-0.79,0.9430,0.0570
desk_still,25815,21743,0.1704,-0.0693,0.9241,-4.71,-0.34,-0.78,0.9422,0.0578
desk_still,25827,21755,0.1782,-0.0671,0.9233,-4.80,-0.13,-0.48,0.9428,0.0572
desk_still,25879,21807,0.1785,-0.0686,0.9292,-4.97,-0.16,-0.64,0.9487,0.0513
desk_still,25891,21819,0.1785,-0.0715,0.9243,-4.94,-0.15,-0.79,0.9441,0.0559
desk_still,25903,21831,0.1753,-0.0696,0.9377,-4.81,-0.18,-0.83,0.9565,0.0435
desk_still,25915,21843,0.1763,-0.0696,0.9287,-4.95,-0.18,-0.62,0.9478,0.0522
desk_still,25927,21855,0.1748,-0.0635,0.9336,-4.91,-0.26,-0.62,0.9519,0.0481
desk_still,25939,21867,0.1819,-0.0723,0.9304,-4.88,-0.32,-0.85,0.9508,0.0492
desk_still,25951,21879,0.1812,-0.0676,0.9265,-4.93,-0.36,-0.72,0.9465,0.0535
desk_still,25963,21891,0.1777,-0.0632,0.9258,-4.81,-0.11,-0.63,0.9448,0.0552
desk_still,25975,21903,0.1775,-0.0681,0.9324,-4.87,-0.11,-0.62,0.9516,0.0484
desk_still,25987,21915,0.1772,-0.0674,0.9229,-4.75,-0.22,-0.63,0.9421,0.0579
desk_still,26024,21952,0.1780,-0.0696,0.9336,-4.66,-0.21,-0.86,0.9530,0.0470
desk_still,26036,21964,0.1741,-0.0662,0.9299,-5.05,-0.24,-0.72,0.9484,0.0516
desk_still,26048,21976,0.1760,-0.0662,0.9282,-4.79,-0.28,-0.72,0.9471,0.0529
desk_still,26060,21988,0.1763,-0.0667,0.9268,-4.92,-0.34,-0.66,0.9457,0.0543
desk_still,26072,22000,0.1768,-0.0662,0.9265,-4.80,-0.10,-0.57,0.9455,0.0545
desk_still,26084,22012,0.1743,-0.0713,0.9387,-4.82,-0.15,-0.72,0.9574,0.0426
desk_still,26096,22024,0.1738,-0.0642,0.9265,-5.13,-0.21,-0.56,0.9449,0.0551
desk_still,26108,22036,0.1726,-0.0640,0.9275,-4.73,-0.08,-0.76,0.9456,0.0544
desk_still,26120,22048,0.1775,-0.0642,0.9194,-4.70,-0.36,-0.92,0.9386,0.0614
desk_still,26132,22060,0.1753,-0.0640,0.9343,-4.79,-0.15,-0.66,0.9528,0.0472
desk_still,26160,22088,0.1763,-0.0691,0.9236,-5.04,-0.25,-0.73,0.9428,0.0572
desk_still,26172,22100,0.1775,-0.0671,0.9326,-4.82,-0.35,-0.44,0.9517,0.0483
desk_still,26184,22112,0.1753,-0.0632,0.9282,-5.02,-0.13,-0.63,0.9467,0.0533
desk_still,26196,22124,0.1750,-0.0618,0.9226,-4.79,-0.21,-0.42,0.9411,0.0589
desk_still,26208,22136,0.1736,-0.0662,0.9312,-4.83,-0.08,-0.75,0.9495,0.0505
desk_still,26220,22148,0.1780,-0.0610,0.9294,-4.71,-0.31,-0.74,0.9483,0.0517
desk_still,26232,22160,0.1689,-0.0669,0.9231,-4.93,-0.19,-0.60,0.9408,0.0592
desk_still,26244,22172,0.1687,-0.0671,0.9358,-4.91,-0.20,-0.66,0.9532,0.0468
desk_still,26256,22184,0.1782,-0.0620,0.9231,-4.94,-0.34,-0.66,0.9422,0.0578
desk_still,26268,22196,0.1755,-0.0662,0.9287,-5.02,-0.31,-0.75,0.9475,0.0525
desk_still,26301,22229,0.1741,-0.0588,0.9250,-4.63,-0.21,-0.80,0.9431,0.0569
desk_still,26313,22241,0.1741,-0.0674,0.9219,-4.73,-0.20,-0.79,0.9406,0.0594
desk_still,26325,22253,0.1716,-0.0652,0.9253,-4.76,-0.21,-0.70,0.9433,0.0567
desk_still,26337,22265,0.1729,-0.0581,0.9290,-4.78,-0.42,-0.76,0.9467,0.0533
desk_still,26349,22277,0.1785,-0.0703,0.9272,-4.75,-0.03,-0.75,0.9469,0.0531
desk_still,26361,22289,0.1736,-0.0627,0.9307,-4.81,-0.36,-0.63,0.9488,0.0512
desk_still,26373,22301,0.1804,-0.0723,0.9304,-4.86,-0.25,-0.55,0.9505,0.0495
desk_still,26385,22313,0.1746,-0.0649,0.9246,-4.92,-0.29,-0.60,0.9431,0.0569
desk_still,26397,22325,0.1790,-0.0713,0.9219,-4.89,0.05,-0.56,0.9418,0.0582
desk_still,26409,22337,0.1741,-0.0630,0.9333,-4.88,-0.14,-0.77,0.9515,0.0485
desk_still,26437,22365,0.1741,-0.0640,0.9336,-4.82,-0.22,-0.66,0.9518,0.0482
desk_still,26449,22377,0.1787,-0.0645,0.9224,-4.90,-0.25,-0.58,0.9417,0.0583
desk_still,26461,22389,0.1702,-0.0718,0.9260,-4.95,-0.25,-0.74,0.9443,0.0557
desk_still,26473,22401,0.1721,-0.0610,0.9243,-4.88,-0.31,-0.79,0.9422,0.0578
desk_still,26485,22413,0.1775,-0.0632,0.9321,-5.08,-0.19,-0.69,0.9510,0.0490
desk_still,26497,22425,0.1772,-0.0674,0.9272,-4.92,-0.20,-0.43,0.9464,0.0536
desk_still,26509,22437,0.1743,-0.0640,0.9314,-4.92,-0.18,-0.80,0.9497,0.0503
desk_still,26521,22449,0.1772,-0.0667,0.9331,-4.62,-0.33,-0.72,0.9521,0.0479
desk_still,26533,22461,0.1753,-0.0564,0.9307,-4.88,-0.37,-0.74,0.9487,0.0513
desk_still,26545,22473,0.1829,-0.0664,0.9233,-4.85,-0.10,-0.76,0.9436,0.0564
desk_still,26578,22506,0.1794,-0.0688,0.9248,-4.89,-0.27,-0.63,0.9446,0.0554
desk_still,26590,22518,0.1763,-0.0710,0.9299,-4.96,-0.08,-0.61,0.9492,0.0508
desk_still,26602,22530,0.1748,-0.0627,0.9290,-4.75,-0.05,-0.80,0.9473,0.0527
desk_still,26614,22542,0.1794,-0.0613,0.9226,-4.92,-0.13,-0.84,0.9419,0.0581
desk_still,26626,22554,0.1731,-0.0662,0.9260,-4.96,-0.22,-0.57,0.9444,0.0556
desk_still,26638,22566,0.1799,-0.0637,0.9302,-4.88,-0.34,-0.81,0.9496,0.0504
desk_still,26650,22578,0.1741,-0.0642,0.9351,-4.85,-0.25,-0.63,0.9533,0.0467
desk_still,26662,22590,0.1785,-0.0684,0.9270,-4.84,-0.24,-0.82,0.9465,0.0535
desk_still,26674,22602,0.1743,-0.0698,0.9282,-4.92,-0.24,-0.63,0.9470,0.0530
desk_still,26686,22614,0.1770,-0.0669,0.9248,-4.75,-0.09,-0.82,0.9440,0.0560
desk_still,26714,22642,0.1743,-0.0647,0.9216,-5.04,-0.24,-0.56,0.9402,0.0598
desk_still,26726,22654,0.1755,-0.0637,0.9290,-4.88,-0.20,-0.81,0.9475,0.0525
desk_still,26738,22666,0.1758,-0.0613,0.9229,-4.86,-0.16,-0.60,0.9414,0.0586
desk_still,26750,22678,0.1758,-0.0645,0.9192,-4.73,0.01,-0.55,0.9381,0.0619
desk_still,26762,22690,0.1775,-0.0698,0.9219,-4.89,-0.14,-0.64,0.9414,0.0586
desk_still,26774,22702,0.1770,-0.0691,0.9155,-4.91,-0.33,-0.54,0.9350,0.0650
desk_still,26786,22714,0.1777,-0.0671,0.9282,-4.98,-0.23,-0.73,0.9475,0.0525
desk_still,26798,22726,0.1753,-0.0662,0.9236,-4.71,-0.27,-0.60,0.9424,0.0576
desk_still,26810,22738,0.1782,-0.0642,0.9248,-4.84,-0.22,-0.60,0.9440,0.0560
desk_still,26822,22750,0.1726,-0.0713,0.9290,-4.86,-0.28,-0.67,0.9475,0.0525
desk_still,26855,22783,0.1768,-0.0667,0.9319,-4.94,-0.44,-0.78,0.9508,0.0492
desk_still,26867,22795,0.1729,-0.0669,0.9302,-4.82,-0.02,-0.59,0.9485,0.0515
desk_still,26879,22807,0.1765,-0.0686,0.9309,-4.98,-0.05,-0.60,0.9500,0.0500
desk_still,26891,22819,0.1780,-0.0691,0.9312,-4.73,-0.11,-0.52,0.9505,0.0495
desk_still,26903,22831,0.1777,-0.0735,0.9275,-5.02,-0.08,-0.77,0.9472,0.0528
desk_still,26915,22843,0.1726,-0.0657,0.9243,-4.87,-0.18,-0.71,0.9426,0.0574
desk_still,26927,22855,0.1714,-0.0649,0.9387,-4.91,-0.11,-0.55,0.9564,0.0436
desk_still,26939,22867,0.1729,-0.0640,0.9280,-4.82,-0.27,-0.52,0.9461,0.0539
desk_still,26951,22879,0.1787,-0.0640,0.9312,-4.76,-0.19,-0.72,0.9503,0.0497
desk_still,26963,22891,0.1787,-0.0713,0.9294,-4.93,-0.23,-0.50,0.9491,0.0509
desk_still,26996,22924,0.1772,-0.0659,0.9238,-5.01,-0.24,-0.44,0.9430,0.0570
desk_still,27008,22936,0.1816,-0.0686,0.9219,-4.96,0.03,-0.73,0.9421,0.0579
desk_still,27020,22948,0.1714,-0.0598,0.9336,-4.95,-0.24,-0.64,0.9511,0.0489
desk_still,27032,22960,0.1816,-0.0732,0.9243,-4.79,-0.38,-0.51,0.9448,0.0552
desk_still,27044,22972,0.1699,-0.0640,0.9338,-4.69,-0.24,-0.86,0.9513,0.0487
desk_still,27056,22984,0.1790,-0.0657,0.9294,-4.95,-0.35,-0.66,0.9488,0.0512
desk_still,27068,22996,0.1741,-0.0674,0.9287,-4.63,-0.21,-0.60,0.9473,0.0527
desk_still,27080,23008,0.1741,-0.0667,0.9307,-4.85,-0.15,-0.79,0.9491,0.0509
desk_still,27092,23020,0.1758,-0.0691,0.9351,-4.72,-0.23,-0.77,0.9539,0.0461
desk_still,27104,23032,0.1780,-0.0627,0.9287,-4.77,-0.18,-0.50,0.9477,0.0523
desk_still,27132,23060,0.1716,-0.0583,0.9290,-4.83,-0.21,-0.73,0.9465,0.0535
desk_still,27144,23072,0.1719,-0.0583,0.9307,-5.05,-0.32,-0.63,0.9482,0.0518
desk_still,27156,23084,0.1787,-0.0649,0.9321,-5.01,-0.20,-0.68,0.9513,0.0487
desk_still,27168,23096,0.1780,-0.0698,0.9285,-4.67,-0.18,-0.62,0.9479,0.0521
desk_still,27180,23108,0.1738,-0.0630,0.9333,-4.88,-0.27,-0.68,0.9515,0.0485
desk_still,27192,23120,0.1765,-0.0610,0.9241,-4.69,-0.12,-0.69,0.9428,0.0572
desk_still,27204,23132,0.1743,-0.0601,0.9307,-4.79,-0.21,-0.74,0.9488,0.0512
desk_still,27216,23144,0.1765,-0.0674,0.9314,-4.91,-0.12,-0.53,0.9504,0.0496
desk_still,27228,23156,0.1760,-0.0664,0.9202,-4.88,-0.20,-0.83,0.9392,0.0608
desk_still,27240,23168,0.1787,-0.0640,0.9331,-4.90,-0.11,-0.68,0.9522,0.0478
desk_still,27299,23227,0.1802,-0.0627,0.9319,-4.81,-0.29,-0.82,0.9512,0.0488
desk_still,27311,23239,0.1804,-0.0681,0.9236,-4.91,-0.18,-0.61,0.9435,0.0565
desk_still,27323,23251,0.1775,-0.0667,0.9287,-4.82,-0.36,-0.73,0.9479,0.0521
desk_still,27335,23263,0.1760,-0.0652,0.9314,-4.96,-0.15,-0.70,0.9501,0.0499
desk_still,27347,23275,0.1775,-0.0669,0.9238,-4.89,-0.14,-0.54,0.9431,0.0569
desk_still,27359,23287,0.1777,-0.0693,0.9233,-4.98,-0.22,-0.76,0.9428,0.0572
desk_still,27371,23299,0.1719,-0.0693,0.9309,-4.92,-0.08,-0.66,0.9492,0.0508
desk_still,27383,23311,0.1809,-0.0706,0.9319,-5.02,-0.11,-0.80,0.9519,0.0481
desk_still,27395,23323,0.1807,-0.0642,0.9348,-4.89,-0.06,-0.87,0.9543,0.0457
desk_still,27407,23335,0.1768,-0.0693,0.9241,-5.18,-0.15,-0.76,0.9434,0.0566
desk_still,27439,23367,0.1760,-0.0713,0.9294,-4.95,-0.34,-0.66,0.9486,0.0514
desk_still,27451,23379,0.1760,-0.0630,0.9177,-4.94,-0.05,-0.70,0.9366,0.0634
desk_still,27463,23391,0.1748,-0.0703,0.9268,-4.83,-0.18,-0.84,0.9457,0.0543
desk_still,27475,23403,0.1736,-0.0652,0.9324,-4.84,-0.03,-0.63,0.9506,0.0494
desk_still,27487,23415,0.1736,-0.0674,0.9255,-4.73,-0.18,-0.98,0.9441,0.0559
desk_still,27499,23427,0.1758,-0.0669,0.9299,-4.76,-0.32,-0.82,0.9488,0.0512
desk_still,27511,23439,0.1848,-0.0679,0.9268,-4.81,-0.33,-0.80,0.9474,0.0526
desk_still,27523,23451,0.1812,-0.0623,0.9319,-4.76,-0.31,-0.50,0.9514,0.0486
desk_still,27535,23463,0.1794,-0.0657,0.9314,-5.03,-0.23,-0.75,0.9508,0.0492
desk_still,27547,23475,0.1826,-0.0667,0.9192,-4.67,-0.10,-0.60,0.9395,0.0605
desk_still,27580,23508,0.1743,-0.0632,0.9177,-4.84,-0.24,-0.80,0.9363,0.0637
desk_still,27592,23520,0.1733,-0.0620,0.9285,-4.97,-0.27,-0.79,0.9465,0.0535
desk_still,27604,23532,0.1790,-0.0645,0.9270,-4.90,-0.01,-0.58,0.9463,0.0537
desk_still,27616,23544,0.1833,-0.0674,0.9314,-4.83,-0.33,-0.56,0.9517,0.0483
desk_still,27628,23556,0.1731,-0.0686,0.9355,-4.63,-0.11,-0.85,0.9539,0.0461
desk_still,27640,23568,0.1821,-0.0676,0.9214,-4.84,-0.47,-0.61,0.9416,0.0584
desk_still,27652,23580,0.1721,-0.0657,0.9280,-4.94,-0.15,-0.74,0.9461,0.0539
desk_still,27664,23592,0.1772,-0.0659,0.9324,-4.80,-0.12,-0.85,0.9514,0.0486
desk_still,27676,23604,0.1741,-0.0679,0.9307,-4.95,-0.19,-0.67,0.9492,0.0508
desk_still,27688,23616,0.1768,-0.0620,0.9229,-4.93,-0.28,-0.82,0.9417,0.0583
desk_still,27716,23644,0.1729,-0.0674,0.9290,-4.75,-0.22,-0.56,0.9473,0.0527
desk_still,27728,23656,0.1743,-0.0623,0.9282,-4.90,-0.27,-0.65,0.9465,0.0535
desk_still,27740,23668,0.1746,-0.0652,0.9324,-5.01,-0.13,-0.77,0.9508,0.0492
desk_still,27752,23680,0.1724,-0.0645,0.9316,-4.89,-0.26,-0.66,0.9496,0.0504
desk_still,27764,23692,0.1758,-0.0688,0.9277,-4.62,-0.22,-0.67,0.9467,0.0533
desk_still,27776,23704,0.1748,-0.0674,0.9329,-4.83,-0.26,-0.52,0.9515,0.0485
desk_still,27788,23716,0.1777,-0.0647,0.9275,-5.11,-0.26,-0.72,0.9466,0.0534
desk_still,27800,23728,0.1694,-0.0586,0.9189,-4.78,-0.31,-0.63,0.9363,0.0637
desk_still,27812,23740,0.1765,-0.0686,0.9316,-4.74,-0.05,-0.72,0.9507,0.0493
desk_still,27824,23752,0.1753,-0.0635,0.9285,-4.65,-0.08,-0.65,0.9470,0.0530
desk_still,27857,23785,0.1768,-0.0667,0.9270,-4.98,-0.19,-0.73,0.9461,0.0539
desk_still,27869,23797,0.1743,-0.0642,0.9285,-4.80,-0.27,-0.74,0.9469,0.0531
desk_still,27881,23809,0.1816,-0.0591,0.9319,-4.98,-0.29,-0.85,0.9513,0.0487
desk_still,27893,23821,0.1763,-0.0698,0.9360,-4.82,-0.15,-0.66,0.9550,0.0450
desk_still,27905,23833,0.1758,-0.0630,0.9341,-4.72,-0.02,-0.63,0.9526,0.0474
desk_still,27917,23845,0.1807,-0.0686,0.9246,-4.92,-0.18,-0.61,0.9445,0.0555
desk_still,27929,23857,0.1777,-0.0649,0.9277,-4.72,-0.28,-0.64,0.9468,0.0532
desk_still,27941,23869,0.1785,-0.0676,0.9287,-4.63,-0.20,-0.60,0.9481,0.0519
desk_still,27953,23881,0.1724,-0.0676,0.9302,-4.81,-0.30,-0.63,0.9484,0.0516
desk_still,27965,23893,0.1755,-0.0645,0.9292,-4.82,-0.17,-0.58,0.9478,0.0522
desk_still,27993,23921,0.1777,-0.0647,0.9270,-4.94,-0.20,-0.73,0.9461,0.0539
desk_still,28005,23933,0.1758,-0.0645,0.9307,-4.93,-0.18,-0.67,0.9493,0.0507
desk_still,28017,23945,0.1763,-0.0598,0.9285,-4.85,-0.25,-0.59,0.9469,0.0531
desk_still,28029,23957,0.1763,-0.0645,0.9292,-5.08,-0.12,-0.69,0.9480,0.0520
desk_still,28041,23969,0.1792,-0.0662,0.9370,-4.83,-0.15,-0.84,0.9563,0.0437
desk_still,28053,23981,0.1768,-0.0649,0.9148,-4.72,-0.14,-0.59,0.9340,0.0660
desk_still,28065,23993,0.1812,-0.0696,0.9302,-4.89,-0.21,-0.57,0.9502,0.0498
desk_still,28077,24005,0.1755,-0.0659,0.9258,-4.82,-0.08,-0.49,0.9446,0.0554
desk_still,28089,24017,0.1741,-0.0603,0.9341,-4.62,-0.44,-0.79,0.9521,0.0479
desk_still,28101,24029,0.1729,-0.0659,0.9265,-4.76,-0.21,-0.73,0.9448,0.0552
desk_still,28134,24062,0.1768,-0.0696,0.9304,-4.82,-0.28,-0.53,0.9496,0.0504
desk_still,28146,24074,0.1750,-0.0625,0.9231,-4.80,-0.20,-0.46,0.9416,0.0584
desk_still,28158,24086,0.1775,-0.0588,0.9272,-4.76,-0.09,-0.69,0.9459,0.0541
desk_still,28170,24098,0.1782,-0.0625,0.9258,-5.00,-0.15,-0.67,0.9448,0.0552
desk_still,28182,24110,0.1746,-0.0657,0.9204,-4.82,-0.15,-0.84,0.9391,0.0609
desk_still,28194,24122,0.1794,-0.0706,0.9319,-4.91,-0.22,-0.56,0.9516,0.0484
desk_still,28206,24134,0.1829,-0.0693,0.9307,-5.01,-0.08,-0.79,0.9510,0.0490
desk_still,28218,24146,0.1797,-0.0625,0.9265,-4.95,-0.22,-0.66,0.9458,0.0542
desk_still,28230,24158,0.1772,-0.0625,0.9302,-4.98,-0.08,-0.66,0.9490,0.0510
desk_still,28242,24170,0.1763,-0.0657,0.9351,-4.81,-0.33,-0.71,0.9538,0.0462
desk_still,28270,24198,0.1738,-0.0640,0.9187,-4.97,-0.14,-0.53,0.9372,0.0628
desk_still,28282,24210,0.1763,-0.0627,0.9321,-4.95,-0.33,-0.57,0.9507,0.0493
desk_still,28294,24222,0.1790,-0.0652,0.9189,-4.82,-0.23,-0.62,0.9385,0.0615
desk_still,28306,24234,0.1787,-0.0623,0.9265,-4.85,-0.11,-0.63,0.9456,0.0544
desk_still,28318,24246,0.1772,-0.0686,0.9343,-4.85,-0.27,-0.52,0.9535,0.0465
desk_still,28330,24258,0.1765,-0.0723,0.9326,-4.83,-0.31,-0.77,0.9519,0.0481
desk_still,28342,24270,0.1687,-0.0627,0.9238,-4.79,-0.30,-0.64,0.9412,0.0588
desk_still,28354,24282,0.1694,-0.0662,0.9302,-4.59,-0.20,-0.98,0.9478,0.0522
desk_still,28366,24294,0.1763,-0.0691,0.9265,-4.95,-0.30,-0.57,0.9457,0.0543
desk_still,28378,24306,0.1753,-0.0652,0.9233,-4.76,0.05,-0.65,0.9421,0.0579
desk_still,28411,24339,0.1741,-0.0618,0.9270,-4.78,-0.04,-0.58,0.9452,0.0548
desk_still,28423,24351,0.1782,-0.0681,0.9207,-4.95,-0.04,-0.60,0.9402,0.0598
desk_still,28435,24363,0.1733,-0.0728,0.9299,-4.78,0.03,-0.73,0.9487,0.0513
desk_still,28447,24375,0.1746,-0.0637,0.9243,-5.09,-0.15,-0.63,0.9428,0.0572
desk_still,28459,24387,0.1772,-0.0669,0.9272,-4.89,-0.09,-0.63,0.9464,0.0536
desk_still,28471,24399,0.1709,-0.0620,0.9224,-4.98,-0.18,-0.58,0.9401,0.0599
desk_still,28483,24411,0.1721,-0.0652,0.9270,-5.09,-0.18,-0.63,0.9451,0.0549
desk_still,28495,24423,0.1772,-0.0715,0.9307,-4.77,-0.06,-0.67,0.9501,0.0499
desk_still,28507,24435,0.1729,-0.0664,0.9307,-4.83,-0.07,-0.94,0.9489,0.0511
desk_still,28519,24447,0.1782,-0.0698,0.9290,-5.01,-0.31,-0.74,0.9485,0.0515
desk_still,28547,24475,0.1814,-0.0701,0.9187,-5.02,-0.28,-0.61,0.9391,0.0609
desk_still,28559,24487,0.1814,-0.0686,0.9270,-4.89,-0.20,-0.61,0.9471,0.0529
desk_still,28571,24499,0.1804,-0.0710,0.9265,-4.92,-0.11,-0.69,0.9466,0.0534
desk_still,28583,24511,0.1750,-0.0669,0.9282,-4.90,-0.23,-0.64,0.9469,0.0531
desk_still,28595,24523,0.1748,-0.0681,0.9272,-5.10,-0.24,-0.70,0.9460,0.0540
desk_still,28607,24535,0.1714,-0.0696,0.9290,-4.97,-0.36,-0.76,0.9472,0.0528
desk_still,28619,24547,0.1738,-0.0645,0.9285,-4.70,-0.39,-0.66,0.9468,0.0532
desk_still,28631,24559,0.1753,-0.0676,0.9365,-4.85,-0.19,-0.62,0.9552,0.0448
desk_still,28643,24571,0.1802,-0.0667,0.9219,-4.76,-0.30,-0.60,0.9417,0.0583
desk_still,28655,24583,0.1780,-0.0698,0.9204,-4.62,-0.27,-0.51,0.9401,0.0599
desk_still,28688,24616,0.1807,-0.0686,0.9297,-4.89,-0.33,-0.74,0.9496,0.0504
desk_still,28700,24628,0.1743,-0.0627,0.9331,-4.74,-0.10,-0.71,0.9513,0.0487
desk_still,28712,24640,0.1782,-0.0708,0.9309,-5.11,-0.18,-0.70,0.9505,0.0495
desk_still,28724,24652,0.1721,-0.0630,0.9260,-4.97,-0.06,-0.47,0.9440,0.0560
desk_still,28736,24664,0.1743,-0.0642,0.9241,-4.76,-0.06,-0.83,0.9426,0.0574
desk_still,28748,24676,0.1777,-0.0632,0.9268,-4.85,-0.18,-0.70,0.9458,0.0542
desk_still,28760,24688,0.1748,-0.0657,0.9272,-4.90,-0.28,-0.64,0.9459,0.0541
desk_still,28772,24700,0.1782,-0.0649,0.9263,-4.76,-0.20,-0.61,0.9455,0.0545
desk_still,28784,24712,0.1760,-0.0710,0.9316,-4.95,-0.37,-0.67,0.9508,0.0492
desk_still,28796,24724,0.1719,-0.0601,0.9331,-4.92,-0.25,-0.77,0.9507,0.0493
desk_still,28848,24776,0.1804,-0.0652,0.9351,-4.85,-0.23,-0.69,0.9545,0.0455
desk_still,28860,24788,0.1794,-0.0676,0.9277,-4.95,-0.32,-0.61,0.9473,0.0527
desk_still,28872,24800,0.1770,-0.0693,0.9358,-5.10,-0.01,-0.59,0.9549,0.0451
desk_still,28884,24812,0.1780,-0.0654,0.9358,-4.98,-0.20,-0.63,0.9548,0.0452
desk_still,28896,24824,0.1733,-0.0642,0.9192,-4.80,-0.11,-0.65,0.9376,0.0624
desk_still,28908,24836,0.1729,-0.0671,0.9321,-4.74,-0.27,-0.60,0.9504,0.0496
desk_still,28920,24848,0.1755,-0.0649,0.9302,-4.90,-0.24,-0.54,0.9488,0.0512
desk_still,28932,24860,0.1765,-0.0701,0.9189,-4.69,-0.10,-0.70,0.9384,0.0616
desk_still,28944,24872,0.1758,-0.0688,0.9341,-4.73,-0.31,-0.67,0.9530,0.0470
desk_still,28956,24884,0.1785,-0.0662,0.9319,-4.83,-0.12,-0.67,0.9511,0.0489
desk_still,28993,24921,0.1802,-0.0645,0.9309,-4.85,-0.16,-0.59,0.9504,0.0496
desk_still,29005,24933,0.1704,-0.0696,0.9250,-4.93,-0.21,-0.69,0.9432,0.0568
desk_still,29017,24945,0.1765,-0.0696,0.9309,-4.82,-0.35,-0.76,0.9500,0.0500
desk_still,29029,24957,0.1785,-0.0676,0.9285,-4.91,-0.27,-0.71,0.9479,0.0521
desk_still,29041,24969,0.1750,-0.0662,0.9304,-4.70,-0.19,-0.83,0.9491,0.0509
desk_still,29053,24981,0.1753,-0.0671,0.9287,-4.86,-0.10,-0.44,0.9475,0.0525
desk_still,29065,24993,0.1790,-0.0637,0.9285,-4.91,-0.34,-0.61,0.9477,0.0523
desk_still,29077,25005,0.1768,-0.0667,0.9333,-4.71,-0.36,-0.76,0.9523,0.0477
desk_still,29089,25017,0.1790,-0.0676,0.9287,-5.11,-0.03,-0.78,0.9482,0.0518
desk_still,29101,25029,0.1790,-0.0652,0.9329,-5.09,-0.20,-0.66,0.9521,0.0479
desk_still,29129,25057,0.1714,-0.0652,0.9260,-5.18,-0.15,-0.69,0.9440,0.0560
desk_still,29141,25069,0.1731,-0.0686,0.9285,-4.81,-0.25,-0.76,0.9470,0.0530
desk_still,29153,25081,0.1826,-0.0686,0.9336,-4.75,-0.37,-0.56,0.9538,0.0462
desk_still,29165,25093,0.1782,-0.0627,0.9275,-4.95,-0.37,-0.58,0.9465,0.0535
desk_still,29177,25105,0.1792,-0.0679,0.9258,-5.01,-0.27,-0.66,0.9454,0.0546
desk_still,29189,25117,0.1772,-0.0681,0.9214,-4.72,-0.13,-0.43,0.9407,0.0593
desk_still,29201,25129,0.1753,-0.0635,0.9280,-4.92,-0.08,-0.73,0.9465,0.0535
desk_still,29213,25141,0.1758,-0.0703,0.9221,-4.76,-0.18,-0.47,0.9414,0.0586
desk_still,29225,25153,0.1724,-0.0632,0.9299,-4.85,-0.18,-0.84,0.9479,0.0521
desk_still,29237,25165,0.1777,-0.0642,0.9302,-4.73,-0.13,-0.53,0.9492,0.0508
desk_still,29270,25198,0.1777,-0.0684,0.9260,-4.77,-0.05,-0.89,0.9454,0.0546
desk_still,29282,25210,0.1724,-0.0708,0.9304,-4.83,-0.17,-0.71,0.9489,0.0511
desk_still,29294,25222,0.1750,-0.0640,0.9336,-4.84,-0.37,-0.65,0.9520,0.0480
desk_still,29306,25234,0.1836,-0.0708,0.9238,-4.97,-0.02,-0.46,0.9446,0.0554
desk_still,29318,25246,0.1814,-0.0652,0.9253,-4.63,-0.27,-0.62,0.9452,0.0548
desk_still,29330,25258,0.1792,-0.0652,0.9241,-4.75,-0.35,-0.74,0.9435,0.0565
desk_still,29342,25270,0.1824,-0.0659,0.9290,-4.85,-0.11,-0.58,0.9490,0.0510
desk_still,29354,25282,0.1799,-0.0693,0.9260,-5.23,-0.40,-0.55,0.9459,0.0541
desk_still,29366,25294,0.1748,-0.0696,0.9292,-4.78,-0.15,-0.49,0.9481,0.0519
desk_still,29378,25306,0.1750,-0.0640,0.9292,-4.69,-0.04,-0.71,0.9477,0.0523
desk_still,29406,25334,0.1738,-0.0645,0.9246,-4.82,0.05,-0.55,0.9430,0.0570
desk_still,29418,25346,0.1741,-0.0750,0.9268,-4.84,-0.11,-0.74,0.9459,0.0541
desk_still,29430,25358,0.1758,-0.0720,0.9216,-5.05,-0.15,-0.81,0.9410,0.0590
desk_still,29442,25370,0.1707,-0.0662,0.9287,-4.89,-0.38,-0.90,0.9466,0.0534
desk_still,29454,25382,0.1724,-0.0657,0.9277,-4.76,-0.38,-0.69,0.9459,0.0541
desk_still,29466,25394,0.1768,-0.0669,0.9287,-4.94,-0.34,-0.77,0.9477,0.0523
desk_still,29478,25406,0.1714,-0.0647,0.9282,-4.70,-0.29,-0.66,0.9461,0.0539
desk_still,29490,25418,0.1819,-0.0662,0.9250,-4.74,-0.26,-0.69,0.9451,0.0549
desk_still,29502,25430,0.1721,-0.0635,0.9355,-4.85,-0.26,-0.79,0.9534,0.0466
desk_still,29514,25442,0.1809,-0.0688,0.9282,-4.87,-0.39,-0.63,0.9482,0.0518
desk_still,29547,25475,0.1782,-0.0708,0.9341,-4.74,-0.22,-1.05,0.9536,0.0464
desk_still,29559,25487,0.1770,-0.0686,0.9333,-4.75,-0.19,-0.69,0.9525,0.0475
desk_still,29571,25499,0.1758,-0.0696,0.9263,-4.73,-0.19,-0.67,0.9454,0.0546
desk_still,29583,25511,0.1758,-0.0674,0.9182,-4.82,-0.09,-0.82,0.9373,0.0627
desk_still,29595,25523,0.1729,-0.0696,0.9265,-4.79,-0.09,-0.81,0.9451,0.0549
desk_still,29607,25535,0.1780,-0.0674,0.9209,-4.88,-0.19,-0.59,0.9404,0.0596
desk_still,29619,25547,0.1790,-0.0708,0.9197,-4.91,-0.27,-0.58,0.9396,0.0604
desk_still,29631,25559,0.1758,-0.0720,0.9277,-4.73,-0.20,-0.68,0.9470,0.0530
desk_still,29643,25571,0.1677,-0.0618,0.9385,-4.94,-0.29,-0.55,0.9553,0.0447
desk_still,29655,25583,0.1709,-0.0610,0.9226,-4.77,-0.31,-0.45,0.9403,0.0597
desk_still,29683,25611,0.1816,-0.0657,0.9272,-4.73,-0.37,-0.53,0.9471,0.0529
desk_still,29695,25623,0.1790,-0.0740,0.9297,-4.80,-0.11,-0.45,0.9496,0.0504
desk_still,29707,25635,0.1782,-0.0664,0.9214,-4.95,-0.23,-0.93,0.9408,0.0592
desk_still,29719,25647,0.1738,-0.0710,0.9302,-4.85,-0.02,-0.73,0.9489,0.0511
desk_still,29731,25659,0.1804,-0.0647,0.9270,-4.79,-0.19,-0.76,0.9466,0.0534
desk_still,29743,25671,0.1750,-0.0735,0.9238,-4.75,-0.04,-0.81,0.9431,0.0569
desk_still,29755,25683,0.1821,-0.0708,0.9294,-4.76,-0.21,-0.63,0.9498,0.0502
desk_still,29767,25695,0.1724,-0.0671,0.9192,-4.81,-0.05,-0.61,0.9376,0.0624
desk_still,29779,25707,0.1814,-0.0630,0.9292,-4.70,-0.14,-0.73,0.9488,0.0512
desk_still,29791,25719,0.1743,-0.0684,0.9255,-4.76,-0.27,-0.54,0.9443,0.0557
desk_still,29824,25752,0.1763,-0.0649,0.9294,-4.73,-0.24,-0.64,0.9482,0.0518
desk_still,29836,25764,0.1743,-0.0649,0.9238,-4.72,-0.38,-0.79,0.9424,0.0576
desk_still,29848,25776,0.1719,-0.0659,0.9172,-5.04,-0.27,-0.53,0.9355,0.0645
desk_still,29860,25788,0.1790,-0.0674,0.9314,-4.86,-0.22,-0.77,0.9508,0.0492
desk_still,29872,25800,0.1780,-0.0610,0.9250,-4.86,-0.44,-0.64,0.9440,0.0560
desk_still,29884,25812,0.1770,-0.0657,0.9292,-4.84,-0.30,-0.85,0.9482,0.0518
desk_still,29896,25824,0.1799,-0.0737,0.9282,-4.93,-0.26,-0.53,0.9484,0.0516
desk_still,29908,25836,0.1772,-0.0649,0.9194,-4.85,-0.21,-0.77,0.9386,0.0614
desk_still,29920,25848,0.1763,-0.0591,0.9324,-4.89,-0.02,-0.60,0.9507,0.0493
desk_still,29932,25860,0.1721,-0.0657,0.9255,-4.95,-0.25,-0.76,0.9437,0.0563
desk_still,29960,25888,0.1731,-0.0664,0.9268,-4.86,-0.08,-0.66,0.9451,0.0549
desk_still,29972,25900,0.1809,-0.0708,0.9270,-4.73,-0.05,-0.69,0.9471,0.0529
desk_still,29984,25912,0.1775,-0.0605,0.9207,-4.90,-0.37,-0.72,0.9396,0.0604
desk_still,29996,25924,0.1777,-0.0698,0.9314,-4.95,-0.24,-0.79,0.9508,0.0492
desk_still,30008,25936,0.1804,-0.0630,0.9197,-4.96,-0.32,-0.89,0.9393,0.0607
desk_still,30020,25948,0.1736,-0.0718,0.9304,-4.96,-0.37,-0.51,0.9492,0.0508
desk_still,30032,25960,0.1758,-0.0669,0.9219,-5.04,-0.20,-0.79,0.9409,0.0591
desk_still,30044,25972,0.1711,-0.0674,0.9260,-4.77,-0.24,-0.70,0.9441,0.0559
desk_still,30056,25984,0.1758,-0.0657,0.9282,-4.66,-0.19,-0.52,0.9470,0.0530
desk_still,30068,25996,0.1736,-0.0715,0.9321,-4.62,-0.14,-0.64,0.9508,0.0492
desk_still,30101,26029,0.1780,-0.0674,0.9333,-4.80,-0.21,-0.65,0.9526,0.0474
desk_still,30113,26041,0.1731,-0.0718,0.9324,-4.86,-0.21,-0.60,0.9510,0.0490
desk_still,30125,26053,0.1765,-0.0701,0.9248,-4.95,-0.05,-0.69,0.9441,0.0559
desk_still,30137,26065,0.1829,-0.0649,0.9265,-4.97,-0.13,-0.70,0.9466,0.0534
desk_still,30149,26077,0.1768,-0.0698,0.9224,-4.86,-0.06,-0.68,0.9417,0.0583
desk_still,30161,26089,0.1748,-0.0662,0.9268,-4.79,-0.24,-0.75,0.9454,0.0546
desk_still,30173,26101,0.1792,-0.0688,0.9368,-4.87,-0.18,-0.73,0.9562,0.0438
desk_still,30185,26113,0.1814,-0.0654,0.9250,-4.85,-0.14,-0.76,0.9449,0.0551
desk_still,30197,26125,0.1794,-0.0706,0.9253,-5.15,-0.02,-0.79,0.9452,0.0548
desk_still,30209,26137,0.1772,-0.0652,0.9307,-4.81,-0.16,-0.50,0.9496,0.0504
desk_still,30266,26194,0.1729,-0.0615,0.9250,-4.85,-0.06,-0.77,0.9431,0.0569
desk_still,30278,26206,0.1782,-0.0647,0.9233,-4.99,-0.14,-0.68,0.9426,0.0574
desk_still,30290,26218,0.1785,-0.0662,0.9233,-4.63,-0.08,-0.79,0.9428,0.0572
desk_still,30302,26230,0.1772,-0.0696,0.9294,-4.95,-0.27,-0.71,0.9487,0.0513
desk_still,30314,26242,0.1768,-0.0637,0.9202,-4.86,-0.19,-0.51,0.9392,0.0608
desk_still,30326,26254,0.1763,-0.0596,0.9387,-4.89,-0.34,-0.63,0.9570,0.0430
desk_still,30338,26266,0.1846,-0.0640,0.9214,-4.95,-0.15,-0.63,0.9419,0.0581
desk_still,30350,26278,0.1787,-0.0681,0.9307,-4.78,-0.20,-0.79,0.9501,0.0499
desk_still,30362,26290,0.1758,-0.0618,0.9192,-4.79,-0.30,-0.80,0.9379,0.0621
desk_still,30374,26302,0.1772,-0.0745,0.9277,-4.86,0.02,-0.66,0.9474,0.0526
desk_still,30406,26334,0.1714,-0.0679,0.9299,-4.88,-0.17,-0.64,0.9480,0.0520
desk_still,30418,26346,0.1707,-0.0667,0.9302,-4.90,-0.23,-0.56,0.9480,0.0520
desk_still,30430,26358,0.1765,-0.0637,0.9260,-4.88,-0.03,-0.83,0.9448,0.0552
desk_still,30442,26370,0.1782,-0.0630,0.9224,-4.89,-0.02,-0.47,0.9415,0.0585
desk_still,30454,26382,0.1697,-0.0774,0.9199,-4.85,-0.09,-0.53,0.9386,0.0614
desk_still,30466,26394,0.1758,-0.0701,0.9292,-4.95,-0.20,-0.47,0.9483,0.0517
desk_still,30478,26406,0.1733,-0.0667,0.9241,-4.82,-0.15,-0.63,0.9425,0.0575
desk_still,30490,26418,0.1780,-0.0608,0.9224,-4.92,-0.29,-0.59,0.9413,0.0587
desk_still,30502,26430,0.1772,-0.0608,0.9255,-5.02,-0.31,-0.65,0.9443,0.0557
desk_still,30514,26442,0.1787,-0.0688,0.9319,-4.82,-0.21,-0.48,0.9514,0.0486
desk_still,30547,26475,0.1812,-0.0586,0.9211,-4.84,-0.24,-0.92,0.9406,0.0594
desk_still,30559,26487,0.1797,-0.0686,0.9246,-4.83,-0.27,-0.47,0.9444,0.0556
desk_still,30571,26499,0.1729,-0.0642,0.9268,-5.03,-0.30,-0.73,0.9449,0.0551
desk_still,30583,26511,0.1790,-0.0684,0.9290,-4.85,-0.14,-0.66,0.9485,0.0515
desk_still,30595,26523,0.1736,-0.0693,0.9219,-4.75,-0.21,-0.81,0.9406,0.0594
desk_still,30607,26535,0.1763,-0.0696,0.9214,-4.97,-0.20,-0.56,0.9407,0.0593
desk_still,30619,26547,0.1758,-0.0608,0.9270,-4.89,-0.18,-0.88,0.9455,0.0545
desk_still,30631,26559,0.1833,-0.0684,0.9253,-4.95,-0.11,-0.69,0.9458,0.0542
desk_still,30643,26571,0.1792,-0.0610,0.9302,-4.85,-0.22,-0.61,0.9492,0.0508
desk_still,30655,26583,0.1758,-0.0703,0.9258,-4.87,-0.27,-0.55,0.9449,0.0551
desk_still,30683,26611,0.1768,-0.0657,0.9253,-4.72,-0.18,-0.77,0.9443,0.0557
desk_still,30695,26623,0.1741,-0.0681,0.9255,-4.60,-0.23,-0.50,0.9442,0.0558
desk_still,30707,26635,0.1770,-0.0671,0.9314,-4.78,-0.40,-0.59,0.9504,0.0496
desk_still,30719,26647,0.1719,-0.0679,0.9253,-4.77,-0.23,-0.83,0.9436,0.0564
desk_still,30731,26659,0.1804,-0.0637,0.9304,-4.93,-0.24,-0.61,0.9499,0.0501
desk_still,30743,26671,0.1804,-0.0659,0.9375,-4.90,-0.26,-0.70,0.9570,0.0430
desk_still,30755,26683,0.1785,-0.0654,0.9292,-4.84,-0.07,-0.82,0.9484,0.0516
desk_still,30767,26695,0.1775,-0.0667,0.9255,-4.79,-0.05,-0.63,0.9448,0.0552
desk_still,30779,26707,0.1724,-0.0664,0.9336,-4.85,-0.24,-0.79,0.9517,0.0483
desk_still,30791,26719,0.1787,-0.0671,0.9238,-4.86,-0.08,-0.85,0.9433,0.0567
desk_still,30824,26752,0.1792,-0.0659,0.9287,-4.98,-0.18,-0.71,0.9481,0.0519
desk_still,30836,26764,0.1763,-0.0750,0.9285,-4.92,-0.11,-0.56,0.9480,0.0520
desk_still,30848,26776,0.1677,-0.0645,0.9236,-4.82,0.03,-0.66,0.9409,0.0591
desk_still,30860,26788,0.1753,-0.0667,0.9219,-4.69,-0.38,-0.73,0.9408,0.0592
desk_still,30872,26800,0.1741,-0.0669,0.9243,-4.75,-0.23,-0.71,0.9429,0.0571
desk_still,30884,26812,0.1787,-0.0662,0.9248,-4.78,-0.21,-0.75,0.9442,0.0558
desk_still,30896,26824,0.1763,-0.0720,0.9248,-4.88,-0.08,-0.49,0.9442,0.0558
desk_still,30908,26836,0.1697,-0.0652,0.9221,-4.74,-0.27,-0.73,0.9399,0.0601
desk_still,30920,26848,0.1753,-0.0645,0.9258,-4.89,0.00,-0.82,0.9444,0.0556
desk_still,30932,26860,0.1770,-0.0667,0.9358,-4.78,-0.13,-0.54,0.9547,0.0453
desk_still,30960,26888,0.1782,-0.0645,0.9270,-4.94,-0.37,-0.55,0.9462,0.0538
desk_still,30972,26900,0.1738,-0.0681,0.9299,-4.95,-0.16,-0.78,0.9485,0.0515
desk_still,30984,26912,0.1758,-0.0708,0.9263,-5.01,-0.07,-0.82,0.9455,0.0545
desk_still,30996,26924,0.1755,-0.0703,0.9282,-4.92,-0.08,-0.71,0.9473,0.0527
desk_still,31008,26936,0.1736,-0.0715,0.9260,-4.83,-0.15,-0.49,0.9449,0.0551
desk_still,31020,26948,0.1763,-0.0710,0.9211,-4.71,-0.35,-0.53,0.9405,0.0595
desk_still,31032,26960,0.1724,-0.0645,0.9336,-4.83,-0.04,-0.71,0.9516,0.0484
desk_still,31044,26972,0.1716,-0.0686,0.9260,-4.64,-0.23,-0.58,0.9443,0.0557
desk_still,31056,26984,0.1804,-0.0640,0.9307,-4.92,-0.07,-0.87,0.9501,0.0499
desk_still,31068,26996,0.1772,-0.0681,0.9341,-5.17,-0.18,-0.69,0.9532,0.0468
desk_still,31101,27029,0.1746,-0.0654,0.9297,-4.77,-0.24,-0.76,0.9482,0.0518
desk_still,31113,27041,0.1738,-0.0693,0.9314,-4.69,-0.08,-0.53,0.9500,0.0500
desk_still,31125,27053,0.1777,-0.0662,0.9280,-5.00,-0.06,-0.71,0.9472,0.0528
desk_still,31137,27065,0.1702,-0.0657,0.9316,-4.73,-0.08,-0.63,0.9493,0.0507
desk_still,31149,27077,0.1758,-0.0693,0.9287,-5.03,-0.06,-0.69,0.9477,0.0523
desk_still,31161,27089,0.1714,-0.0706,0.9270,-4.75,-0.17,-0.71,0.9453,0.0547
desk_still,31173,27101,0.1792,-0.0686,0.9285,-4.89,-0.22,-0.70,0.9481,0.0519
desk_still,31185,27113,0.1772,-0.0698,0.9194,-4.85,-0.27,-0.50,0.9390,0.0610
desk_still,31197,27125,0.1775,-0.0769,0.9248,-4.95,0.04,-0.66,0.9448,0.0552
desk_still,31209,27137,0.1721,-0.0642,0.9297,-4.73,-0.12,-0.73,0.9477,0.0523
desk_still,31237,27165,0.1802,-0.0583,0.9236,-4.90,-0.22,-0.67,0.9428,0.0572
desk_still,31249,27177,0.1729,-0.0679,0.9250,-4.98,-0.31,-0.78,0.9435,0.0565
desk_still,31261,27189,0.1765,-0.0657,0.9187,-5.09,-0.18,-0.72,0.9378,0.0622
desk_still,31273,27201,0.1709,-0.0652,0.9373,-4.76,-0.29,-0.70,0.9549,0.0451
desk_still,31285,27213,0.1758,-0.0627,0.9265,-4.74,-0.33,-0.79,0.9451,0.0549
desk_still,31297,27225,0.1750,-0.0647,0.9316,-4.94,-0.22,-0.63,0.9501,0.0499
desk_still,31309,27237,0.1746,-0.0715,0.9248,-4.74,-0.24,-0.81,0.9438,0.0562
desk_still,31321,27249,0.1729,-0.0684,0.9226,-4.85,-0.38,-0.73,0.9411,0.0589
desk_still,31333,27261,0.1726,-0.0613,0.9355,-4.98,-0.15,-0.67,0.9533,0.0467
desk_still,31345,27273,0.1799,-0.0647,0.9277,-4.91,-0.28,-0.68,0.9472,0.0528
desk_still,31378,27306,0.1797,-0.0662,0.9258,-4.69,-0.18,-0.56,0.9454,0.0546
desk_still,31390,27318,0.1777,-0.0674,0.9241,-5.01,-0.27,-0.66,0.9434,0.0566
desk_still,31402,27330,0.1790,-0.0679,0.9199,-4.98,-0.03,-0.44,0.9396,0.0604
desk_still,31414,27342,0.1792,-0.0715,0.9294,-4.85,-0.11,-0.89,0.9493,0.0507
desk_still,31426,27354,0.1711,-0.0681,0.9304,-4.82,0.07,-0.85,0.9485,0.0515
desk_still,31438,27366,0.1743,-0.0730,0.9299,-4.83,-0.21,-0.64,0.9489,0.0511
desk_still,31450,27378,0.1770,-0.0688,0.9331,-4.74,-0.19,-0.70,0.9522,0.0478
desk_still,31462,27390,0.1768,-0.0627,0.9268,-4.86,-0.20,-0.71,0.9455,0.0545
desk_still,31474,27402,0.1792,-0.0667,0.9243,-4.79,-0.20,-0.76,0.9439,0.0561
desk_still,31486,27414,0.1763,-0.0676,0.9272,-4.98,-0.14,-0.73,0.9463,0.0537
desk_still,31514,27442,0.1790,-0.0671,0.9348,-4.91,-0.26,-0.72,0.9542,0.0458
desk_still,31526,27454,0.1838,-0.0654,0.9216,-4.87,-0.04,-0.64,0.9421,0.0579
desk_still,31538,27466,0.1768,-0.0654,0.9312,-4.85,-0.27,-0.83,0.9500,0.0500
desk_still,31550,27478,0.1775,-0.0613,0.9297,-4.77,-0.21,-0.60,0.9485,0.0515
desk_still,31562,27490,0.1748,-0.0627,0.9180,-4.98,-0.19,-0.56,0.9366,0.0634
desk_still,31574,27502,0.1775,-0.0713,0.9260,-4.77,-0.05,-0.77,0.9456,0.0544
desk_still,31586,27514,0.1768,-0.0664,0.9250,-4.87,-0.18,-0.66,0.9441,0.0559
desk_still,31598,27526,0.1743,-0.0647,0.9368,-4.97,-0.30,-0.42,0.9550,0.0450
desk_still,31610,27538,0.1765,-0.0642,0.9292,-4.77,0.02,-0.47,0.9480,0.0520
desk_still,31622,27550,0.1711,-0.0664,0.9314,-4.75,-0.29,-0.94,0.9493,0.0507
desk_still,31655,27583,0.1792,-0.0664,0.9268,-4.66,-0.07,-0.51,0.9463,0.0537
desk_still,31667,27595,0.1702,-0.0664,0.9263,-4.70,-0.08,-0.90,0.9441,0.0559
desk_still,31679,27607,0.1782,-0.0671,0.9265,-4.92,-0.31,-0.65,0.9459,0.0541
desk_still,31691,27619,0.1753,-0.0696,0.9219,-4.76,-0.24,-0.57,0.9410,0.0590
desk_still,31703,27631,0.1741,-0.0630,0.9314,-4.85,-0.11,-0.56,0.9496,0.0504
desk_still,31715,27643,0.1777,-0.0701,0.9219,-4.86,-0.26,-0.66,0.9415,0.0585
desk_still,31727,27655,0.1799,-0.0713,0.9233,-4.76,-0.30,-0.56,0.9434,0.0566
desk_still,31739,27667,0.1790,-0.0640,0.9282,-4.69,-0.34,-0.69,0.9475,0.0525
desk_still,31751,27679,0.1838,-0.0720,0.9299,-5.06,-0.14,-0.76,0.9507,0.0493
desk_still,31763,27691,0.1782,-0.0642,0.9236,-4.60,0.03,-0.75,0.9428,0.0572
desk_still,31815,27743,0.1694,-0.0742,0.9365,-4.75,-0.04,-0.74,0.9546,0.0454
desk_still,31827,27755,0.1758,-0.0710,0.9248,-4.79,-0.21,-0.63,0.9440,0.0560
desk_still,31839,27767,0.1765,-0.0686,0.9241,-4.70,-0.12,-0.66,0.9433,0.0567
desk_still,31851,27779,0.1743,-0.0620,0.9202,-4.82,-0.54,-0.94,0.9386,0.0614
desk_still,31863,27791,0.1716,-0.0681,0.9331,-4.84,-0.32,-0.69,0.9512,0.0488
desk_still,31875,27803,0.1733,-0.0657,0.9355,-4.75,-0.42,-0.60,0.9537,0.0463
desk_still,31887,27815,0.1833,-0.0649,0.9336,-4.82,0.01,-0.77,0.9536,0.0464
desk_still,31899,27827,0.1758,-0.0593,0.9224,-4.87,-0.08,-0.60,0.9408,0.0592
desk_still,31911,27839,0.1758,-0.0615,0.9187,-4.81,-0.32,-0.96,0.9374,0.0626
desk_still,31923,27851,0.1685,-0.0632,0.9294,-4.73,-0.25,-0.78,0.9467,0.0533
desk_still,31960,27888,0.1821,-0.0667,0.9238,-4.98,-0.19,-0.63,0.9440,0.0560
desk_still,31972,27900,0.1711,-0.0625,0.9128,-4.92,-0.23,-0.80,0.9308,0.0692
desk_still,31984,27912,0.1672,-0.0625,0.9197,-4.85,-0.24,-0.74,0.9368,0.0632
desk_still,31996,27924,0.1689,-0.0627,0.9358,-4.70,-0.20,-0.58,0.9530,0.0470
desk_still,32008,27936,0.1809,-0.0654,0.9395,-5.12,-0.03,-0.67,0.9589,0.0411
desk_still,32020,27948,0.1843,-0.0637,0.9270,-4.71,-0.02,-0.79,0.9473,0.0527
desk_still,32032,27960,0.1736,-0.0671,0.9192,-4.98,-0.27,-0.81,0.9378,0.0622
desk_still,32044,27972,0.1753,-0.0679,0.9248,-4.95,-0.32,-0.66,0.9437,0.0563
desk_still,32056,27984,0.1694,-0.0640,0.9216,-4.88,-0.56,-0.78,0.9393,0.0607
desk_still,32068,27996,0.1741,-0.0676,0.9336,-4.85,-0.27,-0.59,0.9521,0.0479
desk_still,32096,28024,0.1685,-0.0659,0.9316,-4.69,-0.30,-0.78,0.9490,0.0510
desk_still,32108,28036,0.1758,-0.0647,0.9392,-4.85,-0.31,-0.57,0.9577,0.0423
desk_still,32120,28048,0.1841,-0.0691,0.9324,-4.85,-0.28,-0.77,0.9529,0.0471
desk_still,32132,28060,0.1846,-0.0608,0.9309,-4.86,-0.21,-0.71,0.9510,0.0490
desk_still,32144,28072,0.1736,-0.0649,0.9194,-4.95,-0.32,-0.85,0.9379,0.0621
desk_still,32156,28084,0.1721,-0.0574,0.9360,-4.68,-0.33,-0.79,0.9535,0.0465
desk_still,32168,28096,0.1772,-0.0654,0.9329,-4.91,-0.15,-0.78,0.9518,0.0482
desk_still,32180,28108,0.1790,-0.0686,0.9248,-5.08,-0.08,-0.60,0.9445,0.0555
desk_still,32192,28120,0.1804,-0.0630,0.9358,-4.91,-0.25,-0.66,0.9551,0.0449
desk_still,32204,28132,0.1655,-0.0645,0.9309,-4.78,-0.24,-0.87,0.9477,0.0523
desk_still,32237,28165,0.1748,-0.0627,0.9270,-4.73,-0.30,-0.74,0.9454,0.0546
desk_still,32249,28177,0.1731,-0.0664,0.9238,-4.97,-0.27,-1.03,0.9422,0.0578
desk_still,32261,28189,0.1758,-0.0732,0.9221,-4.98,-0.18,-0.53,0.9416,0.0584
desk_still,32273,28201,0.1765,-0.0664,0.9270,-4.94,-0.37,-0.68,0.9460,0.0540
desk_still,32285,28213,0.1807,-0.0679,0.9373,-4.79,-0.37,-0.82,0.9569,0.0431
desk_still,32297,28225,0.1777,-0.0664,0.9275,-4.79,0.09,-0.95,0.9467,0.0533
desk_still,32309,28237,0.1755,-0.0696,0.9265,-4.97,-0.25,-0.86,0.9456,0.0544
desk_still,32321,28249,0.1733,-0.0662,0.9355,-4.95,-0.22,-1.00,0.9538,0.0462
desk_still,32333,28261,0.1807,-0.0630,0.9260,-4.69,-0.02,-0.60,0.9456,0.0544
desk_still,32345,28273,0.1770,-0.0632,0.9260,-5.05,-0.25,-0.66,0.9449,0.0551
desk_still,32373,28301,0.1758,-0.0691,0.9199,-4.76,-0.07,-0.69,0.9391,0.0609
desk_still,32385,28313,0.1711,-0.0713,0.9246,-4.73,-0.09,-0.53,0.9430,0.0570
desk_still,32397,28325,0.1772,-0.0686,0.9250,-4.85,-0.37,-0.53,0.9444,0.0556
desk_still,32409,28337,0.1743,-0.0664,0.9292,-5.03,-0.18,-0.51,0.9477,0.0523
desk_still,32421,28349,0.1755,-0.0674,0.9255,-4.78,-0.27,-0.79,0.9444,0.0556
desk_still,32433,28361,0.1750,-0.0654,0.9248,-4.83,-0.02,-0.76,0.9435,0.0565
desk_still,32445,28373,0.1709,-0.0657,0.9243,-4.85,-0.24,-0.69,0.9423,0.0577
desk_still,32457,28385,0.1763,-0.0652,0.9263,-4.89,0.12,-0.73,0.9451,0.0549
desk_still,32469,28397,0.1760,-0.0667,0.9309,-4.76,-0.21,-0.75,0.9497,0.0503
desk_still,32481,28409,0.1785,-0.0684,0.9282,-4.60,-0.27,-0.58,0.9477,0.0523
desk_still,32514,28442,0.1724,-0.0581,0.9224,-4.88,-0.24,-0.72,0.9401,0.0599
desk_still,32526,28454,0.1726,-0.0618,0.9294,-4.79,-0.16,-0.63,0.9474,0.0526
desk_still,32538,28466,0.1792,-0.0615,0.9297,-4.89,-0.04,-0.66,0.9488,0.0512
desk_still,32550,28478,0.1782,-0.0627,0.9258,-4.98,-0.24,-0.57,0.9449,0.0551
desk_still,32562,28490,0.1780,-0.0652,0.9307,-4.95,-0.38,-0.74,0.9498,0.0502
desk_still,32574,28502,0.1809,-0.0640,0.9275,-4.90,-0.28,-0.96,0.9471,0.0529
desk_still,32586,28514,0.1714,-0.0640,0.9299,-4.90,-0.41,-0.56,0.9478,0.0522
desk_still,32598,28526,0.1768,-0.0693,0.9219,-4.89,-0.19,-0.47,0.9412,0.0588
desk_still,32610,28538,0.1755,-0.0647,0.9333,-4.92,-0.12,-0.72,0.9519,0.0481
desk_still,32622,28550,0.1760,-0.0657,0.9324,-4.85,-0.10,-0.63,0.9511,0.0489
desk_still,32650,28578,0.1731,-0.0708,0.9255,-4.77,-0.15,-0.69,0.9442,0.0558
desk_still,32662,28590,0.1750,-0.0667,0.9238,-4.77,-0.15,-0.66,0.9426,0.0574
desk_still,32674,28602,0.1736,-0.0681,0.9351,-4.58,-0.02,-0.68,0.9535,0.0465
desk_still,32686,28614,0.1760,-0.0669,0.9189,-4.66,-0.24,-0.73,0.9380,0.0620
desk_still,32698,28626,0.1829,-0.0728,0.9197,-4.90,-0.27,-0.71,0.9405,0.0595
desk_still,32710,28638,0.1741,-0.0662,0.9302,-4.97,-0.25,-0.52,0.9486,0.0514
desk_still,32722,28650,0.1753,-0.0647,0.9324,-4.94,-0.34,-0.85,0.9509,0.0491
desk_still,32734,28662,0.1763,-0.0659,0.9238,-5.01,-0.13,-0.69,0.9428,0.0572
desk_still,32746,28674,0.1748,-0.0662,0.9265,-4.92,-0.43,-0.53,0.9452,0.0548
desk_still,32758,28686,0.1782,-0.0591,0.9236,-4.92,-0.22,-0.80,0.9425,0.0575
desk_still,32791,28719,0.1721,-0.0630,0.9241,-4.66,-0.11,-0.60,0.9421,0.0579
desk_still,32803,28731,0.1802,-0.0674,0.9192,-4.92,-0.23,-0.53,0.9391,0.0609
desk_still,32815,28743,0.1726,-0.0623,0.9341,-4.69,-0.24,-0.52,0.9519,0.0481
desk_still,32827,28755,0.1716,-0.0615,0.9250,-4.92,0.01,-0.60,0.9428,0.0572
desk_still,32839,28767,0.1824,-0.0688,0.9194,-4.70,-0.08,-0.90,0.9399,0.0601
desk_still,32851,28779,0.1799,-0.0610,0.9265,-4.98,-0.26,-0.74,0.9458,0.0542
desk_still,32863,28791,0.1836,-0.0688,0.9263,-4.92,-0.38,-0.92,0.9468,0.0532
desk_still,32875,28803,0.1731,-0.0662,0.9180,-4.89,-0.27,-0.79,0.9365,0.0635
desk_still,32887,28815,0.1760,-0.0710,0.9258,-5.02,-0.34,-0.62,0.9450,0.0550
desk_still,32899,28827,0.1812,-0.0708,0.9270,-4.89,-0.39,-0.47,0.9472,0.0528
desk_still,32927,28855,0.1768,-0.0632,0.9258,-4.70,-0.21,-0.81,0.9446,0.0554
desk_still,32939,28867,0.1738,-0.0635,0.9348,-4.78,-0.19,-0.50,0.9530,0.0470
desk_still,32951,28879,0.1790,-0.0649,0.9265,-4.76,-0.13,-0.56,0.9459,0.0541
desk_still,32963,28891,0.1726,-0.0618,0.9358,-4.89,-0.15,-0.48,0.9536,0.0464
desk_still,32975,28903,0.1729,-0.0647,0.9250,-4.96,-0.12,-0.89,0.9433,0.0567
desk_still,32987,28915,0.1763,-0.0708,0.9395,-4.99,-0.15,-0.62,0.9585,0.0415
desk_still,32999,28927,0.1797,-0.0657,0.9214,-4.83,-0.17,-0.63,0.9410,0.0590
desk_still,33011,28939,0.1724,-0.0618,0.9282,-4.73,-0.09,-0.65,0.9461,0.0539
desk_still,33023,28951,0.1760,-0.0669,0.9368,-4.85,-0.23,-0.61,0.9555,0.0445
desk_still,33035,28963,0.1819,-0.0723,0.9270,-4.69,-0.38,-0.69,0.9474,0.0526
desk_still,33068,28996,0.1699,-0.0737,0.9338,-4.82,-0.30,-0.75,0.9520,0.0480
desk_still,33080,29008,0.1699,-0.0681,0.9285,-4.85,-0.20,-0.74,0.9463,0.0537
desk_still,33092,29020,0.1721,-0.0693,0.9192,-4.98,-0.33,-0.54,0.9377,0.0623
desk_still,33104,29032,0.1758,-0.0669,0.9282,-4.89,-0.15,-0.56,0.9471,0.0529
desk_still,33116,29044,0.1746,-0.0593,0.9180,-4.82,-0.18,-0.53,0.9363,0.0637
desk_still,33128,29056,0.1787,-0.0591,0.9204,-4.89,-0.05,-0.76,0.9395,0.0605
desk_still,33140,29068,0.1787,-0.0596,0.9231,-4.83,-0.27,-0.75,0.9421,0.0579
desk_still,33152,29080,0.1799,-0.0674,0.9250,-4.86,-0.17,-0.69,0.9448,0.0552
desk_still,33164,29092,0.1758,-0.0635,0.9250,-4.77,-0.25,-0.72,0.9437,0.0563
desk_still,33176,29104,0.1758,-0.0710,0.9270,-4.85,-0.31,-0.79,0.9462,0.0538
desk_still,33233,29161,0.1790,-0.0693,0.9219,-4.98,-0.21,-0.54,0.9416,0.0584
desk_still,33245,29173,0.1765,-0.0623,0.9287,-4.60,-0.27,-0.74,0.9474,0.0526
desk_still,33257,29185,0.1785,-0.0662,0.9287,-5.00,-0.33,-0.56,0.9480,0.0520
desk_still,33269,29197,0.1790,-0.0703,0.9277,-4.79,-0.34,-0.52,0.9474,0.0526
desk_still,33281,29209,0.1763,-0.0649,0.9302,-4.81,-0.26,-0.73,0.9490,0.0510
desk_still,33293,29221,0.1775,-0.0667,0.9302,-4.80,-0.11,-0.78,0.9493,0.0507
desk_still,33305,29233,0.1743,-0.0647,0.9355,-4.69,-0.09,-0.74,0.9538,0.0462
desk_still,33317,29245,0.1748,-0.0671,0.9219,-4.97,-0.22,-0.53,0.9407,0.0593
desk_still,33329,29257,0.1724,-0.0684,0.9238,-4.89,-0.11,-0.72,0.9423,0.0577
desk_still,33341,29269,0.1777,-0.0696,0.9219,-4.92,-0.12,-0.53,0.9414,0.0586
desk_still,33373,29301,0.1821,-0.0676,0.9294,-4.86,-0.18,-0.95,0.9495,0.0505
desk_still,33385,29313,0.1794,-0.0715,0.9338,-4.73,-0.09,-0.81,0.9536,0.0464
desk_still,33397,29325,0.1824,-0.0618,0.9192,-4.67,-0.21,-0.56,0.9391,0.0609
desk_still,33409,29337,0.1721,-0.0642,0.9312,-4.95,-0.41,-0.67,0.9491,0.0509
desk_still,33421,29349,0.1699,-0.0608,0.9280,-4.83,-0.27,-0.61,0.9454,0.0546
desk_still,33433,29361,0.1755,-0.0688,0.9216,-4.88,-0.25,-0.64,0.9407,0.0593
desk_still,33445,29373,0.1736,-0.0740,0.9316,-4.73,-0.28,-0.70,0.9506,0.0494
desk_still,33457,29385,0.1719,-0.0654,0.9287,-4.76,-0.27,-0.63,0.9467,0.0533
desk_still,33469,29397,0.1792,-0.0662,0.9241,-4.82,-0.30,-0.76,0.9436,0.0564
desk_still,33481,29409,0.1753,-0.0688,0.9358,-4.99,-0.22,-0.58,0.9546,0.0454
desk_still,33514,29442,0.1748,-0.0645,0.9412,-5.06,-0.33,-0.45,0.9594,0.0406
desk_still,33526,29454,0.1758,-0.0627,0.9226,-4.90,-0.22,-0.60,0.9413,0.0587
desk_still,33538,29466,0.1858,-0.0676,0.9321,-4.63,0.00,-0.63,0.9529,0.0471
desk_still,33550,29478,0.1797,-0.0635,0.9302,-4.94,-0.17,-0.61,0.9495,0.0505
desk_still,33562,29490,0.1782,-0.0632,0.9236,-4.91,-0.34,-0.58,0.9427,0.0573
desk_still,33574,29502,0.1782,-0.0620,0.9250,-4.92,-0.32,-0.70,0.9441,0.0559
desk_still,33586,29514,0.1726,-0.0649,0.9280,-4.93,-0.42,-0.79,0.9461,0.0539
desk_still,33598,29526,0.1694,-0.0737,0.9370,-4.87,-0.26,-0.83,0.9551,0.0449
desk_still,33610,29538,0.1746,-0.0737,0.9302,-4.68,-0.19,-0.75,0.9493,0.0507
desk_still,33622,29550,0.1787,-0.0637,0.9353,-4.92,-0.30,-0.64,0.9544,0.0456
desk_still,33650,29578,0.1699,-0.0637,0.9348,-5.05,-0.31,-0.54,0.9523,0.0477
desk_still,33662,29590,0.1785,-0.0652,0.9272,-4.79,-0.17,-0.85,0.9465,0.0535
desk_still,33674,29602,0.1785,-0.0676,0.9360,-4.90,-0.09,-0.59,0.9553,0.0447
desk_still,33686,29614,0.1755,-0.0669,0.9280,-4.66,-0.18,-0.52,0.9468,0.0532
desk_still,33698,29626,0.1804,-0.0657,0.9260,-4.60,-0.23,-0.45,0.9457,0.0543
desk_still,33710,29638,0.1746,-0.0681,0.9199,-4.75,-0.15,-0.73,0.9388,0.0612
desk_still,33722,29650,0.1733,-0.0703,0.9290,-4.97,-0.19,-0.45,0.9476,0.0524
desk_still,33734,29662,0.1777,-0.0645,0.9180,-4.86,-0.24,-0.75,0.9372,0.0628
desk_still,33746,29674,0.1777,-0.0662,0.9202,-4.70,-0.11,-0.82,0.9395,0.0605
desk_still,33758,29686,0.1748,-0.0657,0.9314,-4.75,-0.23,-0.64,0.9499,0.0501
desk_still,33791,29719,0.1838,-0.0669,0.9341,-4.99,-0.46,-0.71,0.9543,0.0457
desk_still,33803,29731,0.1804,-0.0654,0.9265,-4.77,-0.37,-0.54,0.9462,0.0538
desk_still,33815,29743,0.1729,-0.0620,0.9275,-4.76,-0.23,-0.63,0.9455,0.0545
desk_still,33827,29755,0.1736,-0.0640,0.9355,-4.69,-0.20,-0.77,0.9537,0.0463
desk_still,33839,29767,0.1787,-0.0623,0.9314,-4.99,-0.34,-0.60,0.9504,0.0496
desk_still,33851,29779,0.1768,-0.0674,0.9241,-4.72,-0.05,-0.45,0.9432,0.0568
desk_still,33863,29791,0.1731,-0.0671,0.9304,-4.87,-0.09,-0.85,0.9488,0.0512
desk_still,33875,29803,0.1792,-0.0730,0.9202,-4.85,-0.20,-0.87,0.9403,0.0597
desk_still,33887,29815,0.1812,-0.0698,0.9280,-4.73,-0.18,-0.86,0.9481,0.0519
desk_still,33899,29827,0.1814,-0.0627,0.9268,-5.01,-0.17,-0.60,0.9464,0.0536
desk_still,33927,29855,0.1748,-0.0693,0.9236,-4.88,-0.27,-0.90,0.9425,0.0575
desk_still,33939,29867,0.1787,-0.0688,0.9258,-4.89,-0.30,-0.72,0.9454,0.0546
desk_still,33951,29879,0.1829,-0.0647,0.9304,-4.86,-0.33,-0.81,0.9504,0.0496
desk_still,33963,29891,0.1807,-0.0642,0.9329,-4.74,-0.30,-0.74,0.9524,0.0476
desk_still,33975,29903,0.1714,-0.0671,0.9309,-4.76,-0.34,-0.90,0.9489,0.0511
desk_still,33987,29915,0.1770,-0.0659,0.9270,-4.66,-0.18,-0.57,0.9460,0.0540
desk_still,33999,29927,0.1721,-0.0671,0.9236,-4.92,-0.08,-0.95,0.9419,0.0581
desk_still,34011,29939,0.1753,-0.0715,0.9209,-4.79,-0.03,-0.78,0.9402,0.0598
desk_still,34023,29951,0.1724,-0.0669,0.9299,-4.89,-0.20,-0.67,0.9481,0.0519
desk_still,34035,29963,0.1770,-0.0649,0.9324,-4.98,-0.24,-0.63,0.9512,0.0488
desk_still,34068,29996,0.1716,-0.0640,0.9287,-4.83,-0.15,-0.68,0.9466,0.0534
