test_name,millis,elapsed_ms,ax_g,ay_g,az_g,gx_dps,gy_dps,gz_dps,accel_mag_g,accel_dynamic_g
upper_back_still,4150,2,0.4971,0.2656,0.7673,-16.72,-7.47,19.11,0.9521,0.0479
upper_back_still,4162,14,0.5068,0.2644,0.7546,-18.12,-7.34,19.49,0.9467,0.0533
upper_back_still,4174,26,0.5071,0.2605,0.7551,-19.63,-4.11,18.49,0.9462,0.0538
upper_back_still,4186,38,0.5117,0.2612,0.7480,-21.31,-2.50,17.44,0.9432,0.0568
upper_back_still,4198,50,0.5168,0.2397,0.7241,-20.37,-3.69,15.34,0.9214,0.0786
upper_back_still,4210,62,0.5215,0.2100,0.7129,-16.51,-1.71,14.62,0.9079,0.0921
upper_back_still,4222,74,0.5105,0.1804,0.6858,-11.12,2.98,15.82,0.8738,0.1262
upper_back_still,4234,86,0.4875,0.1912,0.6980,-4.79,5.84,16.76,0.8726,0.1274
upper_back_still,4246,98,0.4785,0.1987,0.7202,-0.04,9.70,17.25,0.8872,0.1128
upper_back_still,4258,110,0.4468,0.2251,0.7388,4.21,13.74,16.69,0.8922,0.1078
upper_back_still,4290,142,0.4211,0.2441,0.8215,11.60,20.83,10.37,0.9549,0.0451
upper_back_still,4302,154,0.4341,0.2725,0.8796,12.79,22.34,8.05,1.0181,0.0181
upper_back_still,4314,166,0.4392,0.2798,0.9373,12.14,16.20,7.76,1.0722,0.0722
upper_back_still,4326,178,0.4595,0.2690,0.9443,10.18,6.03,8.73,1.0841,0.0841
upper_back_still,4338,190,0.4626,0.2456,0.9028,8.87,1.37,10.48,1.0438,0.0438
upper_back_still,4350,202,0.4724,0.2046,0.8691,7.70,-0.63,12.27,1.0102,0.0102
upper_back_still,4362,214,0.4849,0.2034,0.8452,4.90,-3.22,13.92,0.9954,0.0046
upper_back_still,4374,226,0.4797,0.2056,0.8350,0.55,-6.34,14.32,0.9847,0.0153
upper_back_still,4386,238,0.4971,0.2129,0.7878,-4.23,-8.27,14.09,0.9556,0.0444
upper_back_still,4398,250,0.5071,0.2090,0.7571,-6.91,-5.73,14.05,0.9349,0.0651
upper_back_still,4431,283,0.5217,0.1719,0.7415,-1.10,7.71,17.31,0.9228,0.0772
upper_back_still,4443,295,0.5173,0.1985,0.7568,3.56,11.65,18.33,0.9380,0.0620
upper_back_still,4455,307,0.4993,0.2307,0.7651,8.23,14.40,17.38,0.9423,0.0577
upper_back_still,4467,319,0.4673,0.2507,0.7754,11.60,16.95,14.32,0.9394,0.0606
upper_back_still,4479,331,0.4434,0.2632,0.7874,12.54,17.49,9.77,0.9411,0.0589
upper_back_still,4491,343,0.4517,0.2747,0.8052,11.31,17.46,4.27,0.9632,0.0368
upper_back_still,4503,355,0.4700,0.2871,0.8237,8.19,22.06,-0.21,0.9909,0.0091
upper_back_still,4515,367,0.4724,0.2720,0.8608,5.40,27.09,-3.07,1.0189,0.0189
upper_back_still,4527,379,0.4695,0.2593,0.8962,3.17,27.77,-3.46,1.0445,0.0445
upper_back_still,4539,391,0.4441,0.2461,0.9080,1.79,24.86,-2.34,1.0403,0.0403
upper_back_still,4567,419,0.4304,0.2439,0.8867,0.78,13.33,2.13,1.0154,0.0154
upper_back_still,4579,431,0.4277,0.2588,0.8804,-2.09,9.44,1.98,1.0124,0.0124
upper_back_still,4591,443,0.4167,0.2698,0.8674,-6.43,9.35,2.06,0.9994,0.0006
upper_back_still,4603,455,0.4026,0.2642,0.8606,-11.49,9.01,2.27,0.9861,0.0139
upper_back_still,4615,467,0.3977,0.2546,0.8491,-15.40,6.27,2.39,0.9716,0.0284
upper_back_still,4627,479,0.3997,0.2351,0.8394,-18.29,2.44,3.74,0.9589,0.0411
upper_back_still,4639,491,0.4165,0.2227,0.8013,-19.34,0.34,6.28,0.9301,0.0699
upper_back_still,4651,503,0.4087,0.2253,0.7756,-17.94,-0.61,9.08,0.9052,0.0948
upper_back_still,4663,515,0.4055,0.2363,0.7693,-15.06,-2.43,11.18,0.9012,0.0988
upper_back_still,4675,527,0.4011,0.2493,0.7502,-12.37,-4.82,12.69,0.8865,0.1135
upper_back_still,4708,560,0.3750,0.2900,0.7764,-9.85,-4.76,11.27,0.9097,0.0903
upper_back_still,4720,572,0.3745,0.2852,0.7798,-10.56,-6.34,7.75,0.9108,0.0892
upper_back_still,4732,584,0.3896,0.2700,0.7847,-10.86,-7.48,5.31,0.9168,0.0832
upper_back_still,4744,596,0.3972,0.2505,0.7893,-10.72,-9.56,3.61,0.9184,0.0816
upper_back_still,4756,608,0.4023,0.2473,0.7734,-9.82,-11.79,2.27,0.9062,0.0938
upper_back_still,4768,620,0.4106,0.2380,0.7534,-9.14,-12.68,0.87,0.8905,0.1095
upper_back_still,4780,632,0.4194,0.2446,0.7400,-8.98,-9.64,-0.47,0.8851,0.1149
upper_back_still,4792,644,0.4299,0.2637,0.7576,-9.22,-6.43,-1.92,0.9101,0.0899
upper_back_still,4804,656,0.4255,0.2605,0.7676,-10.16,-4.70,-3.94,0.9155,0.0845
upper_back_still,4816,668,0.4434,0.2473,0.8008,-10.18,-3.44,-4.73,0.9481,0.0519
upper_back_still,4844,696,0.4617,0.2310,0.8599,-9.16,-8.08,-5.50,1.0029,0.0029
upper_back_still,4856,708,0.4702,0.2136,0.8694,-9.97,-10.87,-5.02,1.0112,0.0112
upper_back_still,4868,720,0.4705,0.2039,0.8516,-10.43,-12.71,-4.82,0.9940,0.0060
upper_back_still,4880,732,0.4729,0.2070,0.8406,-10.17,-12.27,-4.60,0.9864,0.0136
upper_back_still,4892,744,0.4707,0.2141,0.8459,-9.19,-11.65,-5.07,0.9915,0.0085
upper_back_still,4904,756,0.4641,0.2151,0.8298,-8.47,-11.79,-5.56,0.9748,0.0252
upper_back_still,4916,768,0.4653,0.2112,0.8279,-7.56,-11.62,-6.05,0.9729,0.0271
upper_back_still,4928,780,0.4666,0.2080,0.8535,-7.52,-11.25,-7.29,0.9947,0.0053
upper_back_still,4940,792,0.4734,0.1975,0.8433,-9.08,-10.95,-8.42,0.9870,0.0130
upper_back_still,4952,804,0.4790,0.1902,0.8401,-11.51,-11.07,-9.48,0.9856,0.0144
upper_back_still,4985,837,0.4939,0.1880,0.8367,-18.66,-6.85,-12.53,0.9896,0.0104
upper_back_still,4997,849,0.4819,0.1887,0.8086,-18.46,-6.79,-12.92,0.9601,0.0399
upper_back_still,5009,861,0.4971,0.1792,0.7927,-15.69,-5.57,-11.79,0.9527,0.0473
upper_back_still,5021,873,0.4934,0.1848,0.7803,-12.31,-4.06,-10.02,0.9415,0.0585
upper_back_still,5033,885,0.4897,0.1978,0.7837,-8.68,-4.76,-8.88,0.9451,0.0549
upper_back_still,5045,897,0.4780,0.2153,0.8245,-7.51,-6.56,-8.40,0.9770,0.0230
upper_back_still,5057,909,0.4849,0.2021,0.7874,-6.90,-7.21,-8.91,0.9465,0.0535
upper_back_still,5069,921,0.4919,0.2004,0.8003,-7.02,-3.54,-8.60,0.9605,0.0395
upper_back_still,5081,933,0.4956,0.1956,0.8157,-8.96,-1.02,-8.20,0.9743,0.0257
upper_back_still,5093,945,0.5017,0.1877,0.8247,-12.31,-0.71,-7.53,0.9834,0.0166
upper_back_still,5126,978,0.5000,0.1558,0.7976,-16.67,1.39,-3.98,0.9542,0.0458
upper_back_still,5138,990,0.4946,0.1638,0.7871,-15.18,2.05,-2.24,0.9439,0.0561
upper_back_still,5150,1002,0.4866,0.1653,0.7878,-14.89,0.24,-1.03,0.9406,0.0594
upper_back_still,5162,1014,0.4895,0.1594,0.7844,-15.23,0.39,-0.16,0.9383,0.0617
upper_back_still,5174,1026,0.4907,0.1619,0.7883,-16.19,2.85,-0.56,0.9426,0.0574
upper_back_still,5186,1038,0.4717,0.1560,0.8196,-17.99,3.89,-0.85,0.9584,0.0416
upper_back_still,5198,1050,0.4658,0.1567,0.8252,-19.88,4.60,-2.24,0.9605,0.0395
upper_back_still,5210,1062,0.4817,0.1438,0.8494,-21.82,4.98,-2.95,0.9870,0.0130
upper_back_still,5222,1074,0.4824,0.1479,0.8657,-23.05,5.33,-3.45,1.0020,0.0020
upper_back_still,5234,1086,0.4619,0.1389,0.8496,-22.79,5.94,-4.40,0.9770,0.0230
upper_back_still,5262,1114,0.4758,0.1663,0.8550,-19.69,1.69,-6.47,0.9925,0.0075
upper_back_still,5274,1126,0.4739,0.1511,0.8464,-18.49,1.32,-7.05,0.9818,0.0182
upper_back_still,5286,1138,0.4844,0.1401,0.8425,-17.61,2.27,-7.75,0.9819,0.0181
upper_back_still,5298,1150,0.4863,0.1372,0.8462,-17.48,2.32,-8.08,0.9856,0.0144
upper_back_still,5310,1162,0.4897,0.1306,0.8560,-17.63,-0.10,-7.81,0.9948,0.0052
upper_back_still,5322,1174,0.4985,0.1243,0.8613,-17.52,-0.69,-7.77,1.0029,0.0029
upper_back_still,5334,1186,0.4895,0.1243,0.8650,-15.98,-1.91,-6.92,1.0016,0.0016
upper_back_still,5346,1198,0.4741,0.1257,0.8496,-14.24,-8.23,-6.53,0.9810,0.0190
upper_back_still,5358,1210,0.4861,0.1223,0.8000,-12.71,-13.80,-5.61,0.9441,0.0559
upper_back_still,5370,1222,0.4966,0.1282,0.7639,-11.59,-13.38,-5.41,0.9201,0.0799
upper_back_still,5403,1255,0.4893,0.1382,0.7668,-12.50,-4.53,-6.23,0.9201,0.0799
upper_back_still,5415,1267,0.4807,0.1333,0.7676,-12.33,-2.68,-6.87,0.9154,0.0846
upper_back_still,5427,1279,0.4800,0.1389,0.8044,-12.23,-3.21,-7.50,0.9470,0.0530
upper_back_still,5439,1291,0.4819,0.1428,0.8159,-11.70,-4.33,-7.37,0.9583,0.0417
upper_back_still,5451,1303,0.4746,0.1499,0.8315,-11.50,-6.18,-6.79,0.9691,0.0309
upper_back_still,5463,1315,0.4629,0.1614,0.8042,-10.11,-7.47,-6.74,0.9418,0.0582
upper_back_still,5475,1327,0.4622,0.1687,0.7964,-8.05,-7.91,-7.10,0.9361,0.0639
upper_back_still,5487,1339,0.4714,0.1760,0.7961,-5.76,-6.02,-7.40,0.9418,0.0582
upper_back_still,5499,1351,0.4673,0.1816,0.7908,-3.67,-5.21,-7.17,0.9363,0.0637
upper_back_still,5511,1363,0.4656,0.1794,0.7974,-1.55,-6.44,-6.54,0.9406,0.0594
upper_back_still,5539,1391,0.4890,0.1646,0.7720,1.82,-2.44,-6.41,0.9285,0.0715
upper_back_still,5551,1403,0.4888,0.1628,0.7898,1.58,-0.20,-6.22,0.9430,0.0570
upper_back_still,5563,1415,0.4758,0.1614,0.8081,0.85,-1.33,-5.92,0.9516,0.0484
upper_back_still,5575,1427,0.4707,0.1650,0.8135,0.11,-1.71,-6.37,0.9542,0.0458
upper_back_still,5587,1439,0.4832,0.1575,0.8115,-0.05,-2.45,-6.31,0.9575,0.0425
upper_back_still,5599,1451,0.4790,0.1614,0.8220,-0.78,-1.97,-6.13,0.9650,0.0350
upper_back_still,5611,1463,0.4739,0.1665,0.8022,-1.23,-2.03,-6.07,0.9465,0.0535
upper_back_still,5623,1475,0.4697,0.1707,0.7910,-1.86,-2.20,-6.02,0.9357,0.0643
upper_back_still,5635,1487,0.4812,0.1855,0.7810,-2.09,-0.74,-5.85,0.9359,0.0641
upper_back_still,5647,1499,0.4893,0.1775,0.7788,-2.93,0.39,-5.59,0.9367,0.0633
upper_back_still,5704,1556,0.5015,0.1919,0.8423,0.10,5.09,3.67,0.9989,0.0011
upper_back_still,5716,1568,0.4814,0.2119,0.8411,1.62,2.29,6.77,0.9920,0.0080
upper_back_still,5728,1580,0.4875,0.2231,0.8354,2.50,-0.93,9.30,0.9927,0.0073
upper_back_still,5740,1592,0.4871,0.2258,0.8157,2.06,-2.13,10.51,0.9765,0.0235
upper_back_still,5752,1604,0.4863,0.2336,0.7920,1.76,-2.38,10.77,0.9583,0.0417
upper_back_still,5764,1616,0.5039,0.2412,0.7837,-0.05,-1.37,10.63,0.9624,0.0376
upper_back_still,5776,1628,0.4912,0.2249,0.7759,-1.98,0.37,9.84,0.9454,0.0546
upper_back_still,5788,1640,0.5020,0.2112,0.7605,-4.39,0.74,9.05,0.9354,0.0646
upper_back_still,5800,1652,0.5027,0.1875,0.7668,-5.08,4.63,8.08,0.9359,0.0641
upper_back_still,5812,1664,0.4883,0.1716,0.8052,-5.02,6.18,7.24,0.9572,0.0428
upper_back_still,5844,1696,0.4727,0.1606,0.8201,-0.31,0.65,6.43,0.9601,0.0399
upper_back_still,5856,1708,0.4844,0.1543,0.8284,-0.41,0.80,5.77,0.9719,0.0281
upper_back_still,5868,1720,0.4758,0.1558,0.8206,-0.41,2.08,5.63,0.9612,0.0388
upper_back_still,5880,1732,0.4634,0.1409,0.8286,-0.01,2.03,5.11,0.9598,0.0402
upper_back_still,5892,1744,0.4675,0.1306,0.8262,0.01,0.73,5.33,0.9582,0.0418
upper_back_still,5904,1756,0.4641,0.1304,0.8154,-0.01,-0.18,5.34,0.9473,0.0527
upper_back_still,5916,1768,0.4592,0.1362,0.8193,0.28,0.00,5.59,0.9491,0.0509
upper_back_still,5928,1780,0.4675,0.1462,0.8159,-0.11,-1.06,5.25,0.9517,0.0483
upper_back_still,5940,1792,0.4795,0.1536,0.8049,0.11,1.16,5.48,0.9494,0.0506
upper_back_still,5952,1804,0.4678,0.1499,0.8198,-0.26,2.34,5.17,0.9557,0.0443
upper_back_still,5985,1837,0.4756,0.1663,0.8066,-0.46,-1.42,4.97,0.9510,0.0490
upper_back_still,5997,1849,0.4912,0.1729,0.8040,-1.10,-0.45,4.34,0.9579,0.0421
upper_back_still,6009,1861,0.4819,0.1782,0.7991,-2.18,1.66,2.79,0.9500,0.0500
upper_back_still,6021,1873,0.4875,0.1716,0.8059,-3.11,4.02,0.84,0.9574,0.0426
upper_back_still,6033,1885,0.4824,0.1831,0.8264,-3.10,4.78,-0.92,0.9743,0.0257
upper_back_still,6045,1897,0.4753,0.1814,0.8342,-1.92,4.40,-2.63,0.9771,0.0229
upper_back_still,6057,1909,0.4751,0.1836,0.8464,-0.85,1.78,-4.60,0.9879,0.0121
upper_back_still,6069,1921,0.4829,0.1904,0.8433,0.29,0.53,-6.12,0.9902,0.0098
upper_back_still,6081,1933,0.4856,0.1895,0.8335,0.64,1.00,-7.18,0.9831,0.0169
upper_back_still,6093,1945,0.4924,0.1941,0.8564,0.85,2.14,-8.00,1.0068,0.0068
upper_back_still,6126,1978,0.4895,0.1807,0.8464,0.59,0.41,-8.02,0.9943,0.0057
upper_back_still,6138,1990,0.4868,0.1714,0.8503,0.55,-0.60,-7.47,0.9947,0.0053
upper_back_still,6150,2002,0.4878,0.1619,0.8267,0.16,-1.79,-6.26,0.9734,0.0266
upper_back_still,6162,2014,0.4905,0.1721,0.8276,-1.56,-2.39,-4.79,0.9773,0.0227
upper_back_still,6174,2026,0.4971,0.1689,0.8279,-3.95,-2.37,-3.63,0.9803,0.0197
upper_back_still,6186,2038,0.4917,0.1750,0.8247,-5.82,-3.17,-1.81,0.9760,0.0240
upper_back_still,6198,2050,0.4810,0.1675,0.8052,-6.87,-5.18,-0.47,0.9527,0.0473
upper_back_still,6210,2062,0.4841,0.1604,0.7986,-7.62,-5.31,0.37,0.9475,0.0525
upper_back_still,6222,2074,0.4934,0.1721,0.7900,-9.11,-3.18,1.47,0.9472,0.0528
upper_back_still,6234,2086,0.4873,0.1746,0.7996,-10.10,-0.70,2.37,0.9525,0.0475
upper_back_still,6262,2114,0.4783,0.1714,0.7878,-9.98,-0.24,3.10,0.9374,0.0626
upper_back_still,6274,2126,0.4805,0.1833,0.7893,-8.48,0.68,3.12,0.9421,0.0579
upper_back_still,6286,2138,0.4700,0.1865,0.7974,-7.16,1.20,1.63,0.9442,0.0558
upper_back_still,6298,2150,0.4761,0.1946,0.8123,-7.85,1.66,-0.74,0.9614,0.0386
upper_back_still,6310,2162,0.4714,0.1836,0.8154,-9.15,2.20,-2.65,0.9596,0.0404
upper_back_still,6322,2174,0.4854,0.1709,0.8245,-11.60,3.11,-4.22,0.9719,0.0281
upper_back_still,6334,2186,0.4888,0.1694,0.8279,-14.13,4.14,-4.98,0.9762,0.0238
upper_back_still,6346,2198,0.4819,0.1731,0.8335,-16.37,4.50,-4.93,0.9782,0.0218
upper_back_still,6358,2210,0.4817,0.1606,0.8320,-17.61,2.98,-4.25,0.9747,0.0253
upper_back_still,6370,2222,0.4822,0.1523,0.8152,-18.36,2.05,-3.29,0.9593,0.0407
upper_back_still,6403,2255,0.4888,0.1494,0.8323,-20.84,-0.44,2.86,0.9767,0.0233
upper_back_still,6415,2267,0.4905,0.1504,0.8306,-20.81,-2.04,5.40,0.9762,0.0238
upper_back_still,6427,2279,0.4941,0.1589,0.8010,-20.55,-2.84,7.73,0.9545,0.0455
upper_back_still,6439,2291,0.4961,0.1619,0.7820,-18.83,0.47,9.40,0.9401,0.0599
upper_back_still,6451,2303,0.4783,0.1790,0.7944,-17.25,1.62,10.87,0.9444,0.0556
upper_back_still,6463,2315,0.4709,0.1914,0.7898,-14.93,0.04,10.85,0.9393,0.0607
upper_back_still,6475,2327,0.4739,0.1973,0.7822,-13.18,-1.37,9.56,0.9356,0.0644
upper_back_still,6487,2339,0.4636,0.1958,0.7874,-11.27,0.63,7.63,0.9345,0.0655
upper_back_still,6499,2351,0.4548,0.2007,0.7859,-9.48,1.98,4.79,0.9299,0.0701
upper_back_still,6511,2363,0.4570,0.1973,0.8044,-7.85,1.34,1.53,0.9460,0.0540
upper_back_still,6539,2391,0.4731,0.1829,0.8301,-5.83,0.74,-4.01,0.9728,0.0272
upper_back_still,6551,2403,0.4622,0.1638,0.8057,-3.72,0.34,-5.49,0.9431,0.0569
upper_back_still,6563,2415,0.4751,0.1484,0.7949,-1.27,0.05,-6.19,0.9379,0.0621
upper_back_still,6575,2427,0.4741,0.1411,0.7959,0.73,0.73,-6.23,0.9371,0.0629
upper_back_still,6587,2439,0.4817,0.1453,0.7944,2.03,1.26,-5.43,0.9403,0.0597
upper_back_still,6599,2451,0.4741,0.1450,0.8005,2.32,1.18,-5.18,0.9416,0.0584
upper_back_still,6611,2463,0.4824,0.1553,0.8022,1.79,1.55,-4.50,0.9489,0.0511
upper_back_still,6623,2475,0.4849,0.1501,0.8022,0.96,2.05,-3.73,0.9493,0.0507
upper_back_still,6635,2487,0.4861,0.1445,0.8127,0.06,2.66,-2.45,0.9580,0.0420
upper_back_still,6647,2499,0.4756,0.1492,0.8203,-0.90,3.44,-1.53,0.9599,0.0401
upper_back_still,6680,2532,0.4685,0.1658,0.8452,-1.98,2.11,-0.18,0.9805,0.0195
upper_back_still,6692,2544,0.4678,0.1562,0.8557,-2.15,0.26,0.47,0.9877,0.0123
upper_back_still,6704,2556,0.4790,0.1436,0.8352,-2.76,-1.02,1.20,0.9735,0.0265
upper_back_still,6716,2568,0.4827,0.1453,0.8301,-3.03,-1.27,1.78,0.9711,0.0289
upper_back_still,6728,2580,0.4785,0.1448,0.8208,-4.34,-0.40,1.70,0.9611,0.0389
upper_back_still,6740,2592,0.4800,0.1453,0.8157,-5.67,0.47,1.37,0.9575,0.0425
upper_back_still,6752,2604,0.4836,0.1409,0.8247,-6.05,2.27,1.25,0.9664,0.0336
upper_back_still,6764,2616,0.4714,0.1421,0.8313,-5.84,2.22,0.86,0.9662,0.0338
upper_back_still,6776,2628,0.4578,0.1416,0.8457,-5.27,1.55,0.23,0.9720,0.0280
upper_back_still,6788,2640,0.4675,0.1375,0.8564,-5.06,0.52,0.04,0.9854,0.0146
upper_back_still,6816,2668,0.4614,0.1226,0.8105,-4.55,-6.13,-0.38,0.9407,0.0593
upper_back_still,6828,2680,0.4790,0.1157,0.7781,-3.73,-4.95,-0.42,0.9210,0.0790
upper_back_still,6840,2692,0.4866,0.1162,0.7607,-3.67,-1.39,-0.66,0.9105,0.0895
upper_back_still,6852,2704,0.4910,0.1301,0.7864,-4.37,2.92,-1.05,0.9361,0.0639
upper_back_still,6864,2716,0.4802,0.1299,0.7866,-4.93,5.66,-1.38,0.9307,0.0693
upper_back_still,6876,2728,0.4714,0.1284,0.8032,-4.85,6.63,-2.04,0.9402,0.0598
upper_back_still,6888,2740,0.4773,0.1270,0.8296,-5.03,6.70,-2.10,0.9655,0.0345
upper_back_still,6900,2752,0.4690,0.1299,0.8542,-6.05,6.90,-1.88,0.9831,0.0169
upper_back_still,6912,2764,0.4651,0.1401,0.8687,-6.51,5.57,-1.56,0.9952,0.0048
upper_back_still,6924,2776,0.4651,0.1499,0.8816,-6.43,3.50,-1.12,1.0080,0.0080
upper_back_still,6957,2809,0.4666,0.1553,0.8423,-3.66,-4.03,-1.12,0.9753,0.0247
upper_back_still,6969,2821,0.4663,0.1570,0.8323,-3.82,-4.76,-1.38,0.9668,0.0332
upper_back_still,6981,2833,0.4741,0.1560,0.8054,-4.00,-3.08,-1.87,0.9475,0.0525
upper_back_still,6993,2845,0.4829,0.1501,0.8096,-4.02,-2.33,-2.27,0.9545,0.0455
upper_back_still,7005,2857,0.4800,0.1436,0.8127,-4.14,-2.40,-2.25,0.9547,0.0453
upper_back_still,7017,2869,0.4719,0.1519,0.8013,-4.17,-0.81,-2.10,0.9422,0.0578
upper_back_still,7029,2881,0.4705,0.1597,0.8103,-3.84,0.24,-2.27,0.9505,0.0495
upper_back_still,7041,2893,0.4736,0.1609,0.8242,-3.40,0.26,-2.44,0.9641,0.0359
upper_back_still,7053,2905,0.4587,0.1711,0.8242,-3.47,-1.10,-2.46,0.9587,0.0413
upper_back_still,7065,2917,0.4783,0.1675,0.8103,-3.02,-1.79,-2.63,0.9557,0.0443
upper_back_still,7122,2974,0.4626,0.1606,0.8357,-3.76,0.14,-2.06,0.9686,0.0314
upper_back_still,7134,2986,0.4717,0.1611,0.8320,-3.99,-0.65,-1.89,0.9699,0.0301
upper_back_still,7146,2998,0.4641,0.1580,0.8384,-5.26,0.32,-2.40,0.9712,0.0288
upper_back_still,7158,3010,0.4541,0.1648,0.8262,-5.37,0.47,-2.59,0.9570,0.0430
upper_back_still,7170,3022,0.4590,0.1565,0.8252,-4.82,-0.02,-2.55,0.9571,0.0429
upper_back_still,7182,3034,0.4678,0.1616,0.8293,-3.50,-0.75,-2.68,0.9658,0.0342
upper_back_still,7194,3046,0.4731,0.1606,0.8181,-2.63,-0.57,-2.53,0.9586,0.0414
upper_back_still,7206,3058,0.4746,0.1709,0.8123,-0.65,-0.62,-2.39,0.9561,0.0439
upper_back_still,7218,3070,0.4695,0.1748,0.8237,0.85,-0.65,-2.23,0.9641,0.0359
upper_back_still,7230,3082,0.4832,0.1738,0.8201,1.89,-0.58,-2.02,0.9676,0.0324
upper_back_still,7262,3114,0.4929,0.1641,0.8538,-2.00,-3.01,-0.17,0.9994,0.0006
upper_back_still,7274,3126,0.4763,0.1465,0.8540,-4.53,-4.53,-0.20,0.9888,0.0112
upper_back_still,7286,3138,0.4661,0.1206,0.8425,-7.24,-6.10,0.23,0.9704,0.0296
upper_back_still,7298,3150,0.4727,0.1047,0.8406,-9.36,-6.70,0.66,0.9700,0.0300
upper_back_still,7310,3162,0.4709,0.1177,0.8320,-10.06,-5.60,0.19,0.9633,0.0367
upper_back_still,7322,3174,0.4543,0.1189,0.8269,-9.21,-4.57,-0.33,0.9510,0.0490
upper_back_still,7334,3186,0.4485,0.1279,0.8000,-6.24,-5.60,-1.18,0.9261,0.0739
upper_back_still,7346,3198,0.4531,0.1475,0.7773,-2.45,-4.66,-2.75,0.9118,0.0882
upper_back_still,7358,3210,0.4753,0.1582,0.7832,0.82,-1.87,-3.95,0.9297,0.0703
upper_back_still,7370,3222,0.4722,0.1790,0.7849,2.84,1.09,-4.89,0.9333,0.0667
upper_back_still,7403,3255,0.4783,0.2229,0.8457,3.11,1.32,-5.66,0.9968,0.0032
upper_back_still,7415,3267,0.4829,0.2290,0.8606,2.12,-1.15,-4.76,1.0130,0.0130
upper_back_still,7427,3279,0.4807,0.2241,0.8618,0.73,-5.21,-3.55,1.0119,0.0119
upper_back_still,7439,3291,0.4978,0.2183,0.8376,-1.29,-6.60,-1.73,0.9985,0.0015
upper_back_still,7451,3303,0.4988,0.2004,0.8269,-3.22,-6.93,-0.40,0.9863,0.0137
upper_back_still,7463,3315,0.5029,0.1870,0.8037,-4.31,-6.36,1.60,0.9664,0.0336
upper_back_still,7475,3327,0.4963,0.1677,0.8088,-5.59,-4.98,2.12,0.9637,0.0363
upper_back_still,7487,3339,0.4873,0.1677,0.8103,-7.57,-4.94,3.36,0.9603,0.0397
upper_back_still,7499,3351,0.4888,0.1748,0.8135,-9.27,-3.87,3.18,0.9650,0.0350
upper_back_still,7511,3363,0.4758,0.1814,0.8193,-9.64,-2.95,2.50,0.9647,0.0353
upper_back_still,7539,3391,0.4517,0.1785,0.8000,-5.79,-3.51,-0.44,0.9359,0.0641
upper_back_still,7551,3403,0.4604,0.1753,0.8013,-4.08,-3.48,-1.48,0.9406,0.0594
upper_back_still,7563,3415,0.4626,0.1716,0.7927,-3.27,-2.07,-2.40,0.9338,0.0662
upper_back_still,7575,3427,0.4763,0.1885,0.7742,-2.64,0.44,-2.94,0.9283,0.0717
upper_back_still,7587,3439,0.4727,0.1895,0.7812,-1.84,2.03,-3.56,0.9325,0.0675
upper_back_still,7599,3451,0.4839,0.1929,0.8042,-2.26,3.49,-3.11,0.9582,0.0418
upper_back_still,7611,3463,0.4885,0.1819,0.8184,-3.96,4.21,-1.24,0.9703,0.0297
upper_back_still,7623,3475,0.4878,0.1748,0.8203,-5.56,1.74,0.98,0.9703,0.0297
upper_back_still,7635,3487,0.4917,0.1733,0.8398,-7.15,-2.31,3.19,0.9885,0.0115
upper_back_still,7647,3499,0.4897,0.1555,0.8208,-8.48,-4.48,4.93,0.9684,0.0316
upper_back_still,7680,3532,0.4902,0.1648,0.7922,-11.10,-6.57,6.98,0.9461,0.0539
upper_back_still,7692,3544,0.4846,0.1741,0.7830,-10.71,-7.44,6.77,0.9371,0.0629
upper_back_still,7704,3556,0.4888,0.1704,0.7612,-10.21,-7.45,5.23,0.9205,0.0795
upper_back_still,7716,3568,0.4973,0.1709,0.7620,-8.92,-4.93,4.05,0.9258,0.0742
upper_back_still,7728,3580,0.4966,0.1770,0.7554,-7.30,-0.57,2.01,0.9211,0.0789
upper_back_still,7740,3592,0.4839,0.1763,0.7598,-5.71,0.85,-0.36,0.9179,0.0821
upper_back_still,7752,3604,0.4829,0.1777,0.7800,-4.23,0.38,-3.07,0.9345,0.0655
upper_back_still,7764,3616,0.4878,0.1655,0.7949,-4.02,1.75,-5.87,0.9472,0.0528
upper_back_still,7776,3628,0.4885,0.1653,0.8093,-4.02,5.15,-7.42,0.9597,0.0403
upper_back_still,7788,3640,0.4856,0.1602,0.8394,-3.53,6.36,-8.64,0.9828,0.0172
upper_back_still,7816,3668,0.5022,0.1541,0.8713,0.04,-0.39,-7.79,1.0174,0.0174
upper_back_still,7828,3680,0.5056,0.1555,0.8779,0.45,-3.37,-6.43,1.0250,0.0250
upper_back_still,7840,3692,0.5168,0.1465,0.8735,-0.87,-4.98,-4.89,1.0255,0.0255
upper_back_still,7852,3704,0.5220,0.1584,0.8757,-3.35,-4.44,-3.43,1.0317,0.0317
upper_back_still,7864,3716,0.5120,0.1538,0.8655,-5.99,-3.26,-2.45,1.0173,0.0173
upper_back_still,7876,3728,0.4990,0.1709,0.8516,-7.37,-2.99,-1.80,1.0017,0.0017
upper_back_still,7888,3740,0.4905,0.1785,0.8484,-8.03,-3.31,-1.24,0.9961,0.0039
upper_back_still,7900,3752,0.4983,0.1831,0.8245,-7.26,-4.61,-0.85,0.9806,0.0194
upper_back_still,7912,3764,0.4929,0.1892,0.8154,-6.51,-5.24,0.80,0.9714,0.0286
upper_back_still,7924,3776,0.5073,0.1995,0.7864,-5.51,-5.07,2.21,0.9568,0.0432
upper_back_still,7957,3809,0.4968,0.1902,0.7793,-6.24,-5.03,7.81,0.9436,0.0564
upper_back_still,7969,3821,0.5010,0.1758,0.7573,-7.85,-6.59,9.60,0.9249,0.0751
upper_back_still,7981,3833,0.5093,0.1614,0.7412,-9.73,-3.15,10.94,0.9137,0.0863
upper_back_still,7993,3845,0.5046,0.1650,0.7490,-11.79,1.07,12.27,0.9181,0.0819
upper_back_still,8005,3857,0.4683,0.1799,0.7527,-11.66,2.92,12.60,0.9045,0.0955
upper_back_still,8017,3869,0.4570,0.1848,0.7305,-10.09,1.32,12.08,0.8813,0.1187
upper_back_still,8029,3881,0.4612,0.1863,0.7322,-7.62,-0.66,11.29,0.8851,0.1149
upper_back_still,8041,3893,0.4651,0.2002,0.7241,-6.02,0.76,10.41,0.8836,0.1164
upper_back_still,8053,3905,0.4709,0.2070,0.7249,-4.03,3.37,8.83,0.8889,0.1111
upper_back_still,8065,3917,0.4832,0.1863,0.7229,-1.73,4.72,7.38,0.8892,0.1108
upper_back_still,8098,3950,0.5085,0.1680,0.7720,5.74,8.25,5.45,0.9396,0.0604
upper_back_still,8110,3962,0.5122,0.1655,0.7903,7.60,10.16,4.73,0.9562,0.0438
upper_back_still,8122,3974,0.4963,0.1748,0.8286,9.56,9.61,4.22,0.9816,0.0184
upper_back_still,8134,3986,0.5081,0.1648,0.8621,10.21,6.43,3.38,1.0141,0.0141
upper_back_still,8146,3998,0.5144,0.1562,0.8730,9.74,4.87,2.77,1.0253,0.0253
upper_back_still,8158,4010,0.4998,0.1521,0.8787,8.50,4.80,2.26,1.0222,0.0222
upper_back_still,8170,4022,0.4932,0.1545,0.8901,6.19,3.85,1.17,1.0293,0.0293
upper_back_still,8182,4034,0.4937,0.1431,0.8984,2.67,3.11,0.14,1.0351,0.0351
upper_back_still,8194,4046,0.4756,0.1301,0.8950,-1.31,1.33,-0.31,1.0218,0.0218
upper_back_still,8206,4058,0.4712,0.1267,0.8828,-3.71,0.34,-0.22,1.0087,0.0087
upper_back_still,8234,4086,0.4585,0.1152,0.8386,-4.21,-3.37,1.31,0.9627,0.0373
upper_back_still,8246,4098,0.4541,0.1174,0.8228,-2.99,-4.20,2.14,0.9471,0.0529
upper_back_still,8258,4110,0.4590,0.1262,0.8076,-2.22,-4.53,2.12,0.9375,0.0625
upper_back_still,8270,4122,0.4758,0.1328,0.7856,-1.98,-4.91,1.82,0.9281,0.0719
upper_back_still,8282,4134,0.4929,0.1462,0.7754,-2.86,-4.28,1.43,0.9304,0.0696
upper_back_still,8294,4146,0.5176,0.1436,0.7571,-4.27,-2.78,1.44,0.9283,0.0717
upper_back_still,8306,4158,0.5264,0.1506,0.7634,-5.76,0.60,1.04,0.9395,0.0605
upper_back_still,8318,4170,0.5342,0.1470,0.7747,-6.98,3.61,1.34,0.9524,0.0476
upper_back_still,8330,4182,0.5164,0.1433,0.7883,-7.75,7.43,1.76,0.9532,0.0468
upper_back_still,8342,4194,0.5056,0.1404,0.8567,-8.66,8.12,2.91,1.0046,0.0046
upper_back_still,8397,4249,0.4814,0.1577,0.8479,-12.59,-10.27,4.29,0.9877,0.0123
upper_back_still,8409,4261,0.4827,0.1560,0.8298,-13.31,-10.06,3.31,0.9726,0.0274
upper_back_still,8421,4273,0.4766,0.1479,0.7773,-13.34,-8.35,1.31,0.9237,0.0763
upper_back_still,8433,4285,0.4617,0.1731,0.7644,-12.08,-5.42,-1.34,0.9096,0.0904
upper_back_still,8445,4297,0.4697,0.1736,0.7622,-10.65,-2.07,-3.95,0.9120,0.0880
upper_back_still,8457,4309,0.4763,0.1736,0.7693,-9.36,-0.56,-5.81,0.9213,0.0787
upper_back_still,8469,4321,0.4829,0.1616,0.7676,-7.26,-1.09,-6.98,0.9211,0.0789
upper_back_still,8481,4333,0.4924,0.1453,0.7683,-5.90,-1.95,-7.24,0.9241,0.0759
upper_back_still,8493,4345,0.5032,0.1282,0.7690,-5.63,-1.08,-6.76,0.9279,0.0721
upper_back_still,8505,4357,0.5115,0.1211,0.7808,-6.00,1.63,-6.26,0.9412,0.0588
upper_back_still,8570,4422,0.5061,0.1333,0.7947,-7.91,-1.79,-1.82,0.9515,0.0485
upper_back_still,8582,4434,0.5090,0.1482,0.7891,-6.76,-1.14,-1.69,0.9506,0.0494
upper_back_still,8594,4446,0.5186,0.1592,0.7798,-5.05,-0.05,-1.02,0.9499,0.0501
upper_back_still,8606,4458,0.5090,0.1580,0.7791,-3.34,-0.25,-0.99,0.9439,0.0561
upper_back_still,8618,4470,0.4985,0.1604,0.7805,-2.56,-0.13,-1.09,0.9399,0.0601
upper_back_still,8630,4482,0.5161,0.1699,0.7947,-2.76,0.66,-1.30,0.9627,0.0373
upper_back_still,8642,4494,0.5149,0.1750,0.8098,-3.25,1.08,-1.07,0.9755,0.0245
upper_back_still,8654,4506,0.5090,0.1685,0.8115,-3.15,1.26,-1.21,0.9727,0.0273
upper_back_still,8666,4518,0.5022,0.1758,0.8186,-2.85,0.13,-1.66,0.9763,0.0237
upper_back_still,8678,4530,0.4963,0.1772,0.8340,-2.70,-0.12,-1.97,0.9866,0.0134
upper_back_still,8725,4577,0.4958,0.1729,0.8245,-5.21,-5.35,-3.04,0.9775,0.0225
upper_back_still,8737,4589,0.4934,0.1638,0.8127,-5.24,-5.62,-2.61,0.9648,0.0352
upper_back_still,8749,4601,0.4924,0.1597,0.8140,-4.66,-6.65,-2.15,0.9646,0.0354
upper_back_still,8761,4613,0.4980,0.1545,0.8010,-4.24,-6.55,-1.44,0.9558,0.0442
upper_back_still,8773,4625,0.4998,0.1440,0.7729,-2.55,-4.38,-0.90,0.9316,0.0684
upper_back_still,8785,4637,0.5024,0.1299,0.7725,-0.32,-2.64,-0.31,0.9306,0.0694
upper_back_still,8797,4649,0.4958,0.1235,0.7710,1.48,-2.84,0.50,0.9250,0.0750
upper_back_still,8809,4661,0.4956,0.1270,0.7703,2.82,-3.31,0.85,0.9247,0.0753
upper_back_still,8821,4673,0.4995,0.1321,0.7622,3.31,-2.67,0.79,0.9208,0.0792
upper_back_still,8833,4685,0.5032,0.1333,0.7637,2.20,0.61,0.37,0.9242,0.0758
upper_back_still,8867,4719,0.4802,0.1484,0.8076,-0.63,3.98,-1.80,0.9513,0.0487
upper_back_still,8879,4731,0.4792,0.1580,0.8081,-0.82,3.15,-2.79,0.9527,0.0473
upper_back_still,8891,4743,0.4861,0.1477,0.8254,-1.50,2.47,-3.54,0.9692,0.0308
upper_back_still,8903,4755,0.4951,0.1394,0.8186,-1.68,1.93,-3.79,0.9668,0.0332
upper_back_still,8915,4767,0.5085,0.1375,0.8127,-2.18,0.75,-3.90,0.9685,0.0315
upper_back_still,8927,4779,0.5093,0.1443,0.8005,-2.55,1.05,-4.08,0.9597,0.0403
upper_back_still,8939,4791,0.5081,0.1572,0.8057,-2.43,3.85,-4.27,0.9654,0.0346
upper_back_still,8951,4803,0.5051,0.1582,0.8174,-2.27,4.92,-4.09,0.9738,0.0262
upper_back_still,8963,4815,0.5129,0.1672,0.8342,-2.89,3.29,-4.18,0.9935,0.0065
upper_back_still,8975,4827,0.5149,0.1589,0.8210,-3.23,2.47,-4.00,0.9821,0.0179
upper_back_still,9016,4868,0.5159,0.1577,0.8184,-6.05,1.55,-3.02,0.9802,0.0198
upper_back_still,9028,4880,0.5300,0.1721,0.8193,-6.58,1.05,-2.82,0.9909,0.0091
upper_back_still,9040,4892,0.5139,0.1758,0.8071,-7.41,2.22,-2.57,0.9729,0.0271
upper_back_still,9052,4904,0.5083,0.1782,0.7998,-6.95,2.82,-2.76,0.9643,0.0357
upper_back_still,9064,4916,0.5051,0.1875,0.7932,-6.11,2.18,-2.98,0.9589,0.0411
upper_back_still,9076,4928,0.4995,0.1892,0.7959,-6.03,1.71,-3.67,0.9585,0.0415
upper_back_still,9088,4940,0.4934,0.1941,0.8079,-6.32,2.36,-4.69,0.9663,0.0337
upper_back_still,9100,4952,0.4932,0.1941,0.8081,-6.82,1.29,-5.37,0.9664,0.0336
upper_back_still,9112,4964,0.4890,0.1895,0.8081,-6.89,-0.15,-5.46,0.9634,0.0366
upper_back_still,9124,4976,0.4819,0.1831,0.8015,-6.40,-2.02,-5.58,0.9530,0.0470
upper_back_still,9159,5011,0.5015,0.1716,0.7861,-4.56,-4.22,-3.21,0.9481,0.0519
upper_back_still,9171,5023,0.4922,0.1687,0.7656,-3.39,-2.64,-1.59,0.9257,0.0743
upper_back_still,9183,5035,0.4917,0.1707,0.7612,-2.26,-1.23,-0.79,0.9222,0.0778
upper_back_still,9195,5047,0.4905,0.1926,0.7566,-2.04,-0.54,-0.40,0.9220,0.0780
upper_back_still,9207,5059,0.5005,0.1992,0.7761,-2.45,0.54,-0.41,0.9447,0.0553
upper_back_still,9219,5071,0.4871,0.2100,0.7759,-2.27,3.27,-0.37,0.9398,0.0602
upper_back_still,9231,5083,0.4751,0.2122,0.7812,-1.69,4.40,-0.76,0.9387,0.0613
upper_back_still,9243,5095,0.4785,0.2141,0.7930,-0.65,3.26,-0.85,0.9506,0.0494
upper_back_still,9255,5107,0.4778,0.2048,0.7896,0.70,2.63,-1.02,0.9453,0.0547
upper_back_still,9267,5119,0.4836,0.2107,0.8027,0.78,2.11,-1.66,0.9606,0.0394
upper_back_still,9308,5160,0.4790,0.2009,0.8389,-3.02,4.96,-2.89,0.9867,0.0133
upper_back_still,9320,5172,0.4763,0.1875,0.8333,-2.72,3.06,-3.15,0.9779,0.0221
upper_back_still,9332,5184,0.4861,0.1841,0.8140,-1.78,2.85,-3.45,0.9658,0.0342
upper_back_still,9344,5196,0.4778,0.1848,0.8191,-1.21,4.21,-3.09,0.9661,0.0339
upper_back_still,9356,5208,0.4824,0.1709,0.8342,-1.07,3.98,-3.08,0.9787,0.0213
upper_back_still,9368,5220,0.4812,0.1589,0.8394,-1.78,2.60,-2.56,0.9805,0.0195
upper_back_still,9380,5232,0.4863,0.1497,0.8337,-3.30,1.63,-1.69,0.9767,0.0233
upper_back_still,9392,5244,0.4812,0.1479,0.8157,-3.92,1.94,-1.04,0.9585,0.0415
upper_back_still,9404,5256,0.4817,0.1577,0.8167,-4.49,2.73,-0.49,0.9612,0.0388
upper_back_still,9416,5268,0.4822,0.1567,0.8142,-5.11,3.69,-0.02,0.9592,0.0408
upper_back_still,9457,5309,0.4829,0.1736,0.8000,-4.82,-0.38,2.82,0.9505,0.0495
upper_back_still,9469,5321,0.4778,0.1821,0.7827,-4.57,1.73,3.21,0.9349,0.0651
upper_back_still,9481,5333,0.4763,0.1836,0.7925,-4.37,2.89,2.73,0.9427,0.0573
upper_back_still,9493,5345,0.4783,0.1926,0.8079,-4.60,2.37,2.53,0.9584,0.0416
upper_back_still,9505,5357,0.4734,0.1931,0.7996,-4.66,2.08,1.88,0.9490,0.0510
upper_back_still,9517,5369,0.4756,0.1997,0.7988,-4.73,1.82,1.13,0.9509,0.0491
upper_back_still,9529,5381,0.4766,0.2109,0.8020,-4.82,1.82,0.69,0.9565,0.0435
upper_back_still,9541,5393,0.4854,0.2070,0.7988,-5.63,2.25,-0.30,0.9574,0.0426
upper_back_still,9553,5405,0.4805,0.2090,0.7998,-5.95,2.58,-0.89,0.9561,0.0439
upper_back_still,9565,5417,0.4775,0.1943,0.8008,-6.01,3.53,-0.96,0.9524,0.0476
upper_back_still,9600,5452,0.4790,0.1770,0.8247,-6.91,2.70,-1.49,0.9700,0.0300
upper_back_still,9612,5464,0.4644,0.1687,0.8342,-6.53,2.60,-1.25,0.9695,0.0305
upper_back_still,9624,5476,0.4641,0.1633,0.8188,-5.25,0.88,-1.31,0.9553,0.0447
upper_back_still,9636,5488,0.4731,0.1624,0.8267,-4.50,0.49,-1.43,0.9662,0.0338
upper_back_still,9648,5500,0.4744,0.1687,0.8164,-4.47,1.41,-1.84,0.9592,0.0408
upper_back_still,9660,5512,0.4729,0.1677,0.8269,-5.05,2.41,-2.54,0.9672,0.0328
upper_back_still,9672,5524,0.4736,0.1621,0.8091,-5.13,3.44,-3.13,0.9514,0.0486
upper_back_still,9684,5536,0.4648,0.1624,0.8162,-5.27,3.15,-3.55,0.9532,0.0468
upper_back_still,9696,5548,0.4600,0.1731,0.8318,-5.96,3.18,-3.97,0.9661,0.0339
upper_back_still,9708,5560,0.4702,0.1650,0.8394,-6.92,3.34,-4.12,0.9761,0.0239
upper_back_still,9749,5601,0.4744,0.1726,0.8218,-6.45,1.96,-2.82,0.9644,0.0356
upper_back_still,9761,5613,0.4719,0.1775,0.8276,-6.20,1.23,-1.78,0.9691,0.0309
upper_back_still,9773,5625,0.4717,0.1782,0.8245,-6.34,0.91,-1.11,0.9664,0.0336
upper_back_still,9785,5637,0.4746,0.1790,0.8186,-6.15,1.51,-0.73,0.9630,0.0370
upper_back_still,9797,5649,0.4741,0.1836,0.8152,-6.05,1.39,-0.44,0.9607,0.0393
upper_back_still,9809,5661,0.4656,0.1831,0.8315,-6.74,0.80,-0.17,0.9704,0.0296
upper_back_still,9821,5673,0.4705,0.1909,0.8276,-7.41,0.85,0.40,0.9710,0.0290
upper_back_still,9833,5685,0.4604,0.1926,0.8213,-7.27,0.66,0.66,0.9611,0.0389
upper_back_still,9845,5697,0.4551,0.2014,0.8203,-7.14,-0.47,0.68,0.9595,0.0405
upper_back_still,9857,5709,0.4629,0.2029,0.8140,-6.27,-0.30,0.54,0.9581,0.0419
upper_back_still,9891,5743,0.4731,0.2048,0.7908,-3.83,-2.00,-0.15,0.9440,0.0560
upper_back_still,9903,5755,0.4722,0.2043,0.7827,-2.05,-1.11,-0.19,0.9367,0.0633
upper_back_still,9915,5767,0.4812,0.1992,0.7959,-0.23,0.97,0.09,0.9512,0.0488
upper_back_still,9927,5779,0.4868,0.2061,0.7976,1.27,2.40,1.15,0.9569,0.0431
upper_back_still,9939,5791,0.4802,0.2234,0.8171,3.11,1.94,2.19,0.9738,0.0262
upper_back_still,9951,5803,0.4751,0.2219,0.8289,4.27,1.10,3.11,0.9808,0.0192
upper_back_still,9963,5815,0.4675,0.2192,0.8250,5.86,-0.47,3.85,0.9732,0.0268
upper_back_still,9975,5827,0.4700,0.2261,0.8264,6.69,-2.64,4.32,0.9772,0.0228
upper_back_still,9987,5839,0.4761,0.2144,0.8291,6.31,-3.65,4.66,0.9798,0.0202
upper_back_still,9999,5851,0.4580,0.2070,0.8147,5.30,-4.13,4.55,0.9573,0.0427
upper_back_still,10070,5922,0.4402,0.1648,0.8147,1.92,-0.05,-4.09,0.9406,0.0594
upper_back_still,10082,5934,0.4385,0.1689,0.8208,1.48,1.71,-5.73,0.9458,0.0542
upper_back_still,10094,5946,0.4426,0.1655,0.8257,0.63,4.07,-7.48,0.9514,0.0486
upper_back_still,10106,5958,0.4417,0.1694,0.8357,-0.16,4.81,-8.76,0.9603,0.0397
upper_back_still,10118,5970,0.4548,0.1619,0.8381,-1.54,4.10,-9.37,0.9672,0.0328
upper_back_still,10130,5982,0.4631,0.1482,0.8496,-3.15,3.21,-8.96,0.9789,0.0211
upper_back_still,10142,5994,0.4717,0.1519,0.8506,-4.84,2.82,-7.43,0.9844,0.0156
upper_back_still,10154,6006,0.4807,0.1431,0.8555,-7.43,2.49,-5.71,0.9917,0.0083
upper_back_still,10166,6018,0.4795,0.1489,0.8564,-9.06,0.56,-3.51,0.9928,0.0072
upper_back_still,10178,6030,0.4897,0.1504,0.8596,-10.73,-1.53,-0.60,1.0007,0.0007
upper_back_still,10217,6069,0.4836,0.1733,0.8347,-11.32,-4.85,7.39,0.9802,0.0198
upper_back_still,10229,6081,0.4773,0.1890,0.8359,-12.54,-5.40,8.51,0.9810,0.0190
upper_back_still,10241,6093,0.4800,0.1934,0.8203,-13.60,-6.51,8.71,0.9699,0.0301
upper_back_still,10253,6105,0.4766,0.1936,0.8105,-14.60,-6.22,8.31,0.9600,0.0400
upper_back_still,10265,6117,0.4763,0.2078,0.8140,-14.94,-4.59,7.66,0.9657,0.0343
upper_back_still,10277,6129,0.4624,0.2083,0.8137,-13.79,-3.72,5.99,0.9588,0.0412
upper_back_still,10289,6141,0.4568,0.2141,0.8240,-11.02,-2.64,3.91,0.9661,0.0339
upper_back_still,10301,6153,0.4485,0.2136,0.8149,-7.69,-2.98,1.95,0.9544,0.0456
upper_back_still,10313,6165,0.4534,0.2092,0.8091,-3.84,-3.95,0.11,0.9508,0.0492
upper_back_still,10325,6177,0.4487,0.2261,0.8127,-0.53,-3.58,-1.60,0.9555,0.0445
upper_back_still,10366,6218,0.4595,0.2134,0.7998,0.38,-1.24,-7.17,0.9467,0.0533
upper_back_still,10378,6230,0.4666,0.2141,0.8228,-2.29,-2.26,-8.53,0.9698,0.0302
upper_back_still,10390,6242,0.4727,0.2126,0.8179,-4.37,-1.47,-9.25,0.9683,0.0317
upper_back_still,10402,6254,0.4614,0.2009,0.8108,-5.51,-1.85,-9.46,0.9543,0.0457
upper_back_still,10414,6266,0.4695,0.1841,0.8059,-5.89,-3.41,-8.56,0.9507,0.0493
upper_back_still,10426,6278,0.4775,0.1755,0.7932,-6.07,-3.49,-7.17,0.9424,0.0576
upper_back_still,10438,6290,0.4829,0.1704,0.7944,-6.02,-2.64,-5.53,0.9452,0.0548
upper_back_still,10450,6302,0.4883,0.1709,0.7898,-6.08,-2.14,-3.83,0.9441,0.0559
upper_back_still,10462,6314,0.4836,0.1794,0.7891,-6.30,-2.35,-1.95,0.9427,0.0573
upper_back_still,10474,6326,0.4946,0.1904,0.7983,-6.85,-2.11,-0.69,0.9583,0.0417
upper_back_still,10515,6367,0.4810,0.2256,0.7905,-8.99,-1.78,1.63,0.9524,0.0476
upper_back_still,10527,6379,0.4849,0.2209,0.7791,-8.93,-2.62,2.09,0.9438,0.0562
upper_back_still,10539,6391,0.4890,0.2156,0.7947,-9.09,-0.82,2.06,0.9577,0.0423
upper_back_still,10551,6403,0.4854,0.2200,0.7937,-9.34,0.73,2.27,0.9560,0.0440
upper_back_still,10563,6415,0.4792,0.2222,0.7964,-9.45,1.47,1.98,0.9557,0.0443
upper_back_still,10575,6427,0.4746,0.2273,0.8030,-9.08,1.68,1.72,0.9600,0.0400
upper_back_still,10587,6439,0.4724,0.2241,0.8047,-8.15,0.65,1.27,0.9596,0.0404
upper_back_still,10599,6451,0.4873,0.2134,0.8022,-7.09,-0.31,0.91,0.9626,0.0374
upper_back_still,10611,6463,0.4778,0.2065,0.7979,-6.12,0.69,0.79,0.9526,0.0474
upper_back_still,10623,6475,0.4878,0.2073,0.7976,-5.21,1.15,0.79,0.9576,0.0424
upper_back_still,10657,6509,0.4937,0.1807,0.8005,-4.03,-0.32,1.45,0.9577,0.0423
upper_back_still,10669,6521,0.4978,0.1819,0.8037,-4.47,-0.05,2.40,0.9627,0.0373
upper_back_still,10681,6533,0.4902,0.1882,0.8066,-5.28,-0.39,3.08,0.9625,0.0375
upper_back_still,10693,6545,0.4873,0.1831,0.8098,-5.72,-0.55,3.69,0.9627,0.0373
upper_back_still,10705,6557,0.4844,0.1975,0.8081,-6.05,-0.36,3.66,0.9626,0.0374
upper_back_still,10717,6569,0.4854,0.1931,0.8174,-5.99,-1.47,4.07,0.9700,0.0300
upper_back_still,10729,6581,0.4744,0.1904,0.8171,-5.52,-2.61,4.14,0.9638,0.0362
upper_back_still,10741,6593,0.4746,0.1978,0.8059,-4.80,-2.85,3.39,0.9560,0.0440
upper_back_still,10753,6605,0.4707,0.1948,0.8201,-4.60,-1.57,2.90,0.9654,0.0346
upper_back_still,10765,6617,0.4812,0.1904,0.8391,-5.31,-1.21,1.67,0.9859,0.0141
upper_back_still,10806,6658,0.4763,0.1541,0.8179,-7.30,-1.44,-0.75,0.9589,0.0411
upper_back_still,10818,6670,0.4717,0.1440,0.8005,-6.94,-1.04,-1.15,0.9403,0.0597
upper_back_still,10830,6682,0.4763,0.1426,0.7959,-6.05,0.50,-1.59,0.9384,0.0616
upper_back_still,10842,6694,0.4829,0.1394,0.8047,-5.22,2.56,-1.62,0.9488,0.0512
upper_back_still,10854,6706,0.4800,0.1504,0.8171,-4.11,4.66,-1.68,0.9595,0.0405
upper_back_still,10866,6718,0.4736,0.1545,0.8257,-3.10,4.24,-2.29,0.9643,0.0357
upper_back_still,10878,6730,0.4712,0.1624,0.8352,-2.47,2.98,-2.83,0.9726,0.0274
upper_back_still,10890,6742,0.4753,0.1660,0.8457,-2.99,1.47,-2.92,0.9842,0.0158
upper_back_still,10902,6754,0.4771,0.1682,0.8491,-4.07,0.77,-3.63,0.9884,0.0116
upper_back_still,10914,6766,0.4885,0.1711,0.8357,-5.02,-0.07,-3.23,0.9830,0.0170
upper_back_still,10948,6800,0.4917,0.1599,0.7961,-7.72,-3.84,-0.27,0.9493,0.0507
upper_back_still,10960,6812,0.5000,0.1628,0.7959,-8.00,-2.68,0.73,0.9539,0.0461
upper_back_still,10972,6824,0.4927,0.1699,0.8044,-8.39,-2.49,1.79,0.9585,0.0415
upper_back_still,10984,6836,0.4856,0.1741,0.7881,-8.68,-1.88,2.36,0.9419,0.0581
upper_back_still,10996,6848,0.4834,0.1919,0.8118,-8.58,-2.07,2.95,0.9641,0.0359
upper_back_still,11008,6860,0.4788,0.1970,0.8159,-8.57,-2.85,3.03,0.9663,0.0337
upper_back_still,11020,6872,0.4758,0.1958,0.8069,-8.51,-3.27,2.65,0.9570,0.0430
upper_back_still,11032,6884,0.4746,0.1926,0.7920,-7.79,-4.51,1.98,0.9432,0.0568
upper_back_still,11044,6896,0.4807,0.1917,0.7908,-7.18,-4.29,1.53,0.9451,0.0549
upper_back_still,11056,6908,0.4868,0.1807,0.7949,-7.67,-2.84,1.27,0.9495,0.0505
upper_back_still,11097,6949,0.4883,0.1973,0.8340,-9.66,0.70,-2.43,0.9863,0.0137
upper_back_still,11109,6961,0.4788,0.2117,0.8591,-11.65,-0.85,-4.05,1.0060,0.0060
upper_back_still,11121,6973,0.4824,0.1953,0.8569,-14.22,-2.52,-4.56,1.0026,0.0026
upper_back_still,11133,6985,0.4812,0.1523,0.8435,-16.13,-1.56,-3.72,0.9830,0.0170
upper_back_still,11145,6997,0.4924,0.1155,0.8513,-16.81,0.77,-1.39,0.9902,0.0098
upper_back_still,11157,7009,0.4858,0.0957,0.8474,-15.82,-2.38,1.79,0.9815,0.0185
upper_back_still,11169,7021,0.4807,0.0981,0.8337,-13.31,-8.07,4.78,0.9674,0.0326
upper_back_still,11181,7033,0.4941,0.0974,0.8040,-10.85,-11.01,7.06,0.9487,0.0513
upper_back_still,11193,7045,0.5098,0.1040,0.7705,-9.27,-7.07,8.53,0.9297,0.0703
upper_back_still,11205,7057,0.5049,0.1116,0.7678,-7.85,-0.50,9.71,0.9257,0.0743
upper_back_still,11246,7098,0.4800,0.1802,0.7920,1.48,-2.05,9.00,0.9434,0.0566
upper_back_still,11258,7110,0.4836,0.1960,0.7856,3.05,-2.78,7.21,0.9432,0.0568
upper_back_still,11270,7122,0.4917,0.2070,0.7842,4.08,-1.18,4.41,0.9485,0.0515
upper_back_still,11282,7134,0.4875,0.2158,0.7688,4.09,-0.41,1.43,0.9356,0.0644
upper_back_still,11294,7146,0.4905,0.2119,0.7773,4.12,0.37,-1.48,0.9433,0.0567
upper_back_still,11306,7158,0.4951,0.2021,0.8018,2.64,1.02,-4.04,0.9638,0.0362
upper_back_still,11318,7170,0.4932,0.2002,0.7961,1.12,0.50,-5.89,0.9577,0.0423
upper_back_still,11330,7182,0.4863,0.1870,0.8123,-0.28,0.24,-7.31,0.9650,0.0350
upper_back_still,11342,7194,0.4998,0.1724,0.8169,-2.08,-0.09,-8.05,0.9730,0.0270
upper_back_still,11354,7206,0.4866,0.1614,0.8247,-3.34,0.25,-8.14,0.9710,0.0290
upper_back_still,11388,7240,0.4829,0.1262,0.8396,-5.26,-2.49,-6.70,0.9768,0.0232
upper_back_still,11400,7252,0.4844,0.1206,0.8306,-5.09,-3.08,-5.57,0.9690,0.0310
upper_back_still,11412,7264,0.4897,0.1123,0.8115,-4.27,-2.11,-3.88,0.9545,0.0455
upper_back_still,11424,7276,0.4941,0.1187,0.8203,-4.25,-1.89,-2.80,0.9650,0.0350
upper_back_still,11436,7288,0.4966,0.1218,0.8147,-3.92,-0.96,-1.88,0.9619,0.0381
upper_back_still,11448,7300,0.4897,0.1196,0.8064,-4.02,-1.50,-0.89,0.9510,0.0490
upper_back_still,11460,7312,0.4993,0.1145,0.8040,-4.80,-0.82,-0.19,0.9533,0.0467
upper_back_still,11472,7324,0.4951,0.1201,0.8010,-5.37,0.04,0.72,0.9493,0.0507
upper_back_still,11484,7336,0.4880,0.1252,0.7849,-5.85,0.10,1.51,0.9327,0.0673
upper_back_still,11496,7348,0.4929,0.1433,0.7771,-5.99,0.05,1.07,0.9313,0.0687
upper_back_still,11567,7419,0.4863,0.1897,0.7942,-5.67,1.79,-3.44,0.9504,0.0496
upper_back_still,11579,7431,0.4880,0.1899,0.7839,-5.69,1.97,-4.34,0.9428,0.0572
upper_back_still,11591,7443,0.4827,0.1819,0.7976,-5.55,1.94,-5.24,0.9499,0.0501
upper_back_still,11603,7455,0.4883,0.1787,0.8008,-5.46,2.40,-5.85,0.9548,0.0452
upper_back_still,11615,7467,0.4939,0.1794,0.8110,-5.46,3.34,-6.28,0.9664,0.0336
upper_back_still,11627,7479,0.4961,0.1765,0.8325,-5.28,3.83,-6.45,0.9851,0.0149
upper_back_still,11639,7491,0.4888,0.1760,0.8328,-4.62,3.39,-6.41,0.9815,0.0185
upper_back_still,11651,7503,0.4905,0.1780,0.8442,-4.64,1.85,-6.20,0.9925,0.0075
upper_back_still,11663,7515,0.4954,0.1655,0.8403,-4.17,0.34,-5.73,0.9894,0.0106
upper_back_still,11675,7527,0.5000,0.1653,0.8357,-4.11,0.26,-5.12,0.9878,0.0122
upper_back_still,11716,7568,0.4944,0.1836,0.8206,-3.82,2.11,-3.28,0.9754,0.0246
upper_back_still,11728,7580,0.4919,0.1792,0.8232,-4.10,1.39,-2.79,0.9756,0.0244
upper_back_still,11740,7592,0.4880,0.1665,0.8145,-4.49,-0.45,-2.15,0.9640,0.0360
upper_back_still,11752,7604,0.4897,0.1758,0.8093,-5.14,-0.60,-1.56,0.9622,0.0378
upper_back_still,11764,7616,0.4924,0.1775,0.8203,-5.92,0.13,-1.69,0.9731,0.0269
upper_back_still,11776,7628,0.4810,0.1765,0.8132,-6.53,-0.79,-1.31,0.9612,0.0388
upper_back_still,11788,7640,0.4836,0.1750,0.8193,-6.64,-1.65,-0.67,0.9674,0.0326
upper_back_still,11800,7652,0.4695,0.1816,0.8242,-6.96,-2.50,-0.60,0.9658,0.0342
upper_back_still,11812,7664,0.4805,0.1587,0.7920,-6.24,-4.41,0.39,0.9398,0.0602
upper_back_still,11824,7676,0.4812,0.1621,0.7849,-6.21,-3.34,0.94,0.9348,0.0652
upper_back_still,11867,7719,0.4795,0.1729,0.7954,-6.91,-0.85,0.28,0.9447,0.0553
upper_back_still,11879,7731,0.4785,0.1785,0.7849,-5.96,0.08,-0.03,0.9364,0.0636
upper_back_still,11891,7743,0.4739,0.1829,0.7942,-5.97,1.41,0.29,0.9427,0.0573
upper_back_still,11903,7755,0.4714,0.1865,0.7979,-4.31,0.98,-0.37,0.9453,0.0547
upper_back_still,11915,7767,0.4797,0.1907,0.8057,-3.39,1.26,-0.52,0.9569,0.0431
upper_back_still,11927,7779,0.4812,0.1934,0.7910,-2.98,1.57,-0.54,0.9459,0.0541
upper_back_still,11939,7791,0.4717,0.1946,0.8047,-2.87,2.01,-1.56,0.9528,0.0472
upper_back_still,11951,7803,0.4819,0.2043,0.8140,-3.06,3.21,-2.20,0.9678,0.0322
upper_back_still,11963,7815,0.4834,0.2129,0.8220,-3.31,4.64,-3.15,0.9771,0.0229
upper_back_still,11975,7827,0.4863,0.2031,0.8372,-3.53,3.67,-4.20,0.9892,0.0108
upper_back_still,12009,7861,0.4868,0.1621,0.8479,-3.92,0.65,-4.13,0.9911,0.0089
upper_back_still,12021,7873,0.4839,0.1514,0.8386,-4.96,-0.18,-3.18,0.9800,0.0200
upper_back_still,12033,7885,0.4905,0.1428,0.8340,-5.56,-0.44,-2.56,0.9780,0.0220
upper_back_still,12045,7897,0.4824,0.1343,0.8303,-5.65,-0.79,-2.09,0.9696,0.0304
upper_back_still,12057,7909,0.4827,0.1433,0.8198,-5.41,-2.02,-1.31,0.9621,0.0379
upper_back_still,12069,7921,0.4878,0.1470,0.8130,-5.37,-1.69,-0.28,0.9594,0.0406
upper_back_still,12081,7933,0.4946,0.1479,0.8130,-5.18,-0.59,0.11,0.9631,0.0369
upper_back_still,12093,7945,0.4893,0.1616,0.8123,-5.33,0.03,1.12,0.9619,0.0381
upper_back_still,12105,7957,0.4878,0.1667,0.8276,-6.09,1.12,1.91,0.9751,0.0249
upper_back_still,12117,7969,0.4888,0.1758,0.8474,-7.45,1.08,2.34,0.9939,0.0061
upper_back_still,12158,8010,0.4810,0.1875,0.8374,-13.72,-7.04,2.95,0.9837,0.0163
upper_back_still,12170,8022,0.4861,0.1765,0.8105,-14.08,-10.24,2.89,0.9615,0.0385
upper_back_still,12182,8034,0.4954,0.1624,0.7703,-12.59,-9.63,3.11,0.9301,0.0699
upper_back_still,12194,8046,0.4976,0.1592,0.7690,-11.04,-6.64,3.32,0.9297,0.0703
upper_back_still,12206,8058,0.5012,0.1580,0.7668,-9.16,-4.28,2.91,0.9296,0.0704
upper_back_still,12218,8070,0.4863,0.1616,0.7825,-7.55,-2.48,3.11,0.9354,0.0646
upper_back_still,12230,8082,0.4871,0.1646,0.7756,-5.83,-1.69,2.45,0.9305,0.0695
upper_back_still,12242,8094,0.4856,0.1677,0.7905,-3.71,-0.78,1.96,0.9428,0.0572
upper_back_still,12254,8106,0.4854,0.1577,0.7910,-2.73,-0.29,1.37,0.9414,0.0586
upper_back_still,12266,8118,0.4919,0.1665,0.7942,-1.21,-0.29,1.04,0.9489,0.0511
upper_back_still,12307,8159,0.4856,0.1675,0.8005,1.44,0.11,-0.89,0.9512,0.0488
upper_back_still,12319,8171,0.4802,0.1655,0.8064,1.06,2.23,-1.41,0.9530,0.0470
upper_back_still,12331,8183,0.4807,0.1687,0.8308,0.08,1.40,-1.89,0.9746,0.0254
upper_back_still,12343,8195,0.4807,0.1506,0.8125,-0.86,0.69,-2.31,0.9560,0.0440
upper_back_still,12355,8207,0.4871,0.1404,0.8093,-1.20,-0.31,-2.52,0.9550,0.0450
upper_back_still,12367,8219,0.4849,0.1328,0.8022,-1.79,-0.75,-2.79,0.9467,0.0533
upper_back_still,12379,8231,0.4941,0.1357,0.8059,-2.95,0.26,-3.22,0.9550,0.0450
upper_back_still,12391,8243,0.4912,0.1375,0.8120,-4.79,1.89,-3.32,0.9589,0.0411
upper_back_still,12403,8255,0.4827,0.1462,0.8289,-6.30,3.35,-3.32,0.9702,0.0298
upper_back_still,12415,8267,0.4734,0.1392,0.8450,-7.29,3.04,-3.74,0.9785,0.0215
upper_back_still,12449,8301,0.4849,0.1289,0.8230,-6.69,-2.78,-3.15,0.9639,0.0361
upper_back_still,12461,8313,0.4910,0.1414,0.8110,-6.69,-3.11,-2.92,0.9585,0.0415
upper_back_still,12473,8325,0.4990,0.1562,0.8118,-6.25,-1.34,-2.41,0.9656,0.0344
upper_back_still,12485,8337,0.5073,0.1565,0.8096,-6.06,-0.37,-1.89,0.9681,0.0319
upper_back_still,12497,8349,0.5042,0.1611,0.8054,-5.66,0.32,-0.84,0.9638,0.0362
upper_back_still,12509,8361,0.5073,0.1741,0.8223,-5.82,0.25,0.80,0.9817,0.0183
upper_back_still,12521,8373,0.5154,0.1726,0.8337,-7.00,-0.21,1.85,0.9953,0.0047
upper_back_still,12533,8385,0.4983,0.1775,0.8357,-8.37,-0.88,2.51,0.9890,0.0110
upper_back_still,12545,8397,0.4924,0.1816,0.8369,-9.19,-1.69,3.12,0.9879,0.0121
upper_back_still,12557,8409,0.4961,0.1790,0.8210,-8.94,-2.43,3.14,0.9758,0.0242
upper_back_still,12598,8450,0.4858,0.1929,0.7974,-4.93,-4.55,1.56,0.9534,0.0466
upper_back_still,12610,8462,0.4841,0.1946,0.7844,-3.01,-3.37,0.78,0.9421,0.0579
upper_back_still,12622,8474,0.4812,0.1924,0.7900,-2.31,-2.68,-0.95,0.9448,0.0552
upper_back_still,12634,8486,0.4834,0.1819,0.7910,-1.57,-1.80,-2.08,0.9447,0.0553
upper_back_still,12646,8498,0.4861,0.1804,0.7852,-1.47,-0.56,-3.16,0.9409,0.0591
upper_back_still,12658,8510,0.4897,0.1729,0.8015,-1.14,0.66,-3.79,0.9551,0.0449
upper_back_still,12670,8522,0.4863,0.1582,0.8057,-0.83,0.14,-3.68,0.9543,0.0457
upper_back_still,12682,8534,0.4861,0.1536,0.7969,-0.95,-1.15,-3.73,0.9460,0.0540
upper_back_still,12694,8546,0.4937,0.1392,0.8054,-1.65,-2.03,-2.79,0.9549,0.0451
upper_back_still,12706,8558,0.5010,0.1387,0.8027,-2.71,-0.74,-2.23,0.9563,0.0437
upper_back_still,12740,8592,0.4941,0.1489,0.8125,-4.96,-1.21,0.39,0.9626,0.0374
upper_back_still,12752,8604,0.4983,0.1506,0.8225,-5.53,-3.12,0.98,0.9734,0.0266
upper_back_still,12764,8616,0.4968,0.1479,0.7996,-6.03,-3.56,1.53,0.9529,0.0471
upper_back_still,12776,8628,0.5024,0.1506,0.7952,-6.04,-2.70,1.76,0.9526,0.0474
upper_back_still,12788,8640,0.5085,0.1682,0.8018,-6.34,-1.34,1.87,0.9642,0.0358
upper_back_still,12800,8652,0.4995,0.1670,0.8079,-6.73,-1.06,1.60,0.9644,0.0356
upper_back_still,12812,8664,0.4944,0.1743,0.7979,-6.83,-2.58,1.34,0.9547,0.0453
upper_back_still,12824,8676,0.4993,0.1670,0.7964,-6.93,-2.85,0.71,0.9547,0.0453
upper_back_still,12836,8688,0.5046,0.1714,0.8074,-8.17,-1.99,0.12,0.9674,0.0326
upper_back_still,12848,8700,0.5012,0.1807,0.8113,-9.53,-0.05,-0.97,0.9706,0.0294
upper_back_still,12889,8741,0.4983,0.1638,0.8159,-6.35,-4.24,-2.42,0.9700,0.0300
upper_back_still,12901,8753,0.4976,0.1672,0.7944,-3.92,-4.62,-1.96,0.9522,0.0478
upper_back_still,12913,8765,0.5071,0.1750,0.7915,-2.31,-4.35,-1.88,0.9562,0.0438
upper_back_still,12925,8777,0.5134,0.1760,0.7812,-1.95,-2.53,-1.93,0.9513,0.0487
upper_back_still,12937,8789,0.5127,0.1646,0.7910,-1.88,0.98,-1.96,0.9569,0.0431
upper_back_still,12949,8801,0.4983,0.1548,0.8115,-2.17,1.29,-1.79,0.9648,0.0352
upper_back_still,12961,8813,0.4971,0.1521,0.8130,-2.88,-1.65,-1.36,0.9650,0.0350
upper_back_still,12973,8825,0.5076,0.1426,0.8108,-4.10,-3.83,-1.10,0.9671,0.0329
upper_back_still,12985,8837,0.5107,0.1428,0.8049,-5.47,-3.30,-0.53,0.9639,0.0361
upper_back_still,12997,8849,0.5049,0.1406,0.8025,-6.29,-2.37,-0.32,0.9585,0.0415
upper_back_still,13068,8920,0.5122,0.1631,0.8093,-3.71,2.21,-1.48,0.9716,0.0284
upper_back_still,13080,8932,0.5032,0.1631,0.8196,-4.15,-0.29,-1.61,0.9754,0.0246
upper_back_still,13092,8944,0.5015,0.1584,0.8086,-4.76,-1.91,-1.42,0.9646,0.0354
upper_back_still,13104,8956,0.5139,0.1580,0.8145,-5.05,-1.83,-1.71,0.9759,0.0241
upper_back_still,13116,8968,0.5098,0.1572,0.8110,-5.37,-1.67,-0.97,0.9708,0.0292
upper_back_still,13128,8980,0.5132,0.1575,0.7988,-5.44,-2.43,-0.74,0.9624,0.0376
upper_back_still,13140,8992,0.5195,0.1614,0.8022,-4.95,-3.21,-0.16,0.9693,0.0307
upper_back_still,13152,9004,0.5151,0.1748,0.7930,-4.50,-2.48,0.54,0.9616,0.0384
upper_back_still,13164,9016,0.5225,0.1648,0.7791,-4.14,-1.86,1.39,0.9524,0.0476
upper_back_still,13176,9028,0.5120,0.1709,0.7812,-3.47,-1.09,1.67,0.9496,0.0504
upper_back_still,13215,9067,0.4983,0.1831,0.8198,-4.28,-3.20,2.03,0.9767,0.0233
upper_back_still,13227,9079,0.4912,0.1746,0.8091,-4.47,-5.28,1.97,0.9625,0.0375
upper_back_still,13239,9091,0.5044,0.1680,0.7920,-5.15,-5.28,1.73,0.9539,0.0461
upper_back_still,13251,9103,0.5010,0.1741,0.7764,-5.35,-3.73,1.23,0.9402,0.0598
upper_back_still,13263,9115,0.4951,0.1548,0.7712,-5.31,-2.25,0.61,0.9295,0.0705
upper_back_still,13275,9127,0.4966,0.1516,0.7798,-5.31,-0.52,-0.24,0.9368,0.0632
upper_back_still,13287,9139,0.4927,0.1394,0.7742,-5.21,0.02,-0.77,0.9282,0.0718
upper_back_still,13299,9151,0.4932,0.1521,0.7871,-5.12,0.69,-1.46,0.9412,0.0588
upper_back_still,13311,9163,0.5071,0.1584,0.7937,-4.82,2.72,-2.51,0.9551,0.0449
upper_back_still,13323,9175,0.4910,0.1475,0.8167,-4.64,3.35,-3.15,0.9642,0.0358
upper_back_still,13364,9216,0.5059,0.1450,0.8115,-5.21,-1.67,-4.15,0.9672,0.0328
upper_back_still,13376,9228,0.5105,0.1316,0.8057,-5.67,-1.82,-3.19,0.9628,0.0372
upper_back_still,13388,9240,0.5203,0.1426,0.8010,-6.18,-1.07,-2.73,0.9657,0.0343
upper_back_still,13400,9252,0.5269,0.1523,0.8032,-6.80,-0.41,-1.82,0.9726,0.0274
upper_back_still,13412,9264,0.5144,0.1511,0.8108,-7.85,-0.64,-1.19,0.9720,0.0280
upper_back_still,13424,9276,0.5251,0.1658,0.7961,-8.06,-0.27,-0.73,0.9680,0.0320
upper_back_still,13436,9288,0.5193,0.1663,0.8142,-7.86,-0.27,0.18,0.9799,0.0201
upper_back_still,13448,9300,0.5129,0.1653,0.8015,-7.54,-1.40,0.89,0.9658,0.0342
upper_back_still,13460,9312,0.5120,0.1768,0.7888,-6.46,-2.27,1.82,0.9569,0.0431
upper_back_still,13472,9324,0.5183,0.1790,0.7937,-6.03,-2.42,2.13,0.9647,0.0353
upper_back_still,13506,9358,0.5039,0.1831,0.7754,-6.85,-3.16,0.96,0.9427,0.0573
upper_back_still,13518,9370,0.5168,0.1882,0.7588,-6.52,-1.79,0.34,0.9372,0.0628
upper_back_still,13530,9382,0.5173,0.1887,0.7544,-4.98,-0.20,-0.47,0.9340,0.0660
upper_back_still,13542,9394,0.5139,0.1902,0.7529,-3.25,2.49,-1.24,0.9312,0.0688
upper_back_still,13554,9406,0.5066,0.1982,0.7705,-2.18,4.19,-1.62,0.9432,0.0568
upper_back_still,13566,9418,0.5029,0.1938,0.8018,-1.30,5.56,-2.32,0.9661,0.0339
upper_back_still,13578,9430,0.4966,0.1787,0.8235,-1.11,5.23,-2.95,0.9781,0.0219
upper_back_still,13590,9442,0.5002,0.1797,0.8235,-1.64,2.88,-3.02,0.9801,0.0199
upper_back_still,13602,9454,0.5034,0.1677,0.8433,-2.41,1.12,-3.53,0.9963,0.0037
upper_back_still,13614,9466,0.5085,0.1633,0.8303,-3.58,0.44,-3.44,0.9873,0.0127
upper_back_still,13655,9507,0.5144,0.1448,0.7959,-3.40,0.57,-1.25,0.9587,0.0413
upper_back_still,13667,9519,0.5051,0.1411,0.7908,-3.11,1.11,-0.53,0.9489,0.0511
upper_back_still,13679,9531,0.5129,0.1387,0.7949,-3.09,1.36,0.31,0.9562,0.0438
upper_back_still,13691,9543,0.5059,0.1499,0.7998,-3.01,2.21,0.60,0.9582,0.0418
upper_back_still,13703,9555,0.5090,0.1497,0.8049,-3.58,2.19,1.27,0.9641,0.0359
upper_back_still,13715,9567,0.5034,0.1616,0.8062,-4.50,1.47,1.17,0.9641,0.0359
upper_back_still,13727,9579,0.5017,0.1587,0.7974,-5.21,0.46,1.35,0.9553,0.0447
upper_back_still,13739,9591,0.5020,0.1619,0.8042,-5.29,0.20,1.28,0.9617,0.0383
upper_back_still,13751,9603,0.5042,0.1558,0.8037,-5.14,0.40,1.18,0.9614,0.0386
upper_back_still,13763,9615,0.5010,0.1582,0.7959,-5.03,0.42,1.63,0.9537,0.0463
upper_back_still,13797,9649,0.4990,0.1604,0.8127,-5.69,1.04,2.02,0.9671,0.0329
upper_back_still,13809,9661,0.4976,0.1616,0.8101,-6.21,-0.47,1.83,0.9643,0.0357
upper_back_still,13821,9673,0.4968,0.1658,0.8040,-5.70,-1.53,1.50,0.9595,0.0405
upper_back_still,13833,9685,0.5005,0.1648,0.8032,-5.77,-0.44,0.66,0.9606,0.0394
upper_back_still,13845,9697,0.4988,0.1650,0.8062,-4.82,0.85,0.08,0.9622,0.0378
upper_back_still,13857,9709,0.4941,0.1716,0.7925,-4.30,0.60,-0.38,0.9496,0.0504
upper_back_still,13869,9721,0.4941,0.1648,0.7942,-3.26,0.02,-1.15,0.9498,0.0502
upper_back_still,13881,9733,0.5061,0.1660,0.7925,-3.38,0.09,-1.78,0.9548,0.0452
upper_back_still,13893,9745,0.5132,0.1707,0.7959,-4.09,1.95,-1.80,0.9623,0.0377
upper_back_still,13905,9757,0.5078,0.1721,0.8079,-4.73,2.70,-2.70,0.9696,0.0304
upper_back_still,13946,9798,0.5017,0.1328,0.8225,-4.48,0.63,-3.24,0.9726,0.0274
upper_back_still,13958,9810,0.5073,0.1226,0.8357,-5.31,0.01,-3.13,0.9853,0.0147
upper_back_still,13970,9822,0.5085,0.1279,0.8328,-6.45,0.63,-2.95,0.9841,0.0159
upper_back_still,13982,9834,0.4922,0.1318,0.8276,-7.33,-0.29,-2.75,0.9719,0.0281
upper_back_still,13994,9846,0.4910,0.1245,0.8149,-7.90,-1.67,-2.86,0.9595,0.0405
upper_back_still,14006,9858,0.4951,0.1340,0.8096,-7.96,-1.56,-3.50,0.9584,0.0416
upper_back_still,14018,9870,0.5027,0.1423,0.8127,-7.76,0.05,-3.03,0.9662,0.0338
upper_back_still,14030,9882,0.4895,0.1455,0.7998,-7.29,0.71,-3.18,0.9489,0.0511
upper_back_still,14042,9894,0.4946,0.1589,0.8027,-6.47,1.11,-3.41,0.9562,0.0438
upper_back_still,14054,9906,0.5034,0.1606,0.8057,-5.95,1.73,-3.37,0.9635,0.0365
upper_back_still,14095,9947,0.5042,0.1826,0.8284,-7.49,-0.34,-1.35,0.9868,0.0132
upper_back_still,14107,9959,0.4985,0.1790,0.8096,-7.50,-1.89,-0.82,0.9675,0.0325
upper_back_still,14119,9971,0.5149,0.1753,0.8064,-7.63,-3.11,-0.03,0.9727,0.0273
upper_back_still,14131,9983,0.5125,0.1736,0.7910,-7.40,-2.23,0.89,0.9584,0.0416
upper_back_still,14143,9995,0.5046,0.1853,0.7847,-6.18,-1.30,1.45,0.9512,0.0488
upper_back_still,14155,10007,0.5051,0.1919,0.7815,-5.21,-2.27,2.09,0.9501,0.0499
upper_back_still,14167,10019,0.5056,0.1880,0.7737,-3.90,-1.87,1.94,0.9432,0.0568
upper_back_still,14179,10031,0.4988,0.1907,0.7766,-3.10,-0.95,1.66,0.9425,0.0575
upper_back_still,14191,10043,0.5024,0.1963,0.7815,-2.79,-0.27,1.18,0.9496,0.0504
upper_back_still,14203,10055,0.5049,0.1968,0.7974,-2.55,0.04,0.76,0.9641,0.0359
upper_back_still,14237,10089,0.4993,0.1846,0.8015,-2.08,1.39,-0.86,0.9622,0.0378
upper_back_still,14249,10101,0.4951,0.1699,0.8123,-2.08,1.81,-0.84,0.9663,0.0337
upper_back_still,14261,10113,0.4888,0.1599,0.8149,-1.95,0.86,-0.86,0.9636,0.0364
upper_back_still,14273,10125,0.4915,0.1550,0.8164,-1.99,-0.73,-0.38,0.9654,0.0346
upper_back_still,14285,10137,0.4951,0.1526,0.8127,-2.24,-0.40,-0.62,0.9638,0.0362
upper_back_still,14297,10149,0.4937,0.1475,0.8127,-2.42,0.37,-1.14,0.9623,0.0377
upper_back_still,14309,10161,0.4978,0.1387,0.8164,-2.89,0.18,-1.11,0.9662,0.0338
upper_back_still,14321,10173,0.5007,0.1460,0.8037,-3.30,0.30,-1.14,0.9581,0.0419
upper_back_still,14333,10185,0.5005,0.1375,0.8154,-3.86,0.15,-1.11,0.9666,0.0334
upper_back_still,14345,10197,0.5032,0.1389,0.8186,-4.08,-0.05,-1.39,0.9709,0.0291
upper_back_still,14386,10238,0.4924,0.1370,0.8196,-4.99,-0.08,-0.85,0.9659,0.0341
upper_back_still,14398,10250,0.4971,0.1353,0.8147,-4.95,-2.24,-0.82,0.9639,0.0361
upper_back_still,14410,10262,0.4998,0.1377,0.8108,-5.34,-3.47,-0.44,0.9623,0.0377
upper_back_still,14422,10274,0.5042,0.1406,0.7998,-5.95,-3.32,-0.85,0.9558,0.0442
upper_back_still,14434,10286,0.5054,0.1448,0.8044,-6.89,-1.81,-1.24,0.9610,0.0390
upper_back_still,14446,10298,0.4993,0.1553,0.8130,-8.13,-0.62,-1.02,0.9666,0.0334
upper_back_still,14458,10310,0.5029,0.1575,0.8096,-8.89,-0.47,-1.45,0.9660,0.0340
upper_back_still,14470,10322,0.5034,0.1660,0.8057,-9.30,-0.95,-1.56,0.9644,0.0356
upper_back_still,14482,10334,0.4946,0.1699,0.8086,-9.36,-1.58,-1.73,0.9630,0.0370
upper_back_still,14494,10346,0.4932,0.1682,0.8042,-9.09,-2.88,-1.66,0.9582,0.0418
upper_back_still,14528,10380,0.4963,0.1555,0.8000,-10.60,-0.85,-2.27,0.9543,0.0457
upper_back_still,14540,10392,0.4983,0.1626,0.8096,-10.50,-0.09,-2.53,0.9644,0.0356
upper_back_still,14552,10404,0.4998,0.1707,0.7930,-9.00,-0.82,-2.73,0.9527,0.0473
upper_back_still,14564,10416,0.5054,0.1616,0.8015,-7.47,-1.25,-2.21,0.9612,0.0388
upper_back_still,14576,10428,0.5107,0.1616,0.7832,-5.95,-0.71,-1.88,0.9489,0.0511
upper_back_still,14588,10440,0.5144,0.1580,0.7859,-4.70,0.38,-1.50,0.9525,0.0475
upper_back_still,14600,10452,0.5149,0.1665,0.8044,-4.05,1.50,-1.33,0.9695,0.0305
upper_back_still,14612,10464,0.5017,0.1677,0.8105,-3.18,1.21,-0.99,0.9679,0.0321
upper_back_still,14624,10476,0.4968,0.1646,0.8022,-2.99,-0.18,-0.88,0.9579,0.0421
upper_back_still,14636,10488,0.5034,0.1692,0.8054,-2.98,-1.50,-1.04,0.9648,0.0352
upper_back_still,14709,10561,0.5015,0.1689,0.7852,-3.87,0.52,-1.69,0.9468,0.0532
upper_back_still,14721,10573,0.5090,0.1660,0.8000,-3.07,1.24,-1.49,0.9627,0.0373
upper_back_still,14733,10585,0.5034,0.1692,0.8145,-2.92,0.60,-1.15,0.9723,0.0277
upper_back_still,14745,10597,0.4961,0.1733,0.8052,-3.07,-0.29,-1.01,0.9615,0.0385
upper_back_still,14757,10609,0.5093,0.1746,0.8188,-3.29,-0.08,-0.51,0.9800,0.0200
upper_back_still,14769,10621,0.5046,0.1753,0.8110,-3.44,-0.15,0.02,0.9712,0.0288
upper_back_still,14781,10633,0.5022,0.1709,0.8108,-3.47,0.03,0.14,0.9689,0.0311
upper_back_still,14793,10645,0.5068,0.1609,0.8193,-3.53,-0.85,0.31,0.9768,0.0232
upper_back_still,14805,10657,0.5059,0.1626,0.8203,-4.13,-1.24,0.34,0.9774,0.0226
upper_back_still,14817,10669,0.5010,0.1592,0.8162,-4.82,-0.94,-0.05,0.9708,0.0292
upper_back_still,14864,10716,0.4973,0.1504,0.8027,-6.05,-1.63,-2.67,0.9562,0.0438
upper_back_still,14876,10728,0.4956,0.1531,0.7976,-5.31,0.63,-3.21,0.9514,0.0486
upper_back_still,14888,10740,0.4998,0.1501,0.7996,-3.77,1.91,-3.31,0.9548,0.0452
upper_back_still,14900,10752,0.4963,0.1499,0.8025,-3.08,1.09,-3.68,0.9554,0.0446
upper_back_still,14912,10764,0.5000,0.1470,0.8054,-3.37,0.62,-3.01,0.9593,0.0407
upper_back_still,14924,10776,0.5056,0.1482,0.8081,-4.27,1.67,-2.96,0.9647,0.0353
upper_back_still,14936,10788,0.5024,0.1492,0.8115,-5.31,2.08,-2.23,0.9661,0.0339
upper_back_still,14948,10800,0.5061,0.1433,0.8125,-6.76,0.17,-1.37,0.9679,0.0321
upper_back_still,14960,10812,0.5100,0.1458,0.8018,-7.33,-1.31,-0.04,0.9613,0.0387
upper_back_still,14972,10824,0.5088,0.1519,0.7896,-7.65,-0.61,0.94,0.9515,0.0485
upper_back_still,15006,10858,0.4976,0.1746,0.7864,-5.71,0.42,3.36,0.9468,0.0532
upper_back_still,15018,10870,0.5046,0.1848,0.8066,-4.57,-0.70,3.78,0.9693,0.0307
upper_back_still,15030,10882,0.5090,0.1865,0.8032,-4.79,-0.71,3.82,0.9691,0.0309
upper_back_still,15042,10894,0.5098,0.1846,0.8071,-4.98,-0.46,3.63,0.9723,0.0277
upper_back_still,15054,10906,0.5020,0.1873,0.8076,-4.68,-0.10,3.45,0.9692,0.0308
upper_back_still,15066,10918,0.5017,0.1877,0.8064,-4.50,-0.85,3.15,0.9681,0.0319
upper_back_still,15078,10930,0.4980,0.1863,0.8057,-3.69,-2.27,2.40,0.9653,0.0347
upper_back_still,15090,10942,0.5029,0.1858,0.7859,-2.57,-2.50,1.87,0.9514,0.0486
upper_back_still,15102,10954,0.5056,0.1902,0.7891,-2.10,-1.89,0.76,0.9563,0.0437
upper_back_still,15114,10966,0.5134,0.1919,0.7937,-1.76,-0.08,0.08,0.9646,0.0354
upper_back_still,15155,11007,0.5078,0.1709,0.8137,-1.00,-1.44,-2.46,0.9743,0.0257
upper_back_still,15167,11019,0.5054,0.1504,0.8140,-2.09,-0.56,-2.61,0.9698,0.0302
upper_back_still,15179,11031,0.5071,0.1309,0.8198,-3.23,1.21,-3.24,0.9728,0.0272
upper_back_still,15191,11043,0.5056,0.1333,0.8386,-4.81,1.82,-2.81,0.9883,0.0117
upper_back_still,15203,11055,0.5042,0.1189,0.8589,-5.95,0.01,-2.57,1.0030,0.0030
upper_back_still,15215,11067,0.4949,0.1133,0.8398,-6.84,-3.21,-2.17,0.9814,0.0186
upper_back_still,15227,11079,0.4963,0.1042,0.8286,-7.18,-4.29,-1.60,0.9715,0.0285
upper_back_still,15239,11091,0.4993,0.1116,0.8142,-7.27,-3.69,-1.50,0.9616,0.0384
upper_back_still,15251,11103,0.4973,0.1172,0.8010,-7.22,-1.92,-1.30,0.9501,0.0499
upper_back_still,15263,11115,0.5081,0.1221,0.8206,-6.90,0.15,-1.68,0.9728,0.0272
upper_back_still,15304,11156,0.5063,0.1379,0.7852,-6.15,-3.19,-2.05,0.9444,0.0556
upper_back_still,15316,11168,0.5061,0.1487,0.7939,-6.49,-2.01,-1.37,0.9532,0.0468
upper_back_still,15328,11180,0.5120,0.1499,0.7976,-7.03,-1.47,-1.40,0.9596,0.0404
upper_back_still,15340,11192,0.5083,0.1626,0.7903,-7.59,-1.71,-0.63,0.9536,0.0464
upper_back_still,15352,11204,0.5107,0.1599,0.7920,-7.89,-1.85,0.28,0.9559,0.0441
upper_back_still,15364,11216,0.5200,0.1650,0.7800,-8.22,-2.34,1.18,0.9519,0.0481
upper_back_still,15376,11228,0.5164,0.1746,0.7832,-8.17,-1.48,1.95,0.9542,0.0458
upper_back_still,15388,11240,0.5068,0.1807,0.7864,-8.00,-0.93,2.29,0.9528,0.0472
upper_back_still,15400,11252,0.5127,0.1877,0.7998,-7.73,-1.92,2.66,0.9684,0.0316
upper_back_still,15412,11264,0.5056,0.1831,0.7949,-6.78,-2.80,2.72,0.9597,0.0403
upper_back_still,15446,11298,0.5110,0.1938,0.7839,-3.56,-3.91,1.10,0.9556,0.0444
upper_back_still,15458,11310,0.5076,0.1875,0.7800,-2.35,-1.88,-0.20,0.9493,0.0507
upper_back_still,15470,11322,0.5122,0.1824,0.7891,-1.21,-0.12,-0.95,0.9582,0.0418
upper_back_still,15482,11334,0.5107,0.1838,0.7937,-0.47,-0.14,-1.75,0.9616,0.0384
upper_back_still,15494,11346,0.5027,0.1763,0.8018,-0.55,0.01,-2.09,0.9626,0.0374
upper_back_still,15506,11358,0.5071,0.1741,0.8137,-1.22,-0.04,-2.44,0.9745,0.0255
upper_back_still,15518,11370,0.5105,0.1641,0.8083,-2.00,-0.27,-2.65,0.9700,0.0300
upper_back_still,15530,11382,0.5122,0.1477,0.8027,-3.38,0.31,-2.29,0.9636,0.0364
upper_back_still,15542,11394,0.5137,0.1355,0.8093,-4.53,1.13,-1.40,0.9681,0.0319
upper_back_still,15554,11406,0.5161,0.1453,0.8071,-4.84,0.79,-0.90,0.9690,0.0310
upper_back_still,15595,11447,0.5042,0.1230,0.8044,-0.92,-3.44,1.73,0.9573,0.0427
upper_back_still,15607,11459,0.5112,0.1282,0.7974,-0.68,-3.55,2.16,0.9558,0.0442
upper_back_still,15619,11471,0.5190,0.1384,0.7930,-1.50,-1.76,2.42,0.9578,0.0422
upper_back_still,15631,11483,0.5161,0.1465,0.7947,-2.76,-1.53,2.18,0.9588,0.0412
upper_back_still,15643,11495,0.5164,0.1357,0.7837,-3.76,-2.68,1.45,0.9483,0.0517
upper_back_still,15655,11507,0.5083,0.1531,0.7852,-5.07,-2.61,1.15,0.9478,0.0522
upper_back_still,15667,11519,0.5044,0.1541,0.7744,-5.24,-2.20,0.30,0.9369,0.0631
upper_back_still,15679,11531,0.5149,0.1543,0.7830,-5.88,-2.00,-0.41,0.9497,0.0503
upper_back_still,15691,11543,0.5212,0.1440,0.7820,-6.90,0.42,-0.31,0.9508,0.0492
upper_back_still,15703,11555,0.5127,0.1545,0.7852,-7.38,2.54,-0.60,0.9504,0.0496
upper_back_still,15737,11589,0.5076,0.1584,0.8320,-5.69,0.73,-1.26,0.9874,0.0126
upper_back_still,15749,11601,0.5107,0.1689,0.8159,-4.79,0.00,-1.40,0.9773,0.0227
upper_back_still,15761,11613,0.5244,0.1702,0.8125,-4.30,0.28,-1.95,0.9819,0.0181
upper_back_still,15773,11625,0.5244,0.1716,0.8223,-4.20,0.73,-1.85,0.9902,0.0098
upper_back_still,15785,11637,0.5251,0.1736,0.8179,-4.34,0.31,-1.58,0.9873,0.0127
upper_back_still,15797,11649,0.5105,0.1646,0.8066,-3.90,-1.63,-1.37,0.9687,0.0313
upper_back_still,15809,11661,0.5166,0.1553,0.7981,-3.57,-4.61,-1.07,0.9633,0.0367
upper_back_still,15821,11673,0.5244,0.1655,0.7825,-4.02,-4.03,-0.66,0.9564,0.0436
upper_back_still,15833,11685,0.5273,0.1653,0.7812,-5.32,-2.11,-0.31,0.9570,0.0430
upper_back_still,15845,11697,0.5186,0.1641,0.7693,-5.91,-1.85,-0.42,0.9421,0.0579
upper_back_still,15886,11738,0.5063,0.1499,0.8096,-6.11,-2.02,-0.91,0.9666,0.0334
upper_back_still,15898,11750,0.5071,0.1648,0.8105,-5.63,-3.47,-0.63,0.9702,0.0298
upper_back_still,15910,11762,0.5229,0.1699,0.8118,-4.89,-2.69,-0.60,0.9805,0.0195
upper_back_still,15922,11774,0.5081,0.1584,0.8071,-4.40,-2.86,-0.11,0.9668,0.0332
upper_back_still,15934,11786,0.5154,0.1499,0.7991,-2.99,-2.46,0.30,0.9626,0.0374
upper_back_still,15946,11798,0.5154,0.1526,0.7908,-2.05,-2.33,0.51,0.9561,0.0439
upper_back_still,15958,11810,0.5085,0.1528,0.7944,-2.17,-3.34,0.83,0.9556,0.0444
upper_back_still,15970,11822,0.5178,0.1685,0.7920,-2.82,-2.50,0.27,0.9611,0.0389
upper_back_still,15982,11834,0.5076,0.1685,0.7783,-3.18,-1.37,0.18,0.9443,0.0557
upper_back_still,15994,11846,0.5012,0.1794,0.8025,-2.23,0.08,0.38,0.9630,0.0370
upper_back_still,16065,11917,0.5151,0.1497,0.7915,-0.77,1.95,-2.49,0.9562,0.0438
upper_back_still,16077,11929,0.5151,0.1587,0.8037,-0.63,0.74,-2.50,0.9677,0.0323
upper_back_still,16089,11941,0.5173,0.1550,0.8064,-0.58,-0.33,-2.27,0.9705,0.0295
upper_back_still,16101,11953,0.5122,0.1494,0.7944,-0.85,-0.51,-1.98,0.9570,0.0430
upper_back_still,16113,11965,0.5168,0.1521,0.7925,-0.98,0.30,-1.57,0.9583,0.0417
upper_back_still,16125,11977,0.5195,0.1560,0.7910,-1.38,0.81,-1.36,0.9591,0.0409
upper_back_still,16137,11989,0.5183,0.1470,0.8015,-2.36,0.66,-1.10,0.9657,0.0343
upper_back_still,16149,12001,0.5215,0.1536,0.8125,-4.13,0.65,-0.53,0.9776,0.0224
upper_back_still,16161,12013,0.5178,0.1587,0.8115,-6.40,-0.15,-0.70,0.9757,0.0243
upper_back_still,16173,12025,0.5095,0.1658,0.8186,-7.79,-0.92,-0.62,0.9784,0.0216
upper_back_still,16212,12064,0.5210,0.1689,0.7847,-8.47,-1.87,-0.07,0.9569,0.0431
upper_back_still,16224,12076,0.5129,0.1667,0.7822,-7.27,-1.15,-0.21,0.9502,0.0498
upper_back_still,16236,12088,0.5186,0.1655,0.7798,-6.00,-0.88,-0.47,0.9510,0.0490
upper_back_still,16248,12100,0.5166,0.1628,0.7854,-4.88,-0.02,-0.63,0.9541,0.0459
upper_back_still,16260,12112,0.5208,0.1594,0.7769,-4.50,-0.08,-0.77,0.9487,0.0513
upper_back_still,16272,12124,0.5193,0.1653,0.7881,-4.53,1.27,-0.81,0.9582,0.0418
upper_back_still,16284,12136,0.5154,0.1665,0.7988,-5.02,2.39,-1.29,0.9651,0.0349
upper_back_still,16296,12148,0.5168,0.1675,0.8101,-5.82,2.42,-1.43,0.9754,0.0246
upper_back_still,16308,12160,0.5149,0.1707,0.8027,-6.34,1.78,-1.40,0.9688,0.0312
upper_back_still,16320,12172,0.5142,0.1770,0.8137,-6.42,0.69,-1.39,0.9787,0.0213
upper_back_still,16361,12213,0.5149,0.1768,0.7861,-4.28,-0.08,-1.98,0.9562,0.0438
upper_back_still,16373,12225,0.5078,0.1760,0.7954,-2.32,0.13,-2.05,0.9600,0.0400
upper_back_still,16385,12237,0.5278,0.1719,0.8123,-2.05,-1.05,-2.02,0.9838,0.0162
upper_back_still,16397,12249,0.5254,0.1938,0.8086,-2.27,-0.73,-1.23,0.9836,0.0164
upper_back_still,16409,12261,0.5227,0.1790,0.7979,-2.73,-2.72,-1.31,0.9705,0.0295
upper_back_still,16421,12273,0.5310,0.1694,0.7910,-3.23,-3.45,-0.72,0.9677,0.0323
upper_back_still,16433,12285,0.5261,0.1699,0.7888,-4.19,-3.47,-0.15,0.9633,0.0367
upper_back_still,16445,12297,0.5293,0.1753,0.7825,-5.08,-2.87,-0.27,0.9608,0.0392
upper_back_still,16457,12309,0.5212,0.1775,0.7808,-5.75,-1.24,-0.15,0.9554,0.0446
upper_back_still,16469,12321,0.5195,0.1780,0.7795,-5.72,-0.29,-0.05,0.9536,0.0464
upper_back_still,16503,12355,0.5046,0.1697,0.7864,-3.10,-0.47,-0.33,0.9497,0.0503
upper_back_still,16515,12367,0.5073,0.1602,0.7810,-2.72,0.20,-0.21,0.9450,0.0550
upper_back_still,16527,12379,0.5073,0.1648,0.7908,-3.15,0.98,-0.50,0.9539,0.0461
upper_back_still,16539,12391,0.5029,0.1560,0.7922,-3.53,1.39,-0.53,0.9513,0.0487
upper_back_still,16551,12403,0.5139,0.1521,0.8054,-4.02,1.60,-0.76,0.9674,0.0326
upper_back_still,16563,12415,0.5078,0.1565,0.8149,-4.37,1.10,-0.73,0.9729,0.0271
upper_back_still,16575,12427,0.5051,0.1609,0.8049,-4.67,0.42,-0.71,0.9638,0.0362
upper_back_still,16587,12439,0.5105,0.1602,0.8064,-4.68,-0.29,-0.82,0.9677,0.0323
upper_back_still,16599,12451,0.5100,0.1572,0.7959,-4.47,-1.05,-0.68,0.9583,0.0417
upper_back_still,16611,12463,0.5142,0.1519,0.7815,-4.37,-1.57,-0.74,0.9477,0.0523
upper_back_still,16652,12504,0.5200,0.1562,0.7974,-4.11,2.54,-1.24,0.9647,0.0353
upper_back_still,16664,12516,0.5151,0.1580,0.8064,-3.98,1.55,-0.84,0.9698,0.0302
upper_back_still,16676,12528,0.5178,0.1592,0.7996,-3.92,0.93,-0.85,0.9658,0.0342
upper_back_still,16688,12540,0.5210,0.1682,0.8074,-4.12,1.47,-0.67,0.9755,0.0245
upper_back_still,16700,12552,0.5193,0.1694,0.8152,-5.03,1.32,-0.60,0.9813,0.0187
upper_back_still,16712,12564,0.5166,0.1699,0.8179,-6.08,-0.13,-0.25,0.9822,0.0178
upper_back_still,16724,12576,0.5134,0.1694,0.8159,-6.60,-0.93,-0.44,0.9788,0.0212
upper_back_still,16736,12588,0.5178,0.1689,0.8108,-6.82,-1.52,-0.69,0.9768,0.0232
upper_back_still,16748,12600,0.5181,0.1626,0.7915,-7.13,-2.06,-0.44,0.9598,0.0402
upper_back_still,16760,12612,0.5129,0.1599,0.7830,-6.28,-1.66,-0.36,0.9496,0.0504
upper_back_still,16801,12653,0.5103,0.1716,0.8052,-5.08,0.68,-0.69,0.9686,0.0314
upper_back_still,16813,12665,0.5042,0.1724,0.8005,-5.23,-0.11,-1.09,0.9616,0.0384
upper_back_still,16825,12677,0.5017,0.1758,0.8049,-4.89,-0.42,-1.69,0.9646,0.0354
upper_back_still,16837,12689,0.5125,0.1824,0.8081,-5.11,-1.17,-1.87,0.9741,0.0259
upper_back_still,16849,12701,0.5176,0.1768,0.8057,-5.02,-1.19,-2.18,0.9738,0.0262
upper_back_still,16861,12713,0.5061,0.1707,0.7900,-4.63,-0.96,-2.14,0.9536,0.0464
upper_back_still,16873,12725,0.5122,0.1736,0.7756,-4.24,-1.78,-2.27,0.9456,0.0544
upper_back_still,16885,12737,0.5173,0.1729,0.7769,-4.26,-1.41,-2.15,0.9492,0.0508
upper_back_still,16897,12749,0.5247,0.1704,0.7827,-4.63,0.28,-1.92,0.9576,0.0424
upper_back_still,16909,12761,0.5234,0.1655,0.7937,-5.02,1.82,-1.56,0.9651,0.0349
upper_back_still,16943,12795,0.5142,0.1711,0.7820,-4.78,-2.27,-0.50,0.9514,0.0486
upper_back_still,16955,12807,0.5251,0.1792,0.7771,-4.24,-0.57,-0.27,0.9549,0.0451
upper_back_still,16967,12819,0.5198,0.1782,0.7842,-3.59,1.49,-0.66,0.9575,0.0425
upper_back_still,16979,12831,0.5066,0.1797,0.7886,-2.97,1.15,-0.71,0.9543,0.0457
upper_back_still,16991,12843,0.5132,0.1724,0.8115,-3.24,-0.99,-1.13,0.9755,0.0245
upper_back_still,17003,12855,0.5220,0.1770,0.7964,-4.07,-1.22,-1.18,0.9685,0.0315
upper_back_still,17015,12867,0.5269,0.1741,0.7947,-4.84,0.34,-1.31,0.9692,0.0308
upper_back_still,17027,12879,0.5173,0.1699,0.7917,-4.87,0.73,-1.42,0.9609,0.0391
upper_back_still,17039,12891,0.5144,0.1619,0.7991,-4.67,0.24,-1.77,0.9640,0.0360
upper_back_still,17051,12903,0.5200,0.1687,0.7949,-4.02,-0.31,-1.40,0.9648,0.0352
upper_back_still,17092,12944,0.5110,0.1655,0.7949,-2.90,-1.81,-0.79,0.9594,0.0406
upper_back_still,17104,12956,0.5173,0.1650,0.7827,-3.50,-1.56,-0.75,0.9526,0.0474
upper_back_still,17116,12968,0.5210,0.1643,0.7808,-4.04,-1.02,-0.63,0.9529,0.0471
upper_back_still,17128,12980,0.5215,0.1650,0.7869,-4.62,-0.73,-0.55,0.9583,0.0417
upper_back_still,17140,12992,0.5212,0.1726,0.7827,-5.36,-0.20,-0.51,0.9561,0.0439
upper_back_still,17152,13004,0.5200,0.1746,0.7847,-5.55,0.60,-0.44,0.9574,0.0426
upper_back_still,17164,13016,0.5159,0.1633,0.7791,-5.32,0.60,-0.58,0.9485,0.0515
upper_back_still,17176,13028,0.5168,0.1643,0.7969,-5.44,0.92,-0.50,0.9639,0.0361
upper_back_still,17188,13040,0.5161,0.1628,0.7998,-5.81,1.21,-0.32,0.9657,0.0343
upper_back_still,17200,13052,0.5063,0.1606,0.8025,-6.08,0.53,-0.24,0.9624,0.0376
upper_back_still,17234,13086,0.5227,0.1626,0.7937,-6.69,-0.38,-0.64,0.9642,0.0358
upper_back_still,17246,13098,0.5195,0.1724,0.7847,-7.09,1.14,-0.60,0.9567,0.0433
upper_back_still,17258,13110,0.5125,0.1675,0.7786,-6.74,0.98,-1.07,0.9470,0.0530
upper_back_still,17270,13122,0.5093,0.1726,0.7864,-6.36,0.73,-1.79,0.9527,0.0473
upper_back_still,17282,13134,0.5149,0.1643,0.7847,-6.44,0.79,-1.99,0.9528,0.0472
upper_back_still,17294,13146,0.5159,0.1553,0.7859,-6.60,1.75,-2.40,0.9528,0.0472
upper_back_still,17306,13158,0.5205,0.1570,0.7891,-7.16,2.11,-2.09,0.9582,0.0418
upper_back_still,17318,13170,0.5251,0.1543,0.7976,-7.40,2.77,-2.01,0.9673,0.0327
upper_back_still,17330,13182,0.5156,0.1624,0.8066,-7.10,2.00,-1.68,0.9710,0.0290
upper_back_still,17342,13194,0.5234,0.1711,0.8037,-6.71,1.36,-1.55,0.9743,0.0257
upper_back_still,17383,13235,0.5195,0.1858,0.7986,-5.37,-0.23,0.21,0.9707,0.0293
upper_back_still,17395,13247,0.5154,0.1831,0.7859,-4.93,-0.93,0.16,0.9575,0.0425
upper_back_still,17407,13259,0.5200,0.1841,0.7915,-5.09,-0.89,0.34,0.9648,0.0352
upper_back_still,17419,13271,0.5193,0.1841,0.7854,-5.53,-0.31,0.42,0.9594,0.0406
upper_back_still,17431,13283,0.5090,0.1816,0.7925,-5.91,-0.16,0.27,0.9592,0.0408
upper_back_still,17443,13295,0.5110,0.1794,0.7922,-5.98,0.05,0.37,0.9597,0.0403
upper_back_still,17455,13307,0.5076,0.1831,0.7822,-5.52,-0.02,0.26,0.9503,0.0497
upper_back_still,17467,13319,0.5012,0.1821,0.7920,-4.85,0.38,0.15,0.9548,0.0452
upper_back_still,17479,13331,0.5076,0.1760,0.7856,-4.37,0.39,-0.42,0.9518,0.0482
upper_back_still,17491,13343,0.5115,0.1626,0.7942,-4.06,0.66,-0.63,0.9585,0.0415
upper_back_still,17562,13414,0.5095,0.1523,0.8132,-6.07,0.97,-0.19,0.9717,0.0283
upper_back_still,17574,13426,0.4998,0.1458,0.8176,-5.95,0.70,-0.05,0.9693,0.0307
upper_back_still,17586,13438,0.5005,0.1433,0.8052,-5.71,-1.34,-0.15,0.9588,0.0412
upper_back_still,17598,13450,0.5103,0.1584,0.7893,-5.59,-1.04,-0.34,0.9531,0.0469
upper_back_still,17610,13462,0.5171,0.1484,0.7856,-5.45,0.21,-0.53,0.9522,0.0478
upper_back_still,17622,13474,0.5129,0.1479,0.7942,-5.18,1.05,-0.59,0.9569,0.0431
upper_back_still,17634,13486,0.5056,0.1587,0.8022,-4.92,0.80,-0.63,0.9615,0.0385
upper_back_still,17646,13498,0.5071,0.1523,0.7991,-4.86,1.34,-0.67,0.9586,0.0414
upper_back_still,17658,13510,0.5239,0.1558,0.8125,-4.90,2.08,-0.93,0.9792,0.0208
upper_back_still,17670,13522,0.5181,0.1558,0.8066,-5.70,1.65,-1.01,0.9712,0.0288
upper_back_still,17711,13563,0.5181,0.1650,0.8093,-5.76,-0.93,-0.64,0.9750,0.0250
upper_back_still,17723,13575,0.5081,0.1646,0.8069,-5.94,-0.76,-0.31,0.9676,0.0324
upper_back_still,17735,13587,0.5161,0.1536,0.8005,-5.65,-1.71,0.06,0.9648,0.0352
upper_back_still,17747,13599,0.5134,0.1641,0.7915,-5.30,-1.87,0.18,0.9576,0.0424
upper_back_still,17759,13611,0.5164,0.1692,0.7864,-4.83,-1.69,0.04,0.9558,0.0442
upper_back_still,17771,13623,0.5032,0.1621,0.7769,-4.49,-0.53,-0.28,0.9397,0.0603
upper_back_still,17783,13635,0.5066,0.1760,0.7825,-4.37,-0.27,-0.70,0.9486,0.0514
upper_back_still,17795,13647,0.5056,0.1794,0.7910,-4.51,-0.48,-1.42,0.9558,0.0442
upper_back_still,17807,13659,0.5081,0.1702,0.7917,-4.68,1.00,-1.87,0.9560,0.0440
upper_back_still,17819,13671,0.4961,0.1650,0.8030,-4.49,0.69,-2.08,0.9582,0.0418
upper_back_still,17862,13714,0.5132,0.1570,0.7883,-3.18,-1.07,-1.40,0.9537,0.0463
upper_back_still,17874,13726,0.5215,0.1599,0.7991,-4.03,-0.96,-1.02,0.9675,0.0325
upper_back_still,17886,13738,0.5249,0.1538,0.7883,-4.85,-0.11,-1.01,0.9595,0.0405
upper_back_still,17898,13750,0.5205,0.1641,0.8069,-5.25,2.07,-0.99,0.9741,0.0259
upper_back_still,17910,13762,0.5125,0.1619,0.8174,-5.29,2.20,-1.29,0.9782,0.0218
upper_back_still,17922,13774,0.5149,0.1667,0.8267,-5.09,0.19,-0.64,0.9881,0.0119
upper_back_still,17934,13786,0.5068,0.1865,0.8213,-4.37,-1.73,-0.64,0.9829,0.0171
upper_back_still,17946,13798,0.5186,0.1650,0.7983,-3.40,-3.34,-0.50,0.9662,0.0338
upper_back_still,17958,13810,0.5317,0.1565,0.8013,-2.76,-2.71,-0.02,0.9743,0.0257
upper_back_still,17970,13822,0.5076,0.1709,0.7983,-3.31,-1.59,0.19,0.9613,0.0387
upper_back_still,18004,13856,0.5181,0.1648,0.7969,-5.36,-1.64,-0.23,0.9647,0.0353
upper_back_still,18016,13868,0.5061,0.1765,0.7954,-5.74,-0.97,-0.29,0.9592,0.0408
upper_back_still,18028,13880,0.5134,0.1729,0.8027,-5.40,-0.34,-0.47,0.9684,0.0316
upper_back_still,18040,13892,0.5066,0.1782,0.8042,-4.75,-1.50,-0.73,0.9670,0.0330
upper_back_still,18052,13904,0.5059,0.1650,0.7874,-3.32,-2.53,-1.02,0.9503,0.0497
upper_back_still,18064,13916,0.5093,0.1577,0.7886,-2.31,-3.59,-0.65,0.9519,0.0481
upper_back_still,18076,13928,0.5132,0.1592,0.7793,-2.13,-4.10,-0.53,0.9466,0.0534
upper_back_still,18088,13940,0.5098,0.1614,0.7732,-2.58,-3.76,-0.66,0.9401,0.0599
upper_back_still,18100,13952,0.5071,0.1646,0.7666,-3.02,-2.18,-1.14,0.9337,0.0663
upper_back_still,18112,13964,0.5100,0.1643,0.7676,-3.76,-0.82,-1.18,0.9361,0.0639
upper_back_still,18153,14005,0.5044,0.1582,0.7791,-3.81,-0.29,-0.93,0.9415,0.0585
upper_back_still,18165,14017,0.5142,0.1604,0.7805,-3.64,-0.87,-1.01,0.9483,0.0517
upper_back_still,18177,14029,0.5137,0.1587,0.7952,-4.40,0.17,-0.74,0.9599,0.0401
upper_back_still,18189,14041,0.5205,0.1553,0.8047,-5.10,1.63,-0.99,0.9709,0.0291
upper_back_still,18201,14053,0.5144,0.1497,0.8059,-6.13,1.16,-1.01,0.9677,0.0323
upper_back_still,18213,14065,0.5254,0.1475,0.8179,-7.09,0.48,-0.96,0.9832,0.0168
upper_back_still,18225,14077,0.5249,0.1516,0.8250,-8.10,0.69,-0.89,0.9895,0.0105
upper_back_still,18237,14089,0.5293,0.1555,0.8076,-8.75,0.50,-0.85,0.9781,0.0219
upper_back_still,18249,14101,0.5288,0.1565,0.8098,-8.88,0.79,-0.27,0.9798,0.0202
upper_back_still,18261,14113,0.5457,0.1565,0.8125,-8.53,1.24,0.76,0.9912,0.0088
upper_back_still,18302,14154,0.5415,0.1685,0.8301,-8.11,-1.24,1.98,1.0053,0.0053
upper_back_still,18314,14166,0.5386,0.1719,0.8301,-8.67,-0.71,1.68,1.0043,0.0043
upper_back_still,18326,14178,0.5212,0.1807,0.8315,-9.43,-2.21,1.27,0.9979,0.0021
upper_back_still,18338,14190,0.5188,0.1814,0.8171,-9.54,-5.69,0.92,0.9848,0.0152
upper_back_still,18350,14202,0.5186,0.1826,0.7974,-8.61,-7.23,0.33,0.9685,0.0315
upper_back_still,18362,14214,0.5222,0.1777,0.7710,-7.40,-6.48,-0.51,0.9480,0.0520
upper_back_still,18374,14226,0.5254,0.1638,0.7773,-6.45,-4.76,-1.32,0.9524,0.0476
upper_back_still,18386,14238,0.5247,0.1665,0.7717,-6.03,-2.47,-1.78,0.9479,0.0521
upper_back_still,18398,14250,0.5225,0.1597,0.7644,-5.64,-0.84,-2.17,0.9396,0.0604
upper_back_still,18410,14262,0.5168,0.1680,0.7734,-4.37,-0.56,-2.37,0.9453,0.0547
upper_back_still,18444,14296,0.5195,0.1606,0.7852,-1.48,-1.53,-2.15,0.9551,0.0449
upper_back_still,18456,14308,0.5190,0.1641,0.7866,-1.31,-0.83,-1.63,0.9566,0.0434
upper_back_still,18468,14320,0.5173,0.1665,0.8013,-1.44,-1.02,-1.00,0.9682,0.0318
upper_back_still,18480,14332,0.5051,0.1680,0.8069,-2.11,-1.82,-0.79,0.9667,0.0333
upper_back_still,18492,14344,0.4993,0.1631,0.7981,-2.41,-3.33,-0.27,0.9554,0.0446
upper_back_still,18504,14356,0.5110,0.1604,0.7913,-2.86,-4.27,0.26,0.9555,0.0445
upper_back_still,18516,14368,0.4985,0.1531,0.7729,-3.26,-4.47,1.03,0.9324,0.0676
upper_back_still,18528,14380,0.5083,0.1484,0.7600,-3.47,-3.81,1.50,0.9263,0.0737
upper_back_still,18540,14392,0.5037,0.1553,0.7476,-3.25,-2.15,1.71,0.9147,0.0853
upper_back_still,18552,14404,0.4958,0.1455,0.7546,-2.66,0.22,1.26,0.9146,0.0854
upper_back_still,18593,14445,0.5063,0.1624,0.7891,-0.73,1.28,0.43,0.9515,0.0485
upper_back_still,18605,14457,0.5100,0.1753,0.7864,-1.03,0.82,-0.10,0.9535,0.0465
upper_back_still,18617,14469,0.5259,0.1738,0.7888,-1.85,2.06,-0.66,0.9638,0.0362
upper_back_still,18629,14481,0.5315,0.1726,0.8037,-2.74,2.99,-1.34,0.9789,0.0211
upper_back_still,18641,14493,0.5261,0.1597,0.8035,-3.54,3.64,-1.74,0.9736,0.0264
upper_back_still,18653,14505,0.5344,0.1562,0.8064,-4.02,2.62,-1.82,0.9799,0.0201
upper_back_still,18665,14517,0.5518,0.1575,0.8057,-4.20,2.92,-2.05,0.9891,0.0109
upper_back_still,18677,14529,0.5605,0.1448,0.8079,-4.10,3.36,-1.86,0.9939,0.0061
upper_back_still,18689,14541,0.5593,0.1531,0.8218,-3.75,3.55,-1.70,1.0058,0.0058
upper_back_still,18701,14553,0.5571,0.1560,0.8420,-3.42,3.31,-1.24,1.0216,0.0216
upper_back_still,18742,14594,0.5520,0.1833,0.8499,-3.87,-3.37,-0.92,1.0298,0.0298
upper_back_still,18754,14606,0.5552,0.1787,0.8350,-4.03,-5.17,-0.49,1.0185,0.0185
upper_back_still,18766,14618,0.5461,0.1833,0.8130,-4.27,-5.61,-0.34,0.9964,0.0036
upper_back_still,18778,14630,0.5374,0.1897,0.8186,-3.47,-5.48,-0.32,0.9974,0.0026
upper_back_still,18790,14642,0.5298,0.1819,0.8113,-2.09,-5.34,0.07,0.9859,0.0141
upper_back_still,18802,14654,0.5139,0.1780,0.8030,-0.49,-6.08,0.02,0.9698,0.0302
upper_back_still,18814,14666,0.5183,0.1675,0.8010,0.22,-8.70,0.69,0.9687,0.0313
upper_back_still,18826,14678,0.5129,0.1619,0.7896,-0.52,-10.26,1.40,0.9554,0.0446
upper_back_still,18838,14690,0.5049,0.1724,0.7642,-2.37,-9.66,2.06,0.9320,0.0680
upper_back_still,18850,14702,0.5117,0.1687,0.7507,-4.52,-6.08,2.23,0.9241,0.0759
upper_back_still,18884,14736,0.4766,0.1650,0.7693,-7.47,-7.90,3.48,0.9199,0.0801
upper_back_still,18896,14748,0.4932,0.1558,0.7434,-9.29,-8.18,3.69,0.9056,0.0944
upper_back_still,18908,14760,0.4998,0.1423,0.7358,-10.98,-4.79,3.18,0.9008,0.0992
upper_back_still,18920,14772,0.4993,0.1348,0.7400,-12.37,-1.17,2.82,0.9028,0.0972
upper_back_still,18932,14784,0.4946,0.1255,0.7544,-12.34,-0.15,2.67,0.9108,0.0892
upper_back_still,18944,14796,0.5046,0.1392,0.7485,-11.02,0.11,2.24,0.9134,0.0866
upper_back_still,18956,14808,0.5049,0.1404,0.7485,-9.31,0.01,1.05,0.9137,0.0863
upper_back_still,18968,14820,0.5166,0.1440,0.7495,-7.37,1.28,0.05,0.9216,0.0784
upper_back_still,18980,14832,0.5347,0.1475,0.7598,-6.44,2.22,-1.00,0.9407,0.0593
upper_back_still,18992,14844,0.5334,0.1582,0.7625,-5.56,3.07,-2.00,0.9439,0.0561
upper_back_still,19063,14915,0.5659,0.1628,0.8062,-3.78,4.13,-4.19,0.9983,0.0017
upper_back_still,19075,14927,0.5627,0.1582,0.8201,-2.16,2.37,-4.06,1.0071,0.0071
upper_back_still,19087,14939,0.5725,0.1758,0.8140,-0.85,1.55,-4.14,1.0105,0.0105
upper_back_still,19099,14951,0.5747,0.1753,0.8264,-0.02,2.31,-3.89,1.0218,0.0218
upper_back_still,19111,14963,0.5693,0.1724,0.8311,0.03,2.52,-3.54,1.0220,0.0220
upper_back_still,19123,14975,0.5566,0.1890,0.8452,-0.47,1.12,-3.26,1.0295,0.0295
upper_back_still,19135,14987,0.5566,0.2031,0.8552,-1.50,-0.57,-3.50,1.0404,0.0404
upper_back_still,19147,14999,0.5608,0.2061,0.8552,-2.66,-1.46,-3.69,1.0432,0.0432
upper_back_still,19159,15011,0.5427,0.1934,0.8369,-3.25,-3.63,-3.57,1.0161,0.0161
upper_back_still,19171,15023,0.5486,0.1948,0.8091,-2.57,-5.96,-3.28,0.9968,0.0032
upper_back_still,19210,15062,0.5315,0.2075,0.7886,-3.40,-8.26,-1.14,0.9733,0.0267
upper_back_still,19222,15074,0.5276,0.2024,0.7891,-4.93,-10.47,-1.06,0.9705,0.0295
upper_back_still,19234,15086,0.5251,0.1899,0.8081,-7.31,-13.04,-0.79,0.9823,0.0177
upper_back_still,19246,15098,0.5239,0.1743,0.7563,-8.47,-13.68,-0.15,0.9365,0.0635
upper_back_still,19258,15110,0.5247,0.1643,0.7485,-9.11,-12.66,0.76,0.9287,0.0713
upper_back_still,19270,15122,0.5198,0.1597,0.7346,-9.71,-12.16,1.31,0.9140,0.0860
upper_back_still,19282,15134,0.5239,0.1487,0.7166,-9.73,-10.91,1.76,0.9000,0.1000
upper_back_still,19294,15146,0.5195,0.1543,0.7129,-9.54,-8.08,2.33,0.8955,0.1045
upper_back_still,19306,15158,0.5100,0.1389,0.7097,-8.59,-3.79,3.02,0.8849,0.1151
upper_back_still,19318,15170,0.5059,0.1250,0.7097,-7.50,-1.35,3.40,0.8805,0.1195
upper_back_still,19359,15211,0.5100,0.1477,0.7522,-7.70,1.18,2.55,0.9207,0.0793
upper_back_still,19371,15223,0.5190,0.1479,0.7581,-7.89,2.14,1.66,0.9306,0.0694
upper_back_still,19383,15235,0.5178,0.1553,0.7708,-8.75,2.85,0.75,0.9414,0.0586
upper_back_still,19395,15247,0.5332,0.1450,0.7725,-8.71,3.35,0.46,0.9498,0.0502
upper_back_still,19407,15259,0.5388,0.1538,0.7922,-8.50,4.67,-0.08,0.9704,0.0296
upper_back_still,19419,15271,0.5422,0.1531,0.8005,-8.32,4.81,0.05,0.9789,0.0211
upper_back_still,19431,15283,0.5398,0.1587,0.8030,-7.46,3.15,-0.12,0.9805,0.0195
upper_back_still,19443,15295,0.5457,0.1536,0.7969,-6.26,1.09,-0.91,0.9779,0.0221
upper_back_still,19455,15307,0.5645,0.1570,0.7981,-5.64,-0.71,-0.95,0.9901,0.0099
upper_back_still,19467,15319,0.5640,0.1465,0.7959,-5.24,-1.08,-1.10,0.9864,0.0136
upper_back_still,19508,15360,0.5696,0.1582,0.7798,-3.58,0.76,-2.73,0.9785,0.0215
upper_back_still,19520,15372,0.5618,0.1638,0.7852,-3.09,2.20,-2.90,0.9792,0.0208
upper_back_still,19532,15384,0.5562,0.1743,0.7837,-2.67,2.81,-3.03,0.9767,0.0233
upper_back_still,19544,15396,0.5457,0.1714,0.7969,-2.08,2.97,-3.11,0.9809,0.0191
upper_back_still,19556,15408,0.5471,0.1719,0.8044,-1.34,1.93,-2.47,0.9879,0.0121
upper_back_still,19568,15420,0.5437,0.1787,0.8127,-1.42,0.40,-2.36,0.9940,0.0060
upper_back_still,19580,15432,0.5405,0.1702,0.8044,-2.58,-2.26,-2.09,0.9840,0.0160
upper_back_still,19592,15444,0.5452,0.1616,0.7998,-3.89,-3.35,-1.51,0.9813,0.0187
upper_back_still,19604,15456,0.5510,0.1577,0.7859,-5.87,-3.95,-1.17,0.9727,0.0273
upper_back_still,19616,15468,0.5466,0.1404,0.7649,-7.33,-4.15,-0.79,0.9506,0.0494
upper_back_still,19650,15502,0.5430,0.1562,0.7539,-6.12,0.22,0.05,0.9421,0.0579
upper_back_still,19662,15514,0.5427,0.1594,0.7573,-4.92,1.05,0.11,0.9453,0.0547
upper_back_still,19674,15526,0.5303,0.1548,0.7605,-2.89,1.08,-0.28,0.9399,0.0601
upper_back_still,19686,15538,0.5356,0.1660,0.7773,-0.76,0.53,-0.34,0.9585,0.0415
upper_back_still,19698,15550,0.5322,0.1663,0.7605,0.92,-0.68,-0.79,0.9430,0.0570
upper_back_still,19710,15562,0.5391,0.1763,0.7625,1.07,-1.78,-1.55,0.9503,0.0497
upper_back_still,19722,15574,0.5500,0.1719,0.7632,0.34,-0.78,-2.07,0.9563,0.0437
upper_back_still,19734,15586,0.5588,0.1765,0.7625,-0.71,1.69,-2.71,0.9617,0.0383
upper_back_still,19746,15598,0.5461,0.1772,0.7571,-1.33,3.14,-2.82,0.9502,0.0498
upper_back_still,19758,15610,0.5420,0.1665,0.7554,-1.26,2.15,-3.16,0.9445,0.0555
upper_back_still,19800,15652,0.5542,0.1833,0.7690,0.82,5.89,-3.03,0.9655,0.0345
upper_back_still,19812,15664,0.5562,0.1770,0.8098,1.04,6.88,-2.92,0.9982,0.0018
upper_back_still,19824,15676,0.5454,0.1814,0.8201,0.27,5.38,-2.69,1.0014,0.0014
upper_back_still,19836,15688,0.5601,0.1797,0.8337,-1.44,2.60,-2.21,1.0203,0.0203
upper_back_still,19848,15700,0.5454,0.1721,0.8445,-3.57,0.37,-1.37,1.0199,0.0199
upper_back_still,19860,15712,0.5500,0.1660,0.8284,-5.92,-2.34,-0.88,1.0081,0.0081
upper_back_still,19872,15724,0.5508,0.1638,0.8223,-7.93,-3.05,0.02,1.0032,0.0032
upper_back_still,19884,15736,0.5481,0.1692,0.8076,-8.85,-3.03,0.55,0.9906,0.0094
upper_back_still,19896,15748,0.5444,0.1626,0.7783,-8.81,-3.26,1.11,0.9637,0.0363
upper_back_still,19908,15760,0.5298,0.1619,0.7781,-7.27,-3.06,1.53,0.9551,0.0449
upper_back_still,19942,15794,0.5303,0.1628,0.7502,-4.91,-2.55,1.37,0.9330,0.0670
upper_back_still,19954,15806,0.5396,0.1641,0.7698,-5.66,-0.80,1.16,0.9542,0.0458
upper_back_still,19966,15818,0.5300,0.1582,0.7749,-5.96,0.53,0.90,0.9521,0.0479
upper_back_still,19978,15830,0.5234,0.1653,0.7764,-6.58,-0.05,-0.16,0.9508,0.0492
upper_back_still,19990,15842,0.5205,0.1719,0.7693,-6.84,-1.79,-1.08,0.9446,0.0554
upper_back_still,20002,15854,0.5291,0.1719,0.7656,-7.08,-2.38,-1.76,0.9464,0.0536
upper_back_still,20014,15866,0.5337,0.1763,0.7463,-7.27,-0.80,-2.07,0.9343,0.0657
upper_back_still,20026,15878,0.5344,0.1724,0.7539,-6.58,1.44,-2.69,0.9400,0.0600
upper_back_still,20038,15890,0.5303,0.1667,0.7429,-5.31,3.02,-2.47,0.9279,0.0721
upper_back_still,20050,15902,0.5320,0.1558,0.7556,-4.24,2.38,-2.59,0.9371,0.0629
upper_back_still,20083,15935,0.5500,0.1602,0.7859,-4.21,3.73,-2.93,0.9725,0.0275
upper_back_still,20095,15947,0.5513,0.1743,0.7908,-4.47,4.97,-2.75,0.9796,0.0204
upper_back_still,20107,15959,0.5525,0.1716,0.8118,-4.82,4.98,-2.62,0.9968,0.0032
upper_back_still,20119,15971,0.5408,0.1746,0.8154,-4.36,3.36,-1.93,0.9939,0.0061
upper_back_still,20131,15983,0.5447,0.1792,0.8059,-3.92,0.64,-1.23,0.9891,0.0109
upper_back_still,20143,15995,0.5508,0.1792,0.7996,-3.65,-1.47,-0.49,0.9873,0.0127
upper_back_still,20155,16007,0.5571,0.1843,0.7966,-4.13,-0.65,-0.27,0.9894,0.0106
upper_back_still,20167,16019,0.5513,0.1912,0.8059,-4.71,1.62,-0.05,0.9950,0.0050
upper_back_still,20179,16031,0.5505,0.1912,0.8059,-5.62,0.81,-0.01,0.9945,0.0055
upper_back_still,20191,16043,0.5369,0.1841,0.7983,-6.05,-1.08,0.31,0.9795,0.0205
upper_back_still,20224,16076,0.5354,0.1765,0.7683,-7.51,-3.12,1.16,0.9529,0.0471
upper_back_still,20236,16088,0.5427,0.1702,0.7615,-7.47,-1.59,1.31,0.9504,0.0496
upper_back_still,20248,16100,0.5427,0.1724,0.7644,-7.40,-0.18,1.46,0.9532,0.0468
upper_back_still,20260,16112,0.5244,0.1619,0.7561,-6.71,-0.47,1.27,0.9343,0.0657
upper_back_still,20272,16124,0.5295,0.1582,0.7458,-5.79,-0.86,1.06,0.9283,0.0717
upper_back_still,20284,16136,0.5237,0.1584,0.7449,-4.52,0.69,0.69,0.9242,0.0758
upper_back_still,20296,16148,0.5320,0.1565,0.7461,-3.15,1.51,0.63,0.9296,0.0704
upper_back_still,20308,16160,0.5303,0.1692,0.7546,-3.01,2.99,0.15,0.9377,0.0623
upper_back_still,20320,16172,0.5342,0.1831,0.7747,-2.58,3.79,0.18,0.9586,0.0414
upper_back_still,20332,16184,0.5352,0.1802,0.7869,-3.78,3.35,-0.40,0.9685,0.0315
upper_back_still,20360,16212,0.5217,0.1750,0.8047,-4.71,1.15,-1.68,0.9749,0.0251
upper_back_still,20372,16224,0.5181,0.1694,0.8027,-4.66,-0.22,-1.82,0.9703,0.0297
upper_back_still,20384,16236,0.5137,0.1714,0.7874,-3.95,-0.61,-2.18,0.9556,0.0444
upper_back_still,20396,16248,0.5161,0.1648,0.7576,-1.50,0.71,-2.53,0.9314,0.0686
upper_back_still,20408,16260,0.5190,0.1636,0.7490,1.68,2.22,-3.10,0.9259,0.0741
upper_back_still,20420,16272,0.5254,0.1597,0.7676,4.00,3.43,-3.60,0.9438,0.0562
upper_back_still,20432,16284,0.5374,0.1487,0.7939,5.26,4.23,-4.05,0.9702,0.0298
upper_back_still,20444,16296,0.5352,0.1538,0.8062,5.03,4.97,-4.02,0.9798,0.0202
upper_back_still,20456,16308,0.5359,0.1514,0.8120,3.91,3.50,-4.22,0.9846,0.0154
upper_back_still,20468,16320,0.5366,0.1533,0.7959,2.94,2.23,-4.02,0.9721,0.0279
upper_back_still,20527,16379,0.5388,0.1694,0.7974,-4.80,-2.61,-1.54,0.9771,0.0229
upper_back_still,20539,16391,0.5488,0.1790,0.7717,-5.72,-0.92,-0.80,0.9637,0.0363
upper_back_still,20551,16403,0.5483,0.1907,0.7959,-7.92,2.29,-0.48,0.9851,0.0149
upper_back_still,20563,16415,0.5417,0.1951,0.8228,-9.73,1.92,-0.13,1.0042,0.0042
upper_back_still,20575,16427,0.5317,0.2041,0.8123,-11.09,-1.01,0.36,0.9920,0.0080
upper_back_still,20587,16439,0.5254,0.2048,0.7864,-10.48,-3.63,-0.02,0.9677,0.0323
upper_back_still,20599,16451,0.5254,0.2058,0.7883,-9.85,-3.34,-0.05,0.9695,0.0305
upper_back_still,20611,16463,0.5300,0.2080,0.7837,-9.48,-2.11,-0.60,0.9687,0.0313
upper_back_still,20623,16475,0.5203,0.1963,0.7793,-9.34,-2.75,-1.11,0.9573,0.0427
upper_back_still,20635,16487,0.5159,0.1931,0.7751,-8.75,-3.33,-1.08,0.9509,0.0491
upper_back_still,20667,16519,0.5193,0.1746,0.7444,-8.75,-3.42,-0.90,0.9243,0.0757
upper_back_still,20679,16531,0.5298,0.1785,0.7375,-8.60,-0.68,-1.45,0.9255,0.0745
upper_back_still,20691,16543,0.5391,0.1924,0.7517,-8.26,2.60,-1.86,0.9448,0.0552
upper_back_still,20703,16555,0.5315,0.1853,0.7568,-7.13,4.31,-2.53,0.9432,0.0568
upper_back_still,20715,16567,0.5144,0.1936,0.7683,-4.86,3.56,-3.08,0.9447,0.0553
upper_back_still,20727,16579,0.5200,0.1824,0.7725,-2.79,1.37,-3.53,0.9489,0.0511
upper_back_still,20739,16591,0.5234,0.1816,0.7695,-1.31,0.40,-3.09,0.9482,0.0518
upper_back_still,20751,16603,0.5308,0.1799,0.7827,-0.87,1.16,-3.04,0.9627,0.0373
upper_back_still,20763,16615,0.5264,0.1853,0.7803,-0.82,1.19,-2.71,0.9593,0.0407
upper_back_still,20775,16627,0.5288,0.1804,0.7764,-1.45,1.73,-2.01,0.9565,0.0435
upper_back_still,20808,16660,0.5408,0.1794,0.7910,-4.42,4.06,-0.68,0.9749,0.0251
upper_back_still,20820,16672,0.5371,0.1819,0.8022,-5.42,3.86,-0.27,0.9824,0.0176
upper_back_still,20832,16684,0.5315,0.1841,0.8081,-5.63,3.59,0.39,0.9846,0.0154
upper_back_still,20844,16696,0.5271,0.1870,0.8152,-6.08,1.95,0.76,0.9886,0.0114
upper_back_still,20856,16708,0.5278,0.1870,0.8083,-5.55,0.63,0.73,0.9834,0.0166
upper_back_still,20868,16720,0.5266,0.1716,0.8086,-5.07,-0.59,0.67,0.9801,0.0199
upper_back_still,20880,16732,0.5259,0.1646,0.8152,-5.16,-1.94,0.67,0.9839,0.0161
upper_back_still,20892,16744,0.5332,0.1606,0.8035,-5.39,-2.02,0.55,0.9776,0.0224
upper_back_still,20904,16756,0.5322,0.1646,0.7859,-5.23,-2.18,0.44,0.9633,0.0367
upper_back_still,20916,16768,0.5234,0.1541,0.7793,-4.98,-2.77,0.47,0.9513,0.0487
upper_back_still,20949,16801,0.5239,0.1565,0.7781,-3.79,1.11,0.18,0.9510,0.0490
upper_back_still,20961,16813,0.5166,0.1609,0.7888,-4.53,1.54,-0.64,0.9566,0.0434
upper_back_still,20973,16825,0.5208,0.1699,0.8115,-4.98,1.06,-0.83,0.9791,0.0209
upper_back_still,20985,16837,0.5178,0.1729,0.8120,-5.97,0.42,-1.32,0.9785,0.0215
upper_back_still,20997,16849,0.5137,0.1650,0.8044,-6.11,-0.60,-1.76,0.9686,0.0314
upper_back_still,21009,16861,0.5186,0.1594,0.8083,-5.98,-1.73,-1.81,0.9735,0.0265
upper_back_still,21021,16873,0.5208,0.1594,0.7935,-5.72,-3.22,-1.88,0.9624,0.0376
upper_back_still,21033,16885,0.5312,0.1592,0.7937,-5.55,-1.90,-1.87,0.9683,0.0317
upper_back_still,21045,16897,0.5325,0.1692,0.7939,-4.93,-0.40,-1.90,0.9708,0.0292
upper_back_still,21057,16909,0.5259,0.1599,0.7744,-4.94,-0.60,-1.37,0.9497,0.0503
upper_back_still,21085,16937,0.5232,0.1687,0.7871,-6.12,0.26,-1.17,0.9601,0.0399
upper_back_still,21097,16949,0.5322,0.1765,0.7930,-6.64,0.37,-1.49,0.9712,0.0288
upper_back_still,21109,16961,0.5291,0.1804,0.7954,-7.86,-0.99,-1.92,0.9722,0.0278
upper_back_still,21121,16973,0.5261,0.1851,0.7954,-7.97,-1.56,-1.98,0.9715,0.0285
upper_back_still,21133,16985,0.5229,0.1782,0.7874,-7.79,-3.30,-2.33,0.9619,0.0381
upper_back_still,21145,16997,0.5342,0.1711,0.7715,-7.24,-3.05,-2.63,0.9538,0.0462
upper_back_still,21157,17009,0.5295,0.1799,0.7725,-6.29,-0.26,-3.18,0.9537,0.0463
upper_back_still,21169,17021,0.5254,0.1760,0.7788,-5.71,0.90,-2.82,0.9558,0.0442
upper_back_still,21181,17033,0.5159,0.1858,0.7842,-5.14,0.08,-3.60,0.9569,0.0431
upper_back_still,21193,17045,0.5249,0.1792,0.7888,-5.08,-1.24,-3.50,0.9643,0.0357
upper_back_still,21226,17078,0.5378,0.1765,0.7773,-5.71,-0.99,-2.71,0.9616,0.0384
upper_back_still,21238,17090,0.5300,0.1750,0.7742,-5.72,0.32,-2.47,0.9544,0.0456
upper_back_still,21250,17102,0.5269,0.1772,0.7793,-5.23,1.38,-2.06,0.9572,0.0428
upper_back_still,21262,17114,0.5264,0.1858,0.7852,-4.83,0.80,-1.95,0.9634,0.0366
upper_back_still,21274,17126,0.5305,0.1948,0.7986,-4.55,-0.40,-2.04,0.9783,0.0217
upper_back_still,21286,17138,0.5393,0.1943,0.7913,-4.89,-0.55,-1.86,0.9771,0.0229
upper_back_still,21298,17150,0.5332,0.1956,0.7898,-4.93,0.27,-1.88,0.9728,0.0272
upper_back_still,21310,17162,0.5312,0.1895,0.7798,-4.78,0.25,-1.41,0.9624,0.0376
upper_back_still,21322,17174,0.5278,0.1870,0.7898,-3.96,-0.46,-1.50,0.9682,0.0318
upper_back_still,21334,17186,0.5232,0.1917,0.7905,-3.89,-1.36,-1.58,0.9672,0.0328
upper_back_still,21362,17214,0.5347,0.1846,0.7891,-5.00,-0.80,-1.82,0.9709,0.0291
upper_back_still,21374,17226,0.5222,0.1748,0.7610,-4.95,-0.44,-1.92,0.9393,0.0607
upper_back_still,21386,17238,0.5293,0.1851,0.7627,-3.89,-0.42,-2.27,0.9466,0.0534
upper_back_still,21398,17250,0.5298,0.1853,0.7766,-3.80,0.37,-2.27,0.9582,0.0418
upper_back_still,21410,17262,0.5293,0.1863,0.7771,-4.46,0.96,-1.93,0.9585,0.0415
upper_back_still,21422,17274,0.5225,0.1870,0.7866,-4.63,1.90,-1.85,0.9627,0.0373
upper_back_still,21434,17286,0.5391,0.1760,0.7961,-4.67,1.27,-1.41,0.9775,0.0225
upper_back_still,21446,17298,0.5278,0.1851,0.7920,-4.69,0.73,-0.77,0.9696,0.0304
upper_back_still,21458,17310,0.5261,0.1814,0.7874,-4.50,0.36,-0.19,0.9642,0.0358
upper_back_still,21470,17322,0.5359,0.1816,0.7996,-5.02,0.51,0.34,0.9795,0.0205
upper_back_still,21503,17355,0.5354,0.1975,0.7886,-4.63,-0.92,2.62,0.9734,0.0266
upper_back_still,21515,17367,0.5364,0.2041,0.7910,-4.18,-0.51,3.03,0.9773,0.0227
upper_back_still,21527,17379,0.5361,0.1985,0.7937,-4.38,0.11,3.47,0.9782,0.0218
upper_back_still,21539,17391,0.5303,0.1992,0.7900,-4.43,-0.02,3.35,0.9721,0.0279
upper_back_still,21551,17403,0.5332,0.1980,0.7871,-4.36,-1.25,3.14,0.9711,0.0289
upper_back_still,21563,17415,0.5312,0.1978,0.7803,-4.60,-1.44,3.28,0.9644,0.0356
upper_back_still,21575,17427,0.5386,0.1978,0.7810,-4.55,-0.79,2.92,0.9691,0.0309
upper_back_still,21587,17439,0.5237,0.1960,0.7793,-4.33,-0.02,3.45,0.9592,0.0408
upper_back_still,21599,17451,0.5247,0.1890,0.7800,-3.89,0.44,2.81,0.9589,0.0411
upper_back_still,21611,17463,0.5168,0.1902,0.7947,-3.05,-0.23,2.95,0.9669,0.0331
upper_back_still,21644,17496,0.5291,0.1628,0.7715,-3.40,-2.00,2.38,0.9495,0.0505
upper_back_still,21656,17508,0.5310,0.1533,0.7742,-4.11,0.96,2.42,0.9512,0.0488
upper_back_still,21668,17520,0.5298,0.1526,0.7725,-3.50,2.29,1.89,0.9490,0.0510
upper_back_still,21680,17532,0.5247,0.1597,0.7869,-2.61,1.67,1.79,0.9591,0.0409
upper_back_still,21692,17544,0.5244,0.1653,0.7947,-1.46,1.69,1.81,0.9664,0.0336
upper_back_still,21704,17556,0.5217,0.1702,0.8008,-0.60,0.39,1.63,0.9708,0.0292
upper_back_still,21716,17568,0.5237,0.1824,0.7959,0.15,0.15,1.29,0.9700,0.0300
upper_back_still,21728,17580,0.5200,0.1814,0.7991,0.23,-0.21,0.67,0.9705,0.0295
upper_back_still,21740,17592,0.5247,0.1895,0.7925,-0.73,-0.34,-0.37,0.9691,0.0309
upper_back_still,21752,17604,0.5222,0.1719,0.8069,-1.98,-0.34,-0.79,0.9764,0.0236
upper_back_still,21780,17632,0.5232,0.1692,0.7871,-4.24,-2.54,-1.86,0.9602,0.0398
upper_back_still,21792,17644,0.5271,0.1594,0.7815,-5.02,-2.89,-1.75,0.9560,0.0440
upper_back_still,21804,17656,0.5374,0.1545,0.7717,-5.63,-2.27,-1.24,0.9530,0.0470
upper_back_still,21816,17668,0.5332,0.1621,0.7759,-5.98,-0.88,-1.47,0.9553,0.0447
upper_back_still,21828,17680,0.5349,0.1653,0.7742,-5.99,-0.10,-1.24,0.9554,0.0446
upper_back_still,21840,17692,0.5374,0.1760,0.7871,-6.05,1.16,-1.48,0.9692,0.0308
upper_back_still,21852,17704,0.5359,0.1809,0.8098,-6.74,1.82,-1.27,0.9878,0.0122
upper_back_still,21864,17716,0.5234,0.1772,0.8127,-7.05,0.33,-1.67,0.9828,0.0172
upper_back_still,21876,17728,0.5378,0.1838,0.8176,-7.77,-1.45,-2.01,0.9958,0.0042
upper_back_still,21888,17740,0.5386,0.1741,0.8096,-9.19,-1.84,-1.92,0.9878,0.0122
upper_back_still,21945,17797,0.5281,0.1514,0.7815,-11.50,-0.99,-1.02,0.9553,0.0447
upper_back_still,21957,17809,0.5308,0.1628,0.7825,-11.37,-1.69,-0.42,0.9594,0.0406
upper_back_still,21969,17821,0.5317,0.1748,0.7676,-11.23,-1.44,-0.41,0.9500,0.0500
upper_back_still,21981,17833,0.5425,0.1851,0.7664,-11.47,-1.21,0.37,0.9570,0.0430
upper_back_still,21993,17845,0.5391,0.2039,0.7659,-10.82,0.38,0.75,0.9585,0.0415
upper_back_still,22005,17857,0.5317,0.2126,0.7439,-8.77,2.42,1.60,0.9388,0.0612
upper_back_still,22017,17869,0.5354,0.2285,0.7581,-6.59,1.66,3.15,0.9558,0.0442
upper_back_still,22029,17881,0.5469,0.2490,0.7478,-3.79,2.27,4.44,0.9593,0.0407
upper_back_still,22041,17893,0.5505,0.2466,0.7715,-1.90,3.71,5.76,0.9793,0.0207
upper_back_still,22053,17905,0.5417,0.2559,0.7993,-1.11,4.05,6.88,0.9989,0.0011
upper_back_still,22085,17937,0.5342,0.2332,0.7793,2.17,-3.78,10.87,0.9731,0.0269
upper_back_still,22097,17949,0.5425,0.2324,0.7607,2.94,-6.37,11.92,0.9628,0.0372
upper_back_still,22109,17961,0.5493,0.2126,0.7434,3.17,-5.66,12.47,0.9485,0.0515
upper_back_still,22121,17973,0.5459,0.2014,0.7324,2.61,-2.14,12.91,0.9354,0.0646
upper_back_still,22133,17985,0.5300,0.1882,0.7400,2.50,0.70,12.85,0.9295,0.0705
upper_back_still,22145,17997,0.5393,0.1875,0.7610,2.44,2.20,12.34,0.9514,0.0486
upper_back_still,22157,18009,0.5161,0.1804,0.7725,2.21,2.66,11.83,0.9464,0.0536
upper_back_still,22169,18021,0.5105,0.1641,0.7722,2.83,1.76,11.24,0.9401,0.0599
upper_back_still,22181,18033,0.5212,0.1597,0.7927,3.21,2.80,10.11,0.9621,0.0379
upper_back_still,22193,18045,0.5164,0.1460,0.8022,2.49,3.51,9.00,0.9652,0.0348
upper_back_still,22226,18078,0.5251,0.1235,0.8159,0.68,1.07,5.89,0.9781,0.0219
upper_back_still,22238,18090,0.5203,0.1162,0.8086,0.53,0.52,4.76,0.9685,0.0315
upper_back_still,22250,18102,0.5256,0.1099,0.8037,0.10,0.41,3.31,0.9666,0.0334
upper_back_still,22262,18114,0.5220,0.0962,0.7957,0.05,1.94,2.47,0.9564,0.0436
upper_back_still,22274,18126,0.5269,0.0894,0.7959,0.19,3.72,0.82,0.9587,0.0413
upper_back_still,22286,18138,0.5166,0.0815,0.7983,0.76,4.99,-0.36,0.9544,0.0456
upper_back_still,22298,18150,0.5186,0.0774,0.8362,-0.15,2.74,-1.89,0.9870,0.0130
upper_back_still,22310,18162,0.4907,0.0806,0.8271,-0.96,-0.17,-3.41,0.9651,0.0349
upper_back_still,22322,18174,0.5210,0.0588,0.8188,-3.00,-2.71,-4.95,0.9723,0.0277
upper_back_still,22334,18186,0.5388,0.0588,0.8508,-6.25,-1.55,-5.50,1.0088,0.0088
upper_back_still,22367,18219,0.5227,0.0657,0.8049,-11.05,-8.05,-9.18,0.9620,0.0380
upper_back_still,22379,18231,0.5342,0.0564,0.7971,-11.23,-6.71,-9.57,0.9612,0.0388
upper_back_still,22391,18243,0.5332,0.0752,0.7666,-11.24,-4.27,-9.64,0.9368,0.0632
upper_back_still,22403,18255,0.5229,0.0920,0.7734,-11.22,-1.44,-9.78,0.9382,0.0618
upper_back_still,22415,18267,0.5144,0.1128,0.7910,-10.33,-0.47,-10.28,0.9503,0.0497
upper_back_still,22427,18279,0.5100,0.1370,0.8025,-9.85,-1.92,-10.57,0.9607,0.0393
upper_back_still,22439,18291,0.5125,0.1562,0.7925,-10.31,-4.85,-10.87,0.9566,0.0434
upper_back_still,22451,18303,0.5183,0.1580,0.7915,-11.57,-5.85,-10.97,0.9592,0.0408
upper_back_still,22463,18315,0.5305,0.1746,0.7842,-13.34,-5.53,-10.82,0.9627,0.0373
upper_back_still,22475,18327,0.5295,0.1975,0.7849,-15.69,-5.11,-10.75,0.9672,0.0328
upper_back_still,22503,18355,0.5369,0.2136,0.7507,-17.36,-3.60,-10.08,0.9473,0.0527
upper_back_still,22515,18367,0.5388,0.2219,0.7500,-16.54,-2.20,-9.46,0.9498,0.0502
upper_back_still,22527,18379,0.5518,0.2302,0.7458,-15.49,-0.04,-8.83,0.9559,0.0441
upper_back_still,22539,18391,0.5439,0.2366,0.7629,-13.92,0.60,-7.56,0.9664,0.0336
upper_back_still,22551,18403,0.5415,0.2505,0.7690,-11.97,-1.02,-7.08,0.9733,0.0267
upper_back_still,22563,18415,0.5583,0.2483,0.7673,-10.15,-1.68,-6.09,0.9809,0.0191
upper_back_still,22575,18427,0.5505,0.2544,0.7595,-8.78,-2.53,-5.38,0.9719,0.0281
upper_back_still,22587,18439,0.5627,0.2573,0.7441,-7.49,-2.45,-4.28,0.9678,0.0322
upper_back_still,22599,18451,0.5757,0.2520,0.7500,-6.41,-0.74,-3.61,0.9785,0.0215
upper_back_still,22611,18463,0.5657,0.2446,0.7590,-5.42,-0.21,-2.41,0.9777,0.0223
upper_back_still,22644,18496,0.5664,0.2268,0.7625,-4.18,0.48,0.32,0.9765,0.0235
upper_back_still,22656,18508,0.5530,0.2332,0.7751,-3.50,0.64,1.81,0.9803,0.0197
upper_back_still,22668,18520,0.5471,0.2222,0.7639,-2.58,-0.64,2.07,0.9655,0.0345
upper_back_still,22680,18532,0.5454,0.2136,0.7659,-1.31,-2.66,2.75,0.9642,0.0358
upper_back_still,22692,18544,0.5422,0.2019,0.7507,-0.85,-2.87,3.12,0.9478,0.0522
upper_back_still,22704,18556,0.5417,0.1863,0.7546,-0.41,-0.56,3.28,0.9475,0.0525
upper_back_still,22716,18568,0.5369,0.1868,0.7581,0.39,1.14,3.06,0.9475,0.0525
upper_back_still,22728,18580,0.5425,0.1802,0.7681,0.79,1.28,3.00,0.9574,0.0426
upper_back_still,22740,18592,0.5391,0.1685,0.7705,1.51,0.63,3.18,0.9553,0.0447
upper_back_still,22752,18604,0.5464,0.1677,0.7739,1.24,1.27,3.42,0.9621,0.0379
upper_back_still,22780,18632,0.5398,0.1589,0.8030,0.60,2.51,3.63,0.9805,0.0195
upper_back_still,22792,18644,0.5334,0.1584,0.8059,0.13,2.55,3.34,0.9794,0.0206
upper_back_still,22804,18656,0.5303,0.1699,0.7942,0.44,1.85,3.13,0.9699,0.0301
upper_back_still,22816,18668,0.5225,0.1594,0.7969,0.63,0.34,2.27,0.9661,0.0339
upper_back_still,22828,18680,0.5320,0.1504,0.7957,0.22,-1.11,2.03,0.9689,0.0311
upper_back_still,22840,18692,0.5400,0.1433,0.7961,-0.40,-0.75,1.83,0.9726,0.0274
upper_back_still,22852,18704,0.5349,0.1489,0.7830,-1.18,-0.42,1.58,0.9599,0.0401
upper_back_still,22864,18716,0.5276,0.1414,0.7825,-1.36,-0.69,0.88,0.9542,0.0458
upper_back_still,22876,18728,0.5298,0.1338,0.7756,-1.71,-0.22,0.18,0.9488,0.0512
upper_back_still,22888,18740,0.5295,0.1409,0.7812,-1.90,0.21,0.06,0.9543,0.0457
upper_back_still,22921,18773,0.5303,0.1362,0.7847,-3.39,0.10,-1.61,0.9568,0.0432
upper_back_still,22933,18785,0.5330,0.1375,0.7896,-3.50,-0.47,-2.14,0.9625,0.0375
upper_back_still,22945,18797,0.5344,0.1372,0.7908,-4.42,-0.40,-2.64,0.9642,0.0358
upper_back_still,22957,18809,0.5356,0.1445,0.7852,-5.49,0.35,-3.00,0.9614,0.0386
upper_back_still,22969,18821,0.5393,0.1357,0.7822,-7.02,1.43,-3.40,0.9598,0.0402
upper_back_still,22981,18833,0.5386,0.1372,0.7964,-7.70,1.31,-3.21,0.9711,0.0289
upper_back_still,22993,18845,0.5254,0.1475,0.7939,-8.56,1.40,-3.13,0.9634,0.0366
upper_back_still,23005,18857,0.5344,0.1519,0.7986,-8.35,0.54,-2.93,0.9728,0.0272
upper_back_still,23017,18869,0.5310,0.1626,0.7896,-7.99,0.33,-2.88,0.9653,0.0347
upper_back_still,23029,18881,0.5300,0.1689,0.7905,-7.10,0.14,-2.43,0.9666,0.0334
upper_back_still,23062,18914,0.5347,0.1838,0.7766,-6.28,-1.20,-1.82,0.9606,0.0394
upper_back_still,23074,18926,0.5374,0.1870,0.7803,-6.65,-0.85,-2.10,0.9657,0.0343
upper_back_still,23086,18938,0.5374,0.1917,0.7776,-7.73,-0.39,-2.48,0.9644,0.0356
upper_back_still,23098,18950,0.5422,0.1909,0.7737,-8.32,-0.14,-2.98,0.9639,0.0361
upper_back_still,23110,18962,0.5400,0.1992,0.7688,-8.72,0.18,-2.83,0.9604,0.0396
upper_back_still,23122,18974,0.5476,0.1907,0.7778,-8.60,0.66,-2.88,0.9702,0.0298
upper_back_still,23134,18986,0.5378,0.1851,0.7676,-7.29,0.60,-3.01,0.9554,0.0446
upper_back_still,23146,18998,0.5359,0.1914,0.7783,-5.45,-0.08,-2.63,0.9642,0.0358
upper_back_still,23158,19010,0.5408,0.1899,0.7734,-4.30,-0.14,-2.05,0.9627,0.0373
upper_back_still,23170,19022,0.5359,0.1936,0.7629,-2.83,-0.79,-1.42,0.9522,0.0478
upper_back_still,23198,19050,0.5510,0.1929,0.7886,-2.32,0.96,-0.60,0.9812,0.0188
upper_back_still,23210,19062,0.5291,0.1907,0.7756,-2.78,0.60,-1.00,0.9581,0.0419
upper_back_still,23222,19074,0.5388,0.1887,0.7939,-3.23,-0.27,-0.95,0.9779,0.0221
upper_back_still,23234,19086,0.5398,0.1819,0.7881,-4.38,-0.10,-0.76,0.9724,0.0276
upper_back_still,23246,19098,0.5393,0.1824,0.7871,-5.24,0.50,-0.58,0.9714,0.0286
upper_back_still,23258,19110,0.5327,0.1755,0.7800,-5.38,1.31,-0.54,0.9608,0.0392
upper_back_still,23270,19122,0.5322,0.1863,0.7856,-5.34,1.37,-0.50,0.9671,0.0329
upper_back_still,23282,19134,0.5325,0.1807,0.7847,-4.96,0.53,-0.20,0.9653,0.0347
upper_back_still,23294,19146,0.5264,0.1731,0.7859,-4.27,0.34,-0.51,0.9616,0.0384
upper_back_still,23306,19158,0.5232,0.1677,0.7788,-3.66,0.76,-0.80,0.9531,0.0469
upper_back_still,23363,19215,0.5337,0.1665,0.7874,-6.90,-1.73,-1.75,0.9656,0.0344
upper_back_still,23375,19227,0.5300,0.1653,0.7800,-7.31,-0.98,-1.60,0.9574,0.0426
upper_back_still,23387,19239,0.5315,0.1536,0.7798,-7.11,-0.97,-1.51,0.9561,0.0439
upper_back_still,23399,19251,0.5347,0.1660,0.7756,-6.36,-0.53,-1.79,0.9566,0.0434
upper_back_still,23411,19263,0.5298,0.1665,0.7754,-5.02,-0.08,-1.44,0.9537,0.0463
upper_back_still,23423,19275,0.5254,0.1736,0.7786,-3.74,0.26,-1.76,0.9552,0.0448
upper_back_still,23435,19287,0.5237,0.1729,0.7761,-3.02,0.05,-1.73,0.9521,0.0479
upper_back_still,23447,19299,0.5317,0.1726,0.7852,-3.31,0.04,-2.20,0.9639,0.0361
upper_back_still,23459,19311,0.5266,0.1846,0.7942,-4.27,-0.02,-1.70,0.9706,0.0294
upper_back_still,23471,19323,0.5256,0.1824,0.7764,-5.18,-1.02,-1.89,0.9551,0.0449
upper_back_still,23508,19360,0.5356,0.1855,0.7778,-7.04,1.79,-0.95,0.9625,0.0375
upper_back_still,23520,19372,0.5381,0.1821,0.7908,-7.33,1.89,-0.52,0.9737,0.0263
upper_back_still,23532,19384,0.5339,0.1907,0.7864,-6.55,0.98,0.10,0.9694,0.0306
upper_back_still,23544,19396,0.5283,0.1812,0.7859,-5.61,0.41,0.03,0.9641,0.0359
upper_back_still,23556,19408,0.5317,0.1877,0.7900,-4.80,0.14,0.15,0.9706,0.0294
upper_back_still,23568,19420,0.5337,0.1860,0.7937,-4.53,-0.66,-0.13,0.9744,0.0256
upper_back_still,23580,19432,0.5271,0.1936,0.7852,-3.92,-1.43,-0.41,0.9653,0.0347
upper_back_still,23592,19444,0.5371,0.1875,0.7820,-4.10,-1.88,-0.86,0.9670,0.0330
upper_back_still,23604,19456,0.5383,0.1746,0.7793,-3.95,0.19,-1.39,0.9631,0.0369
upper_back_still,23616,19468,0.5383,0.1731,0.7893,-3.96,2.50,-1.78,0.9710,0.0290
upper_back_still,23644,19496,0.5305,0.1750,0.8049,-4.15,-0.88,-1.87,0.9798,0.0202
upper_back_still,23656,19508,0.5349,0.1765,0.7981,-4.47,-3.09,-1.55,0.9769,0.0231
upper_back_still,23668,19520,0.5386,0.1663,0.7725,-4.73,-2.56,-1.52,0.9562,0.0438
upper_back_still,23680,19532,0.5308,0.1619,0.7607,-5.19,-1.55,-1.55,0.9416,0.0584
upper_back_still,23692,19544,0.5391,0.1604,0.7629,-5.85,0.01,-1.64,0.9478,0.0522
upper_back_still,23704,19556,0.5378,0.1675,0.7739,-6.07,2.05,-1.81,0.9572,0.0428
upper_back_still,23716,19568,0.5283,0.1602,0.7827,-6.43,1.66,-1.82,0.9578,0.0422
upper_back_still,23728,19580,0.5237,0.1680,0.7905,-6.53,0.60,-1.38,0.9630,0.0370
upper_back_still,23740,19592,0.5288,0.1733,0.7966,-6.82,-0.08,-1.20,0.9718,0.0282
upper_back_still,23752,19604,0.5378,0.1726,0.7883,-6.96,0.07,-1.42,0.9698,0.0302
upper_back_still,23785,19637,0.5337,0.1653,0.7991,-6.82,0.15,-0.87,0.9750,0.0250
upper_back_still,23797,19649,0.5330,0.1755,0.7922,-6.82,-1.44,-0.34,0.9708,0.0292
upper_back_still,23809,19661,0.5300,0.1738,0.7886,-6.47,-1.73,-0.05,0.9659,0.0341
upper_back_still,23821,19673,0.5364,0.1750,0.7793,-6.24,-1.66,0.31,0.9621,0.0379
upper_back_still,23833,19685,0.5388,0.1804,0.7747,-6.12,-1.18,0.59,0.9607,0.0393
upper_back_still,23845,19697,0.5293,0.1826,0.7727,-6.00,-0.44,0.54,0.9542,0.0458
upper_back_still,23857,19709,0.5305,0.1877,0.7751,-5.89,-0.89,0.25,0.9579,0.0421
upper_back_still,23869,19721,0.5242,0.1841,0.7686,-5.11,-0.97,0.11,0.9483,0.0517
upper_back_still,23881,19733,0.5293,0.1836,0.7815,-4.35,-0.98,-0.07,0.9616,0.0384
upper_back_still,23893,19745,0.5115,0.1909,0.7878,-3.97,-1.08,-0.55,0.9585,0.0415
upper_back_still,23921,19773,0.5322,0.1797,0.7910,-3.14,1.03,-1.37,0.9702,0.0298
upper_back_still,23933,19785,0.5352,0.1812,0.7810,-3.74,1.44,-1.67,0.9639,0.0361
upper_back_still,23945,19797,0.5212,0.1653,0.7832,-3.88,1.63,-1.34,0.9552,0.0448
upper_back_still,23957,19809,0.5247,0.1626,0.7869,-4.18,0.68,-1.53,0.9596,0.0404
upper_back_still,23969,19821,0.5317,0.1663,0.7920,-4.39,0.14,-1.24,0.9683,0.0317
upper_back_still,23981,19833,0.5361,0.1594,0.7878,-4.60,0.02,-1.05,0.9662,0.0338
upper_back_still,23993,19845,0.5286,0.1570,0.7771,-4.08,0.95,-0.78,0.9528,0.0472
upper_back_still,24005,19857,0.5322,0.1521,0.7842,-3.66,1.61,-0.47,0.9599,0.0401
upper_back_still,24017,19869,0.5273,0.1587,0.7935,-3.43,1.26,-0.05,0.9658,0.0342
upper_back_still,24029,19881,0.5276,0.1626,0.8003,-3.91,0.85,0.20,0.9722,0.0278
upper_back_still,24062,19914,0.5278,0.1682,0.8013,-5.67,0.00,0.95,0.9741,0.0259
upper_back_still,24074,19926,0.5320,0.1699,0.7805,-5.42,0.11,1.30,0.9597,0.0403
upper_back_still,24086,19938,0.5337,0.1748,0.7847,-5.52,0.52,1.28,0.9649,0.0351
upper_back_still,24098,19950,0.5305,0.1753,0.7969,-5.82,0.97,1.44,0.9732,0.0268
upper_back_still,24110,19962,0.5322,0.1807,0.7986,-6.38,-0.06,1.04,0.9765,0.0235
upper_back_still,24122,19974,0.5254,0.1787,0.7825,-6.09,-0.98,0.57,0.9593,0.0407
upper_back_still,24134,19986,0.5337,0.1782,0.7957,-5.98,-0.18,-0.15,0.9745,0.0255
upper_back_still,24146,19998,0.5193,0.1802,0.7830,-5.27,-0.27,-0.59,0.9566,0.0434
upper_back_still,24158,20010,0.5200,0.1702,0.7788,-4.69,-0.82,-1.33,0.9518,0.0482
upper_back_still,24170,20022,0.5322,0.1670,0.7910,-4.29,-1.59,-1.34,0.9679,0.0321
upper_back_still,24203,20055,0.5400,0.1731,0.7927,-4.67,0.98,-1.72,0.9747,0.0253
upper_back_still,24215,20067,0.5337,0.1602,0.7998,-4.27,1.02,-1.47,0.9748,0.0252
upper_back_still,24227,20079,0.5310,0.1699,0.7981,-3.85,0.56,-1.16,0.9735,0.0265
upper_back_still,24239,20091,0.5281,0.1724,0.7883,-3.36,-0.21,-0.95,0.9644,0.0356
upper_back_still,24251,20103,0.5271,0.1726,0.7915,-3.33,-2.39,-0.63,0.9665,0.0335
upper_back_still,24263,20115,0.5327,0.1792,0.7720,-3.75,-2.07,-0.23,0.9549,0.0451
upper_back_still,24275,20127,0.5371,0.1687,0.7637,-4.09,-0.41,-0.56,0.9488,0.0512
upper_back_still,24287,20139,0.5408,0.1707,0.7708,-4.53,0.83,-0.28,0.9569,0.0431
upper_back_still,24299,20151,0.5232,0.1702,0.7820,-4.62,0.83,-0.47,0.9561,0.0439
upper_back_still,24311,20163,0.5269,0.1768,0.7896,-4.05,-0.46,-0.76,0.9655,0.0345
upper_back_still,24339,20191,0.5352,0.1802,0.7830,-4.40,0.56,-0.97,0.9653,0.0347
upper_back_still,24351,20203,0.5317,0.1907,0.7874,-4.57,0.56,-1.05,0.9690,0.0310
upper_back_still,24363,20215,0.5249,0.1890,0.7925,-4.33,0.01,-1.05,0.9692,0.0308
upper_back_still,24375,20227,0.5237,0.1814,0.7893,-3.40,-1.41,-1.23,0.9644,0.0356
upper_back_still,24387,20239,0.5249,0.1885,0.7776,-3.05,-1.43,-0.88,0.9569,0.0431
upper_back_still,24399,20251,0.5339,0.1892,0.7825,-3.20,-0.05,-1.27,0.9660,0.0340
upper_back_still,24411,20263,0.5396,0.1887,0.8054,-4.92,0.02,-1.27,0.9876,0.0124
upper_back_still,24423,20275,0.5298,0.1877,0.7808,-5.92,-0.28,-1.18,0.9620,0.0380
upper_back_still,24435,20287,0.5181,0.1868,0.7737,-5.69,-0.95,-1.25,0.9497,0.0503
upper_back_still,24447,20299,0.5281,0.1794,0.7903,-5.82,-0.80,-1.56,0.9673,0.0327
upper_back_still,24480,20332,0.5256,0.1685,0.7861,-5.73,0.66,-1.71,0.9606,0.0394
upper_back_still,24492,20344,0.5249,0.1646,0.7939,-4.68,0.56,-1.55,0.9659,0.0341
upper_back_still,24504,20356,0.5339,0.1663,0.7969,-3.82,0.58,-1.58,0.9735,0.0265
upper_back_still,24516,20368,0.5234,0.1658,0.7874,-2.85,-0.66,-1.40,0.9599,0.0401
upper_back_still,24528,20380,0.5271,0.1558,0.7773,-2.13,-0.89,-1.13,0.9520,0.0480
upper_back_still,24540,20392,0.5403,0.1646,0.7808,-1.77,-0.50,-0.44,0.9636,0.0364
upper_back_still,24552,20404,0.5444,0.1787,0.7832,-2.41,0.34,0.42,0.9704,0.0296
upper_back_still,24564,20416,0.5286,0.1841,0.7769,-2.83,0.08,0.93,0.9575,0.0425
upper_back_still,24576,20428,0.5322,0.1824,0.7710,-3.30,-0.22,1.45,0.9544,0.0456
upper_back_still,24588,20440,0.5391,0.1943,0.7683,-3.82,0.25,1.88,0.9585,0.0415
upper_back_still,24616,20468,0.5281,0.2051,0.7808,-5.44,-0.07,2.77,0.9646,0.0354
upper_back_still,24628,20480,0.5291,0.2007,0.7856,-5.82,-0.63,3.14,0.9682,0.0318
upper_back_still,24640,20492,0.5312,0.1980,0.7876,-6.53,-0.81,2.89,0.9704,0.0296
upper_back_still,24652,20504,0.5364,0.1985,0.7949,-7.01,-0.61,2.82,0.9793,0.0207
upper_back_still,24664,20516,0.5266,0.1885,0.8003,-6.95,-0.80,2.60,0.9764,0.0236
upper_back_still,24676,20528,0.5300,0.1816,0.7869,-6.35,-1.67,2.59,0.9660,0.0340
upper_back_still,24688,20540,0.5259,0.1670,0.7817,-5.47,-1.69,2.29,0.9568,0.0432
upper_back_still,24700,20552,0.5222,0.1687,0.7742,-4.48,-1.30,1.92,0.9490,0.0510
upper_back_still,24712,20564,0.5266,0.1689,0.7798,-3.94,-0.53,0.91,0.9560,0.0440
upper_back_still,24724,20576,0.5366,0.1658,0.7991,-3.64,0.08,0.82,0.9767,0.0233
upper_back_still,24781,20633,0.5344,0.1516,0.7930,-2.89,-0.25,-0.95,0.9682,0.0318
upper_back_still,24793,20645,0.5371,0.1536,0.7874,-3.28,0.44,-0.75,0.9654,0.0346
upper_back_still,24805,20657,0.5337,0.1594,0.7952,-3.77,-0.01,-0.42,0.9708,0.0292
upper_back_still,24817,20669,0.5305,0.1528,0.7930,-4.11,-0.69,-0.16,0.9662,0.0338
upper_back_still,24829,20681,0.5266,0.1548,0.7886,-4.85,-2.05,0.27,0.9608,0.0392
upper_back_still,24841,20693,0.5293,0.1604,0.7761,-5.50,-3.35,0.60,0.9530,0.0470
upper_back_still,24853,20705,0.5308,0.1628,0.7639,-5.96,-3.35,0.56,0.9443,0.0557
upper_back_still,24865,20717,0.5298,0.1562,0.7595,-6.63,-2.53,0.73,0.9391,0.0609
upper_back_still,24877,20729,0.5339,0.1553,0.7590,-7.18,-0.39,0.78,0.9409,0.0591
upper_back_still,24889,20741,0.5378,0.1570,0.7639,-7.54,1.22,0.68,0.9474,0.0526
upper_back_still,24926,20778,0.5271,0.1760,0.7979,-6.51,0.79,0.56,0.9723,0.0277
upper_back_still,24938,20790,0.5239,0.1794,0.7988,-6.28,-0.05,0.12,0.9720,0.0280
upper_back_still,24950,20802,0.5269,0.1760,0.7937,-5.44,-0.98,-0.27,0.9688,0.0312
upper_back_still,24962,20814,0.5305,0.1812,0.7878,-4.91,-1.26,-0.98,0.9669,0.0331
upper_back_still,24974,20826,0.5344,0.1814,0.7805,-5.27,-0.90,-1.37,0.9632,0.0368
upper_back_still,24986,20838,0.5303,0.1772,0.7778,-5.16,-1.21,-1.81,0.9579,0.0421
upper_back_still,24998,20850,0.5430,0.1780,0.7761,-5.88,-1.01,-1.98,0.9638,0.0362
upper_back_still,25010,20862,0.5442,0.1692,0.7922,-6.82,0.09,-2.02,0.9759,0.0241
upper_back_still,25022,20874,0.5325,0.1711,0.7854,-6.52,1.83,-2.09,0.9642,0.0358
upper_back_still,25034,20886,0.5398,0.1658,0.7981,-5.58,0.97,-2.11,0.9777,0.0223
upper_back_still,25062,20914,0.5334,0.1636,0.7810,-3.57,-5.96,-1.53,0.9598,0.0402
upper_back_still,25074,20926,0.5400,0.1680,0.7698,-2.82,-4.06,-1.65,0.9552,0.0448
upper_back_still,25086,20938,0.5444,0.1719,0.7649,-2.95,-0.90,-1.66,0.9545,0.0455
upper_back_still,25098,20950,0.5435,0.1741,0.7634,-3.28,-1.27,-1.80,0.9531,0.0469
upper_back_still,25110,20962,0.5415,0.1816,0.7803,-3.06,0.74,-1.81,0.9670,0.0330
upper_back_still,25122,20974,0.5293,0.1782,0.7747,-3.10,0.12,-1.53,0.9550,0.0450
upper_back_still,25134,20986,0.5259,0.1772,0.7666,-2.85,-1.78,-0.99,0.9464,0.0536
upper_back_still,25146,20998,0.5378,0.1770,0.7793,-3.07,-1.43,-0.90,0.9633,0.0367
upper_back_still,25158,21010,0.5388,0.1733,0.7776,-3.85,-0.63,-0.80,0.9618,0.0382
upper_back_still,25170,21022,0.5374,0.1743,0.7698,-4.21,-0.05,-0.53,0.9548,0.0452
upper_back_still,25203,21055,0.5381,0.1682,0.7732,-4.56,2.37,0.48,0.9569,0.0431
upper_back_still,25215,21067,0.5427,0.1802,0.7876,-5.47,2.67,0.23,0.9733,0.0267
upper_back_still,25227,21079,0.5300,0.1755,0.7866,-6.40,3.04,0.27,0.9646,0.0354
upper_back_still,25239,21091,0.5310,0.1890,0.7910,-5.98,2.99,-0.57,0.9713,0.0287
upper_back_still,25251,21103,0.5317,0.1948,0.7976,-5.61,2.47,-1.11,0.9782,0.0218
upper_back_still,25263,21115,0.5242,0.1960,0.7996,-4.75,1.11,-1.68,0.9760,0.0240
upper_back_still,25275,21127,0.5281,0.1802,0.7910,-3.54,-0.31,-2.20,0.9680,0.0320
upper_back_still,25287,21139,0.5491,0.1653,0.7866,-3.24,0.05,-1.93,0.9734,0.0266
upper_back_still,25299,21151,0.5376,0.1638,0.7874,-3.45,0.63,-2.04,0.9674,0.0326
upper_back_still,25311,21163,0.5383,0.1565,0.7920,-4.24,-1.18,-1.56,0.9703,0.0297
upper_back_still,25339,21191,0.5391,0.1677,0.7859,-6.18,-2.08,-0.38,0.9676,0.0324
upper_back_still,25351,21203,0.5322,0.1692,0.7783,-6.10,-1.35,0.32,0.9580,0.0420
upper_back_still,25363,21215,0.5225,0.1794,0.7703,-5.15,-2.02,0.73,0.9479,0.0521
upper_back_still,25375,21227,0.5198,0.1875,0.7766,-3.15,-2.60,0.58,0.9531,0.0469
upper_back_still,25387,21239,0.5320,0.1880,0.7664,-2.24,-1.82,0.66,0.9517,0.0483
upper_back_still,25399,21251,0.5334,0.1941,0.7769,-2.41,-0.38,0.46,0.9622,0.0378
upper_back_still,25411,21263,0.5288,0.1978,0.7961,-3.18,0.05,0.14,0.9760,0.0240
upper_back_still,25423,21275,0.5286,0.1970,0.7869,-3.21,0.08,-0.67,0.9682,0.0318
upper_back_still,25435,21287,0.5225,0.1960,0.8025,-3.95,-1.98,-0.87,0.9774,0.0226
upper_back_still,25447,21299,0.5347,0.1880,0.7812,-4.84,-2.76,-1.66,0.9652,0.0348
upper_back_still,25480,21332,0.5334,0.1621,0.7783,-5.65,0.92,-3.01,0.9574,0.0426
upper_back_still,25492,21344,0.5347,0.1584,0.7859,-5.84,1.45,-3.23,0.9636,0.0364
upper_back_still,25504,21356,0.5215,0.1553,0.7937,-6.02,1.68,-3.54,0.9623,0.0377
upper_back_still,25516,21368,0.5308,0.1548,0.7983,-6.08,1.18,-3.61,0.9711,0.0289
upper_back_still,25528,21380,0.5295,0.1567,0.7878,-5.73,0.40,-3.50,0.9621,0.0379
upper_back_still,25540,21392,0.5261,0.1521,0.7878,-5.48,0.26,-3.25,0.9595,0.0405
upper_back_still,25552,21404,0.5325,0.1475,0.7998,-5.40,0.71,-2.80,0.9721,0.0279
upper_back_still,25564,21416,0.5303,0.1528,0.8101,-5.21,0.70,-2.22,0.9802,0.0198
upper_back_still,25576,21428,0.5220,0.1624,0.8018,-5.78,-0.88,-1.66,0.9704,0.0296
upper_back_still,25588,21440,0.5327,0.1670,0.7852,-6.18,-2.40,-0.78,0.9634,0.0366
upper_back_still,25621,21473,0.5378,0.1687,0.7673,-7.65,-0.02,0.79,0.9521,0.0479
upper_back_still,25633,21485,0.5457,0.1821,0.7603,-7.42,1.32,1.51,0.9534,0.0466
upper_back_still,25645,21497,0.5388,0.1909,0.7744,-6.93,1.51,1.79,0.9625,0.0375
upper_back_still,25657,21509,0.5344,0.1902,0.7878,-6.85,-0.05,1.83,0.9708,0.0292
upper_back_still,25669,21521,0.5369,0.1934,0.7766,-6.82,-1.10,1.79,0.9637,0.0363
upper_back_still,25681,21533,0.5442,0.1941,0.7712,-6.12,-0.47,1.51,0.9637,0.0363
upper_back_still,25693,21545,0.5330,0.2021,0.7839,-5.49,-0.44,1.22,0.9693,0.0307
upper_back_still,25705,21557,0.5244,0.2026,0.7878,-4.91,-2.63,0.53,0.9679,0.0321
upper_back_still,25717,21569,0.5276,0.2000,0.7815,-4.38,-3.63,-0.43,0.9639,0.0361
upper_back_still,25729,21581,0.5278,0.1926,0.7761,-4.18,-2.93,-1.26,0.9582,0.0418
upper_back_still,25757,21609,0.5273,0.1675,0.7437,-3.09,-0.93,-3.44,0.9269,0.0731
upper_back_still,25769,21621,0.5291,0.1570,0.7466,-2.31,1.02,-3.74,0.9284,0.0716
upper_back_still,25781,21633,0.5386,0.1587,0.7471,-1.58,2.29,-4.34,0.9345,0.0655
upper_back_still,25793,21645,0.5391,0.1616,0.7549,-0.84,3.11,-4.38,0.9416,0.0584
upper_back_still,25805,21657,0.5327,0.1611,0.7500,0.10,4.68,-4.40,0.9339,0.0661
upper_back_still,25817,21669,0.5479,0.1582,0.7695,0.59,6.24,-3.90,0.9578,0.0422
upper_back_still,25829,21681,0.5486,0.1643,0.7883,0.34,7.50,-3.24,0.9744,0.0256
upper_back_still,25841,21693,0.5347,0.1787,0.8176,-0.78,6.72,-2.47,0.9931,0.0069
upper_back_still,25853,21705,0.5410,0.1819,0.8345,-2.27,5.31,-1.15,1.0110,0.0110
upper_back_still,25865,21717,0.5383,0.1819,0.8442,-4.06,4.17,-0.18,1.0177,0.0177
upper_back_still,25898,21750,0.5398,0.1921,0.8284,-7.34,-2.96,2.31,1.0072,0.0072
upper_back_still,25910,21762,0.5244,0.1924,0.8179,-8.09,-2.90,2.79,0.9904,0.0096
upper_back_still,25922,21774,0.5317,0.1812,0.8176,-8.61,-3.18,2.86,0.9920,0.0080
upper_back_still,25934,21786,0.5178,0.1809,0.8000,-8.63,-4.56,2.77,0.9700,0.0300
upper_back_still,25946,21798,0.5173,0.1741,0.7869,-8.29,-5.87,2.36,0.9576,0.0424
upper_back_still,25958,21810,0.5146,0.1648,0.7698,-7.35,-6.11,1.60,0.9405,0.0595
upper_back_still,25970,21822,0.5305,0.1658,0.7671,-7.18,-5.78,0.67,0.9473,0.0527
upper_back_still,25982,21834,0.5244,0.1621,0.7463,-6.10,-2.88,0.16,0.9265,0.0735
upper_back_still,25994,21846,0.5171,0.1646,0.7561,-5.17,-0.08,-0.25,0.9307,0.0693
upper_back_still,26006,21858,0.5254,0.1685,0.7515,-4.98,0.44,-0.79,0.9323,0.0677
upper_back_still,26034,21886,0.5154,0.1809,0.7729,-3.14,-0.74,-2.29,0.9465,0.0535
upper_back_still,26046,21898,0.5149,0.1875,0.7739,-3.42,-1.39,-3.02,0.9483,0.0517
upper_back_still,26058,21910,0.5190,0.1863,0.7607,-3.83,-1.47,-4.11,0.9396,0.0604
upper_back_still,26070,21922,0.5303,0.1873,0.7705,-4.32,0.30,-5.18,0.9539,0.0461
upper_back_still,26082,21934,0.5388,0.1775,0.7612,-4.94,1.79,-5.53,0.9494,0.0506
upper_back_still,26094,21946,0.5300,0.1665,0.7717,-5.23,2.83,-5.21,0.9509,0.0491
upper_back_still,26106,21958,0.5344,0.1553,0.7676,-5.29,2.08,-5.47,0.9481,0.0519
upper_back_still,26118,21970,0.5312,0.1475,0.7830,-5.69,2.70,-4.73,0.9576,0.0424
upper_back_still,26130,21982,0.5488,0.1433,0.7939,-6.33,4.20,-3.76,0.9758,0.0242
upper_back_still,26142,21994,0.5486,0.1577,0.8289,-6.98,4.21,-2.65,1.0064,0.0064
upper_back_still,26199,22051,0.5486,0.2009,0.7974,-3.66,3.07,-0.42,0.9885,0.0115
upper_back_still,26211,22063,0.5354,0.2014,0.8049,-3.28,2.08,-0.56,0.9875,0.0125
upper_back_still,26223,22075,0.5444,0.2102,0.8267,-3.47,-0.57,-0.53,1.0119,0.0119
upper_back_still,26235,22087,0.5461,0.2146,0.8281,-4.70,-2.60,-0.35,1.0149,0.0149
upper_back_still,26247,22099,0.5452,0.1960,0.8242,-5.92,-2.99,-0.11,1.0075,0.0075
upper_back_still,26259,22111,0.5391,0.1958,0.8005,-6.64,-3.40,0.25,0.9848,0.0152
upper_back_still,26271,22123,0.5403,0.1890,0.7913,-6.73,-3.65,0.31,0.9766,0.0234
upper_back_still,26283,22135,0.5303,0.1816,0.7900,-6.67,-4.75,0.73,0.9687,0.0313
upper_back_still,26295,22147,0.5308,0.1772,0.7610,-5.90,-5.79,1.13,0.9446,0.0554
upper_back_still,26307,22159,0.5244,0.1572,0.7385,-4.85,-5.81,1.49,0.9193,0.0807
upper_back_still,26344,22196,0.5317,0.1624,0.7380,-3.87,2.01,0.53,0.9240,0.0760
upper_back_still,26356,22208,0.5232,0.1628,0.7566,-3.39,1.93,0.32,0.9342,0.0658
upper_back_still,26368,22220,0.5261,0.1770,0.7661,-3.60,2.01,-0.44,0.9461,0.0539
upper_back_still,26380,22232,0.5344,0.1851,0.7664,-3.37,2.72,-1.10,0.9524,0.0476
upper_back_still,26392,22244,0.5288,0.1907,0.7878,-3.51,3.56,-1.87,0.9678,0.0322
upper_back_still,26404,22256,0.5305,0.1890,0.7939,-3.62,4.27,-2.69,0.9734,0.0266
upper_back_still,26416,22268,0.5288,0.1899,0.8145,-3.19,4.89,-3.29,0.9895,0.0105
upper_back_still,26428,22280,0.5303,0.1804,0.8225,-2.88,2.50,-3.17,0.9951,0.0049
upper_back_still,26440,22292,0.5303,0.1821,0.8374,-3.41,-1.52,-3.03,1.0078,0.0078
upper_back_still,26452,22304,0.5444,0.1765,0.8191,-4.04,-2.73,-2.84,0.9992,0.0008
upper_back_still,26480,22332,0.5400,0.1597,0.7878,-6.12,-3.31,-1.22,0.9684,0.0316
upper_back_still,26492,22344,0.5403,0.1523,0.7678,-6.21,-3.02,-0.50,0.9511,0.0489
upper_back_still,26504,22356,0.5447,0.1462,0.7686,-6.61,-2.89,0.08,0.9533,0.0467
upper_back_still,26516,22368,0.5466,0.1594,0.7676,-6.53,-1.65,1.04,0.9557,0.0443
upper_back_still,26528,22380,0.5334,0.1565,0.7842,-6.57,-1.14,1.08,0.9612,0.0388
upper_back_still,26540,22392,0.5247,0.1616,0.7656,-6.79,-1.70,1.32,0.9421,0.0579
upper_back_still,26552,22404,0.5266,0.1685,0.7664,-6.79,-2.11,1.14,0.9450,0.0550
upper_back_still,26564,22416,0.5264,0.1707,0.7651,-6.86,-1.14,0.86,0.9443,0.0557
upper_back_still,26576,22428,0.5239,0.1780,0.7651,-7.05,-0.38,-0.36,0.9443,0.0557
upper_back_still,26588,22440,0.5254,0.1809,0.7666,-7.55,0.28,-1.26,0.9468,0.0532
upper_back_still,26621,22473,0.5312,0.1748,0.7703,-6.01,2.15,-3.67,0.9519,0.0481
upper_back_still,26633,22485,0.5339,0.1865,0.7852,-5.02,1.49,-4.26,0.9677,0.0323
upper_back_still,26645,22497,0.5291,0.1868,0.7959,-4.23,1.13,-4.15,0.9738,0.0262
upper_back_still,26657,22509,0.5334,0.1636,0.7964,-3.84,1.09,-3.63,0.9724,0.0276
upper_back_still,26669,22521,0.5293,0.1711,0.7910,-3.56,1.20,-3.27,0.9670,0.0330
upper_back_still,26681,22533,0.5291,0.1775,0.7896,-3.87,-0.12,-2.90,0.9668,0.0332
upper_back_still,26693,22545,0.5422,0.1741,0.8044,-4.69,-0.53,-2.45,0.9856,0.0144
upper_back_still,26705,22557,0.5332,0.1777,0.7842,-5.28,-0.76,-2.15,0.9648,0.0352
upper_back_still,26717,22569,0.5342,0.1741,0.7808,-5.35,-0.50,-1.35,0.9619,0.0381
upper_back_still,26729,22581,0.5354,0.1738,0.7793,-4.56,0.85,-1.08,0.9613,0.0387
upper_back_still,26757,22609,0.5276,0.1846,0.7852,-3.63,-0.63,0.18,0.9638,0.0362
upper_back_still,26769,22621,0.5337,0.1895,0.7861,-3.62,-1.37,-0.16,0.9689,0.0311
upper_back_still,26781,22633,0.5359,0.1912,0.7871,-4.15,-1.17,0.19,0.9712,0.0288
upper_back_still,26793,22645,0.5332,0.1794,0.7756,-4.75,0.05,0.02,0.9582,0.0418
upper_back_still,26805,22657,0.5334,0.1799,0.7681,-4.91,-0.27,-0.11,0.9523,0.0477
upper_back_still,26817,22669,0.5278,0.1809,0.7969,-5.62,-1.85,0.02,0.9728,0.0272
upper_back_still,26829,22681,0.5261,0.1782,0.7456,-3.95,-1.11,-0.33,0.9298,0.0702
upper_back_still,26841,22693,0.5310,0.1782,0.7771,-3.50,0.88,-1.03,0.9579,0.0421
upper_back_still,26853,22705,0.5437,0.1804,0.7781,-3.54,3.27,-0.60,0.9662,0.0338
upper_back_still,26865,22717,0.5261,0.1848,0.7871,-3.09,4.45,-0.74,0.9646,0.0354
upper_back_still,26898,22750,0.5342,0.1772,0.8083,-2.08,0.08,-1.56,0.9850,0.0150
upper_back_still,26910,22762,0.5298,0.1807,0.8027,-2.84,0.85,-1.24,0.9786,0.0214
upper_back_still,26922,22774,0.5327,0.1733,0.8059,-3.53,1.57,-2.00,0.9815,0.0185
upper_back_still,26934,22786,0.5273,0.1812,0.8086,-4.57,0.78,-2.22,0.9822,0.0178
upper_back_still,26946,22798,0.5303,0.1765,0.8159,-5.05,-0.73,-2.10,0.9890,0.0110
upper_back_still,26958,22810,0.5212,0.1836,0.8071,-5.57,-1.53,-2.21,0.9782,0.0218
upper_back_still,26970,22822,0.5234,0.1755,0.7976,-5.69,-3.08,-1.83,0.9700,0.0300
upper_back_still,26982,22834,0.5244,0.1682,0.7751,-5.79,-3.82,-1.75,0.9509,0.0491
upper_back_still,26994,22846,0.5261,0.1765,0.7695,-5.71,-2.47,-2.11,0.9488,0.0512
upper_back_still,27006,22858,0.5339,0.1675,0.7668,-5.34,-0.57,-1.96,0.9493,0.0507
upper_back_still,27039,22891,0.5244,0.1733,0.7693,-6.47,-2.02,-0.56,0.9470,0.0530
upper_back_still,27051,22903,0.5259,0.1829,0.7656,-6.54,-1.94,-0.23,0.9467,0.0533
upper_back_still,27063,22915,0.5222,0.1826,0.7666,-6.40,-1.24,0.07,0.9454,0.0546
upper_back_still,27075,22927,0.5259,0.1851,0.7581,-6.53,-1.26,0.53,0.9410,0.0590
upper_back_still,27087,22939,0.5303,0.1877,0.7590,-5.86,0.15,1.10,0.9448,0.0552
upper_back_still,27099,22951,0.5442,0.1995,0.7720,-6.03,1.77,1.34,0.9653,0.0347
upper_back_still,27111,22963,0.5369,0.2053,0.7856,-6.06,3.08,1.50,0.9735,0.0265
upper_back_still,27123,22975,0.5181,0.2068,0.7827,-5.31,2.65,1.48,0.9611,0.0389
upper_back_still,27135,22987,0.5198,0.2078,0.7896,-4.41,-0.08,1.11,0.9678,0.0322
upper_back_still,27147,22999,0.5342,0.2024,0.7876,-4.62,-0.57,0.53,0.9729,0.0271
upper_back_still,27175,23027,0.5271,0.1978,0.7937,-5.18,2.04,-0.46,0.9731,0.0269
upper_back_still,27187,23039,0.5349,0.1897,0.7852,-4.49,1.21,-0.78,0.9688,0.0312
upper_back_still,27199,23051,0.5422,0.1853,0.8059,-3.21,-0.04,-0.62,0.9889,0.0111
upper_back_still,27211,23063,0.5308,0.1877,0.8064,-2.27,-0.11,-0.56,0.9835,0.0165
upper_back_still,27223,23075,0.5361,0.1853,0.8103,-2.27,-1.15,-0.76,0.9891,0.0109
upper_back_still,27235,23087,0.5327,0.1670,0.7969,-2.47,-1.98,-0.96,0.9730,0.0270
upper_back_still,27247,23099,0.5300,0.1643,0.7939,-3.19,-2.44,-1.28,0.9686,0.0314
upper_back_still,27259,23111,0.5342,0.1636,0.7830,-3.81,-2.51,-1.17,0.9618,0.0382
upper_back_still,27271,23123,0.5303,0.1567,0.7759,-4.21,-2.77,-1.22,0.9528,0.0472
upper_back_still,27283,23135,0.5286,0.1538,0.7681,-3.84,-2.59,-0.69,0.9450,0.0550
upper_back_still,27316,23168,0.5369,0.1602,0.7612,-3.53,0.44,-0.47,0.9452,0.0548
upper_back_still,27328,23180,0.5234,0.1609,0.7778,-4.47,2.03,-0.21,0.9513,0.0487
upper_back_still,27340,23192,0.5256,0.1670,0.7939,-5.90,2.90,-0.38,0.9667,0.0333
upper_back_still,27352,23204,0.5164,0.1724,0.8091,-7.07,2.70,-0.15,0.9752,0.0248
upper_back_still,27364,23216,0.5103,0.1826,0.8071,-8.17,1.04,0.08,0.9722,0.0278
upper_back_still,27376,23228,0.5176,0.1787,0.8091,-9.21,-1.66,-0.28,0.9770,0.0230
upper_back_still,27388,23240,0.5254,0.1777,0.7805,-9.72,-2.44,0.31,0.9575,0.0425
upper_back_still,27400,23252,0.5264,0.1807,0.7563,-9.84,-1.96,0.21,0.9390,0.0610
upper_back_still,27412,23264,0.5273,0.1836,0.7554,-9.37,0.13,0.35,0.9394,0.0606
upper_back_still,27424,23276,0.5315,0.1909,0.7715,-8.44,2.62,0.20,0.9561,0.0439
upper_back_still,27452,23304,0.5308,0.1833,0.7849,-5.21,1.95,-0.52,0.9651,0.0349
upper_back_still,27464,23316,0.5422,0.1775,0.7893,-4.96,1.43,-0.43,0.9739,0.0261
upper_back_still,27476,23328,0.5491,0.1851,0.8010,-4.89,1.27,-0.52,0.9886,0.0114
upper_back_still,27488,23340,0.5398,0.1782,0.8062,-4.99,-0.36,-0.23,0.9864,0.0136
upper_back_still,27500,23352,0.5420,0.1797,0.7976,-4.50,-1.73,-0.07,0.9809,0.0191
upper_back_still,27512,23364,0.5435,0.1738,0.7915,-3.53,-2.47,0.38,0.9757,0.0243
upper_back_still,27524,23376,0.5376,0.1812,0.7864,-2.75,-2.73,0.58,0.9696,0.0304
upper_back_still,27536,23388,0.5388,0.1865,0.7791,-1.95,-3.06,0.23,0.9654,0.0346
upper_back_still,27548,23400,0.5383,0.1841,0.7688,-1.79,-1.73,-0.32,0.9564,0.0436
upper_back_still,27560,23412,0.5281,0.1860,0.7732,-1.50,-0.89,-0.62,0.9546,0.0454
upper_back_still,27617,23469,0.5293,0.1729,0.7932,-2.95,0.24,-1.56,0.9691,0.0309
upper_back_still,27629,23481,0.5334,0.1628,0.8022,-3.75,-1.05,-1.05,0.9771,0.0229
upper_back_still,27641,23493,0.5317,0.1587,0.7820,-4.63,-1.69,-0.21,0.9589,0.0411
upper_back_still,27653,23505,0.5369,0.1626,0.7837,-4.95,-1.38,0.40,0.9638,0.0362
upper_back_still,27665,23517,0.5269,0.1670,0.7688,-5.29,-1.24,0.76,0.9468,0.0532
upper_back_still,27677,23529,0.5286,0.1687,0.7710,-5.06,-1.09,0.73,0.9499,0.0501
upper_back_still,27689,23541,0.5283,0.1716,0.7737,-4.82,-1.40,0.58,0.9525,0.0475
upper_back_still,27701,23553,0.5288,0.1738,0.7722,-4.45,-1.45,0.81,0.9519,0.0481
upper_back_still,27713,23565,0.5266,0.1785,0.7759,-4.54,-1.00,0.32,0.9545,0.0455
upper_back_still,27725,23577,0.5300,0.1770,0.7834,-4.45,-0.66,0.06,0.9623,0.0377
upper_back_still,27762,23614,0.5271,0.1846,0.7937,-6.76,-0.40,0.00,0.9705,0.0295
upper_back_still,27774,23626,0.5361,0.1802,0.7769,-6.85,-0.95,0.16,0.9609,0.0391
upper_back_still,27786,23638,0.5332,0.1760,0.7781,-6.68,-0.60,0.25,0.9595,0.0405
upper_back_still,27798,23650,0.5315,0.1729,0.7778,-5.83,-0.70,0.11,0.9578,0.0422
upper_back_still,27810,23662,0.5347,0.1768,0.7688,-4.99,-0.63,0.16,0.9530,0.0470
upper_back_still,27822,23674,0.5332,0.1709,0.7788,-4.27,0.14,0.31,0.9592,0.0408
upper_back_still,27834,23686,0.5364,0.1785,0.7791,-4.51,0.31,0.20,0.9625,0.0375
upper_back_still,27846,23698,0.5374,0.1790,0.7739,-4.34,0.85,0.01,0.9590,0.0410
upper_back_still,27858,23710,0.5283,0.1794,0.7891,-4.29,0.83,-0.11,0.9664,0.0336
upper_back_still,27870,23722,0.5344,0.1797,0.7822,-4.25,-0.60,0.01,0.9642,0.0358
upper_back_still,27898,23750,0.5369,0.1787,0.7729,-3.17,0.46,-0.57,0.9579,0.0421
upper_back_still,27910,23762,0.5378,0.1790,0.7842,-3.32,1.24,-0.81,0.9676,0.0324
upper_back_still,27922,23774,0.5352,0.1758,0.7844,-3.92,0.64,-0.68,0.9657,0.0343
upper_back_still,27934,23786,0.5310,0.1785,0.7913,-4.34,0.10,-1.05,0.9695,0.0305
upper_back_still,27946,23798,0.5417,0.1807,0.8032,-5.40,-0.66,-0.54,0.9855,0.0145
upper_back_still,27958,23810,0.5481,0.1755,0.7952,-6.11,-0.27,-0.50,0.9816,0.0184
upper_back_still,27970,23822,0.5344,0.1755,0.7905,-6.16,-0.41,-0.19,0.9702,0.0298
upper_back_still,27982,23834,0.5396,0.1648,0.7888,-5.68,-1.34,0.23,0.9698,0.0302
upper_back_still,27994,23846,0.5339,0.1714,0.7869,-5.66,-2.44,0.50,0.9662,0.0338
upper_back_still,28006,23858,0.5344,0.1692,0.7773,-5.25,-2.06,0.61,0.9584,0.0416
upper_back_still,28039,23891,0.5342,0.1709,0.7761,-4.85,-0.53,0.09,0.9576,0.0424
upper_back_still,28051,23903,0.5342,0.1682,0.7805,-4.51,-0.05,0.15,0.9607,0.0393
upper_back_still,28063,23915,0.5298,0.1772,0.7881,-4.66,-0.96,0.20,0.9660,0.0340
upper_back_still,28075,23927,0.5266,0.1770,0.7891,-5.10,-1.55,0.20,0.9650,0.0350
upper_back_still,28087,23939,0.5339,0.1697,0.7798,-5.56,-2.18,-0.21,0.9602,0.0398
upper_back_still,28099,23951,0.5269,0.1714,0.7729,-5.98,-1.53,-0.09,0.9510,0.0490
upper_back_still,28111,23963,0.5264,0.1763,0.7712,-6.18,-0.48,-0.20,0.9502,0.0498
upper_back_still,28123,23975,0.5342,0.1780,0.7781,-6.69,-0.33,-0.23,0.9604,0.0396
upper_back_still,28135,23987,0.5232,0.1753,0.7664,-6.44,-1.68,-0.85,0.9443,0.0557
upper_back_still,28147,23999,0.5320,0.1729,0.7673,-6.34,-2.27,-1.17,0.9496,0.0504
upper_back_still,28175,24027,0.5310,0.1694,0.7627,-6.66,2.08,-1.77,0.9447,0.0553
upper_back_still,28187,24039,0.5298,0.1648,0.7610,-5.44,3.14,-2.17,0.9418,0.0582
upper_back_still,28199,24051,0.5264,0.1646,0.7783,-4.18,2.78,-2.07,0.9539,0.0461
upper_back_still,28211,24063,0.5312,0.1768,0.7947,-3.38,3.21,-1.96,0.9721,0.0279
upper_back_still,28223,24075,0.5271,0.1768,0.7964,-2.32,3.53,-2.32,0.9712,0.0288
upper_back_still,28235,24087,0.5225,0.1780,0.8047,-1.85,2.16,-2.33,0.9758,0.0242
upper_back_still,28247,24099,0.5286,0.1748,0.7949,-1.82,0.34,-2.23,0.9705,0.0295
upper_back_still,28259,24111,0.5359,0.1868,0.8140,-2.72,0.76,-2.23,0.9923,0.0077
upper_back_still,28271,24123,0.5408,0.1824,0.8003,-4.44,1.02,-2.31,0.9829,0.0171
upper_back_still,28283,24135,0.5437,0.1797,0.7910,-5.72,0.55,-1.79,0.9765,0.0235
upper_back_still,28316,24168,0.5403,0.1729,0.7869,-5.49,0.50,0.23,0.9700,0.0300
upper_back_still,28328,24180,0.5366,0.1790,0.7859,-5.50,-0.50,0.83,0.9683,0.0317
upper_back_still,28340,24192,0.5337,0.1719,0.7913,-5.48,-1.50,1.04,0.9698,0.0302
upper_back_still,28352,24204,0.5293,0.1646,0.7778,-5.71,-1.78,1.28,0.9551,0.0449
upper_back_still,28364,24216,0.5391,0.1716,0.7781,-5.53,-1.47,1.57,0.9620,0.0380
upper_back_still,28376,24228,0.5317,0.1790,0.7820,-5.70,-1.04,1.03,0.9624,0.0376
upper_back_still,28388,24240,0.5293,0.1819,0.7722,-5.56,-1.25,0.80,0.9537,0.0463
upper_back_still,28400,24252,0.5244,0.1838,0.7627,-5.36,-1.06,0.01,0.9437,0.0563
upper_back_still,28412,24264,0.5271,0.1794,0.7646,-4.62,0.21,-0.44,0.9459,0.0541
upper_back_still,28424,24276,0.5259,0.1765,0.7729,-4.33,1.58,-0.82,0.9514,0.0486
upper_back_still,28457,24309,0.5222,0.1804,0.8064,-4.47,0.80,-1.40,0.9775,0.0225
upper_back_still,28469,24321,0.5237,0.1760,0.8008,-4.70,-1.39,-1.87,0.9729,0.0271
upper_back_still,28481,24333,0.5300,0.1721,0.7791,-4.55,-2.19,-1.93,0.9579,0.0421
upper_back_still,28493,24345,0.5356,0.1667,0.7815,-4.11,-0.90,-1.98,0.9620,0.0380
upper_back_still,28505,24357,0.5400,0.1702,0.7783,-3.71,0.08,-1.56,0.9625,0.0375
upper_back_still,28517,24369,0.5327,0.1638,0.7825,-3.96,0.62,-1.39,0.9607,0.0393
upper_back_still,28529,24381,0.5356,0.1592,0.7903,-4.27,0.53,-1.21,0.9679,0.0321
upper_back_still,28541,24393,0.5312,0.1682,0.7966,-5.18,0.33,-1.09,0.9722,0.0278
upper_back_still,28553,24405,0.5320,0.1697,0.7971,-5.79,0.31,-0.85,0.9732,0.0268
upper_back_still,28565,24417,0.5356,0.1707,0.8027,-6.23,-0.60,-0.38,0.9800,0.0200
upper_back_still,28593,24445,0.5251,0.1802,0.7771,-4.86,-2.00,-0.14,0.9551,0.0449
upper_back_still,28605,24457,0.5339,0.1770,0.7844,-5.19,-1.24,-0.25,0.9653,0.0347
upper_back_still,28617,24469,0.5293,0.1787,0.7786,-5.37,0.18,-0.29,0.9583,0.0417
upper_back_still,28629,24481,0.5210,0.1787,0.7798,-5.25,0.10,-0.51,0.9547,0.0453
upper_back_still,28641,24493,0.5178,0.1826,0.7827,-4.82,-1.48,-0.70,0.9561,0.0439
upper_back_still,28653,24505,0.5315,0.1877,0.7820,-4.58,-2.19,-1.18,0.9640,0.0360
upper_back_still,28665,24517,0.5293,0.1782,0.7739,-4.73,-1.32,-1.44,0.9544,0.0456
upper_back_still,28677,24529,0.5427,0.1790,0.7700,-4.53,-0.11,-1.72,0.9589,0.0411
upper_back_still,28689,24541,0.5344,0.1711,0.7910,-4.71,1.15,-1.82,0.9698,0.0302
upper_back_still,28701,24553,0.5247,0.1804,0.7815,-4.97,0.44,-1.87,0.9584,0.0416
upper_back_still,28734,24586,0.5347,0.1760,0.7874,-5.48,0.77,-1.34,0.9679,0.0321
upper_back_still,28746,24598,0.5273,0.1750,0.7708,-5.08,0.87,-1.14,0.9502,0.0498
upper_back_still,28758,24610,0.5283,0.1755,0.7827,-4.70,-0.03,-1.06,0.9605,0.0395
upper_back_still,28770,24622,0.5327,0.1804,0.7808,-4.05,0.17,-0.89,0.9623,0.0377
upper_back_still,28782,24634,0.5386,0.1790,0.7864,-3.66,0.98,-0.80,0.9698,0.0302
upper_back_still,28794,24646,0.5371,0.1846,0.7820,-3.34,1.60,-0.79,0.9665,0.0335
upper_back_still,28806,24658,0.5361,0.1948,0.7869,-3.47,1.67,-0.92,0.9719,0.0281
upper_back_still,28818,24670,0.5459,0.2014,0.8191,-4.20,0.95,-0.83,1.0047,0.0047
upper_back_still,28830,24682,0.5254,0.1936,0.8091,-4.61,-0.72,-0.82,0.9839,0.0161
upper_back_still,28842,24694,0.5332,0.1868,0.8054,-5.57,-2.92,-0.85,0.9838,0.0162
upper_back_still,28875,24727,0.5352,0.1572,0.7749,-7.62,-3.98,-0.69,0.9548,0.0452
upper_back_still,28887,24739,0.5298,0.1565,0.7676,-7.48,-3.27,-0.50,0.9457,0.0543
upper_back_still,28899,24751,0.5420,0.1580,0.7512,-6.47,-1.53,-0.35,0.9397,0.0603
upper_back_still,28911,24763,0.5298,0.1694,0.7629,-5.52,0.82,-0.88,0.9442,0.0558
upper_back_still,28923,24775,0.5217,0.1755,0.7761,-4.84,3.00,-1.39,0.9515,0.0485
upper_back_still,28935,24787,0.5288,0.1809,0.8052,-4.77,3.46,-2.27,0.9801,0.0199
upper_back_still,28947,24799,0.5271,0.1782,0.8230,-5.43,2.07,-2.84,0.9934,0.0066
upper_back_still,28959,24811,0.5278,0.1736,0.8164,-6.65,0.21,-3.07,0.9876,0.0124
upper_back_still,28971,24823,0.5476,0.1748,0.8225,-8.46,-0.38,-2.35,1.0035,0.0035
upper_back_still,28983,24835,0.5525,0.1748,0.8271,-10.18,-0.34,-1.58,1.0099,0.0099
upper_back_still,29035,24887,0.5400,0.1804,0.7783,-8.39,-2.10,2.82,0.9644,0.0356
upper_back_still,29047,24899,0.5388,0.1711,0.7820,-8.03,-2.99,3.02,0.9649,0.0351
upper_back_still,29059,24911,0.5427,0.1733,0.7839,-7.89,-3.90,3.66,0.9691,0.0309
upper_back_still,29071,24923,0.5383,0.1899,0.7654,-7.84,-3.91,3.56,0.9548,0.0452
upper_back_still,29083,24935,0.5227,0.1833,0.7605,-7.50,-4.80,3.28,0.9408,0.0592
upper_back_still,29095,24947,0.5310,0.1753,0.7439,-6.86,-5.76,3.17,0.9306,0.0694
upper_back_still,29107,24959,0.5269,0.1836,0.7351,-5.95,-4.47,2.22,0.9229,0.0771
upper_back_still,29119,24971,0.5266,0.1797,0.7397,-4.87,-0.92,1.62,0.9257,0.0743
upper_back_still,29131,24983,0.5151,0.1799,0.7439,-3.73,0.83,0.78,0.9226,0.0774
upper_back_still,29143,24995,0.5156,0.1736,0.7534,-2.83,1.34,-0.85,0.9293,0.0707
upper_back_still,29180,25032,0.5327,0.1675,0.7954,-2.52,2.89,-2.89,0.9719,0.0281
upper_back_still,29192,25044,0.5222,0.1602,0.7839,-2.43,2.33,-3.41,0.9555,0.0445
upper_back_still,29204,25056,0.5266,0.1604,0.7871,-1.73,1.73,-3.20,0.9605,0.0395
upper_back_still,29216,25068,0.5310,0.1626,0.7979,-1.85,1.18,-3.04,0.9721,0.0279
upper_back_still,29228,25080,0.5405,0.1592,0.7878,-1.94,0.63,-3.01,0.9686,0.0314
upper_back_still,29240,25092,0.5408,0.1519,0.7947,-2.53,1.28,-2.99,0.9731,0.0269
upper_back_still,29252,25104,0.5356,0.1511,0.7905,-3.40,1.85,-2.67,0.9668,0.0332
upper_back_still,29264,25116,0.5378,0.1531,0.7944,-4.23,1.29,-2.81,0.9715,0.0285
upper_back_still,29276,25128,0.5391,0.1497,0.8020,-4.62,0.90,-2.18,0.9779,0.0221
upper_back_still,29288,25140,0.5378,0.1545,0.7993,-5.01,-0.52,-1.93,0.9757,0.0243
upper_back_still,29316,25168,0.5491,0.1553,0.7756,-5.23,0.37,-0.55,0.9629,0.0371
upper_back_still,29328,25180,0.5479,0.1523,0.7896,-5.42,1.98,0.53,0.9730,0.0270
upper_back_still,29340,25192,0.5352,0.1531,0.7983,-5.75,0.63,1.50,0.9732,0.0268
upper_back_still,29352,25204,0.5386,0.1538,0.7966,-6.16,-2.38,1.86,0.9738,0.0262
upper_back_still,29364,25216,0.5449,0.1555,0.7896,-6.98,-2.66,2.37,0.9719,0.0281
upper_back_still,29376,25228,0.5315,0.1753,0.7751,-7.26,-1.37,1.93,0.9561,0.0439
upper_back_still,29388,25240,0.5276,0.1748,0.7705,-7.26,-1.45,1.31,0.9500,0.0500
upper_back_still,29400,25252,0.5271,0.1792,0.7722,-6.56,0.01,0.49,0.9520,0.0480
upper_back_still,29412,25264,0.5215,0.1750,0.7715,-5.42,0.82,-0.30,0.9475,0.0525
upper_back_still,29424,25276,0.5264,0.1699,0.7783,-4.76,0.15,-0.80,0.9548,0.0452
upper_back_still,29457,25309,0.5344,0.1760,0.7898,-5.88,1.79,-1.99,0.9697,0.0303
upper_back_still,29469,25321,0.5298,0.1736,0.7927,-6.10,2.07,-2.31,0.9691,0.0309
upper_back_still,29481,25333,0.5347,0.1707,0.7947,-5.90,0.82,-1.73,0.9729,0.0271
upper_back_still,29493,25345,0.5300,0.1777,0.7961,-4.91,-0.32,-1.77,0.9728,0.0272
upper_back_still,29505,25357,0.5371,0.1689,0.7842,-3.52,-0.95,-1.60,0.9654,0.0346
upper_back_still,29517,25369,0.5408,0.1653,0.7854,-2.69,-1.39,-1.43,0.9678,0.0322
upper_back_still,29529,25381,0.5383,0.1643,0.7888,-3.03,-1.06,-1.05,0.9690,0.0310
upper_back_still,29541,25393,0.5417,0.1665,0.7832,-3.36,0.26,-1.10,0.9668,0.0332
upper_back_still,29553,25405,0.5391,0.1687,0.7808,-4.25,1.49,-1.67,0.9637,0.0363
upper_back_still,29565,25417,0.5315,0.1743,0.7771,-4.65,1.51,-1.67,0.9575,0.0425
upper_back_still,29598,25450,0.5327,0.1575,0.7839,-4.39,-0.89,-1.45,0.9608,0.0392
upper_back_still,29610,25462,0.5215,0.1526,0.7683,-4.03,-0.92,-1.50,0.9410,0.0590
upper_back_still,29622,25474,0.5339,0.1548,0.7761,-4.25,-0.49,-1.47,0.9547,0.0453
upper_back_still,29634,25486,0.5322,0.1606,0.7764,-4.63,0.42,-1.16,0.9549,0.0451
upper_back_still,29646,25498,0.5342,0.1667,0.7822,-4.36,1.05,-0.82,0.9618,0.0382
upper_back_still,29658,25510,0.5291,0.1653,0.7791,-3.98,0.55,-0.08,0.9561,0.0439
upper_back_still,29670,25522,0.5293,0.1741,0.7810,-3.81,-0.08,-0.36,0.9594,0.0406
upper_back_still,29682,25534,0.5317,0.1677,0.7864,-3.53,-1.15,-0.56,0.9640,0.0360
upper_back_still,29694,25546,0.5305,0.1689,0.7856,-4.21,-1.15,-1.09,0.9629,0.0371
upper_back_still,29706,25558,0.5359,0.1672,0.7825,-4.77,-0.21,-1.22,0.9630,0.0370
upper_back_still,29734,25586,0.5273,0.1658,0.7844,-5.53,0.79,-0.91,0.9596,0.0404
upper_back_still,29746,25598,0.5354,0.1704,0.7791,-5.24,1.01,-1.18,0.9605,0.0395
upper_back_still,29758,25610,0.5339,0.1731,0.7864,-4.74,1.81,-1.00,0.9661,0.0339
upper_back_still,29770,25622,0.5256,0.1709,0.7817,-4.18,1.07,-0.98,0.9574,0.0426
upper_back_still,29782,25634,0.5352,0.1792,0.8027,-3.85,0.62,-1.69,0.9813,0.0187
upper_back_still,29794,25646,0.5334,0.1812,0.8047,-4.13,0.73,-1.84,0.9823,0.0177
upper_back_still,29806,25658,0.5334,0.1702,0.8005,-4.38,-0.37,-2.22,0.9769,0.0231
upper_back_still,29818,25670,0.5332,0.1694,0.8030,-4.60,-0.95,-2.23,0.9787,0.0213
upper_back_still,29830,25682,0.5376,0.1655,0.7959,-5.03,-1.66,-2.68,0.9746,0.0254
upper_back_still,29842,25694,0.5444,0.1650,0.7878,-5.35,-2.11,-2.68,0.9718,0.0282
upper_back_still,29875,25727,0.5325,0.1650,0.7839,-4.27,0.36,-2.19,0.9619,0.0381
upper_back_still,29887,25739,0.5317,0.1675,0.7812,-4.06,0.42,-2.04,0.9598,0.0402
upper_back_still,29899,25751,0.5273,0.1626,0.7856,-4.37,-0.19,-2.07,0.9601,0.0399
upper_back_still,29911,25763,0.5322,0.1675,0.7976,-4.58,-0.43,-1.69,0.9734,0.0266
upper_back_still,29923,25775,0.5266,0.1685,0.7996,-5.64,-0.63,-1.49,0.9721,0.0279
upper_back_still,29935,25787,0.5229,0.1692,0.7893,-6.32,-1.39,-1.09,0.9618,0.0382
upper_back_still,29947,25799,0.5232,0.1697,0.7871,-6.46,-1.18,-1.49,0.9602,0.0398
upper_back_still,29959,25811,0.5298,0.1763,0.7756,-6.30,-0.91,-1.35,0.9557,0.0443
upper_back_still,29971,25823,0.5256,0.1782,0.7771,-5.66,-1.05,-1.46,0.9550,0.0450
upper_back_still,29983,25835,0.5310,0.1731,0.7646,-4.69,-0.02,-1.76,0.9469,0.0531
upper_back_still,30011,25863,0.5200,0.1831,0.7727,-3.89,0.42,-2.14,0.9492,0.0508
upper_back_still,30023,25875,0.5305,0.1851,0.7859,-4.18,0.62,-2.44,0.9661,0.0339
upper_back_still,30035,25887,0.5339,0.1775,0.7952,-5.17,1.39,-2.18,0.9741,0.0259
upper_back_still,30047,25899,0.5330,0.1821,0.8025,-5.61,1.09,-1.91,0.9804,0.0196
upper_back_still,30059,25911,0.5337,0.1763,0.7949,-6.07,0.04,-1.75,0.9735,0.0265
upper_back_still,30071,25923,0.5305,0.1741,0.7930,-6.22,-1.13,-1.26,0.9698,0.0302
upper_back_still,30083,25935,0.5254,0.1726,0.7759,-6.02,-0.96,-0.87,0.9528,0.0472
upper_back_still,30095,25947,0.5327,0.1755,0.7693,-6.14,0.53,-0.75,0.9521,0.0479
upper_back_still,30107,25959,0.5220,0.1775,0.7717,-6.26,1.71,-0.13,0.9484,0.0516
upper_back_still,30119,25971,0.5317,0.1841,0.7905,-5.77,1.32,-0.43,0.9703,0.0297
upper_back_still,30152,26004,0.5291,0.1904,0.7812,-4.68,-0.12,-0.96,0.9626,0.0374
upper_back_still,30164,26016,0.5330,0.1914,0.7961,-4.91,1.29,-0.97,0.9770,0.0230
upper_back_still,30176,26028,0.5212,0.1931,0.8054,-5.52,1.66,-0.60,0.9786,0.0214
upper_back_still,30188,26040,0.5276,0.1907,0.7964,-6.27,0.23,-0.92,0.9741,0.0259
upper_back_still,30200,26052,0.5344,0.1777,0.7935,-5.82,-0.87,-0.86,0.9730,0.0270
upper_back_still,30212,26064,0.5232,0.1831,0.8044,-6.04,-2.08,-0.69,0.9769,0.0231
upper_back_still,30224,26076,0.5322,0.1807,0.7869,-5.44,-2.44,-0.57,0.9670,0.0330
upper_back_still,30236,26088,0.5337,0.1699,0.7842,-5.77,-1.26,-0.47,0.9637,0.0363
upper_back_still,30248,26100,0.5288,0.1719,0.7729,-5.47,-1.10,0.01,0.9522,0.0478
upper_back_still,30260,26112,0.5264,0.1729,0.7698,-4.66,-1.46,0.13,0.9484,0.0516
upper_back_still,30293,26145,0.5251,0.1709,0.7747,-4.48,0.18,-0.45,0.9514,0.0486
upper_back_still,30305,26157,0.5271,0.1794,0.7744,-4.23,1.04,-0.76,0.9538,0.0462
upper_back_still,30317,26169,0.5293,0.1799,0.7947,-3.90,3.03,-0.37,0.9716,0.0284
upper_back_still,30329,26181,0.5283,0.1763,0.7930,-3.30,2.51,-0.05,0.9690,0.0310
upper_back_still,30341,26193,0.5159,0.1860,0.8000,-2.55,1.43,-0.31,0.9700,0.0300
upper_back_still,30353,26205,0.5210,0.1936,0.8044,-1.97,-0.40,-0.66,0.9778,0.0222
upper_back_still,30365,26217,0.5317,0.1931,0.7981,-2.76,-0.76,-1.01,0.9783,0.0217
upper_back_still,30377,26229,0.5378,0.1895,0.7988,-3.72,-0.15,-0.81,0.9815,0.0185
upper_back_still,30389,26241,0.5374,0.1777,0.8091,-5.50,-0.33,-0.86,0.9874,0.0126
upper_back_still,30401,26253,0.5378,0.1763,0.8022,-6.84,-0.85,-0.63,0.9818,0.0182
upper_back_still,30453,26305,0.5278,0.1511,0.7866,-7.18,-2.78,0.67,0.9593,0.0407
upper_back_still,30465,26317,0.5244,0.1511,0.7722,-5.85,-3.98,0.66,0.9456,0.0544
upper_back_still,30477,26329,0.5334,0.1472,0.7793,-4.84,-3.66,0.72,0.9558,0.0442
upper_back_still,30489,26341,0.5322,0.1567,0.7722,-4.73,-2.67,1.06,0.9509,0.0491
upper_back_still,30501,26353,0.5229,0.1614,0.7664,-4.14,-1.67,0.89,0.9417,0.0583
upper_back_still,30513,26365,0.5234,0.1658,0.7703,-4.04,-0.55,0.68,0.9459,0.0541
upper_back_still,30525,26377,0.5347,0.1763,0.7725,-3.91,0.11,0.45,0.9558,0.0442
upper_back_still,30537,26389,0.5354,0.1938,0.7729,-4.18,1.47,0.40,0.9600,0.0400
upper_back_still,30549,26401,0.5322,0.2007,0.7964,-5.06,2.31,-0.08,0.9787,0.0213
upper_back_still,30561,26413,0.5403,0.1926,0.8035,-6.06,2.06,0.25,0.9872,0.0128
upper_back_still,30598,26450,0.5449,0.1953,0.7922,-6.11,-2.53,2.50,0.9812,0.0188
upper_back_still,30610,26462,0.5354,0.1882,0.7815,-6.27,-3.20,3.50,0.9658,0.0342
upper_back_still,30622,26474,0.5254,0.1792,0.7786,-6.63,-4.95,4.32,0.9562,0.0438
upper_back_still,30634,26486,0.5359,0.1726,0.7715,-6.60,-4.85,4.93,0.9551,0.0449
upper_back_still,30646,26498,0.5364,0.1768,0.7656,-7.36,-2.53,4.84,0.9514,0.0486
upper_back_still,30658,26510,0.5286,0.1853,0.7732,-7.49,-1.44,3.99,0.9547,0.0453
upper_back_still,30670,26522,0.5215,0.1848,0.7612,-6.82,-0.96,2.97,0.9410,0.0590
upper_back_still,30682,26534,0.5171,0.1724,0.7693,-5.09,-1.46,1.99,0.9428,0.0572
upper_back_still,30694,26546,0.5215,0.1680,0.7686,-3.47,-2.03,1.19,0.9438,0.0562
upper_back_still,30706,26558,0.5232,0.1543,0.7705,-2.14,-1.37,0.31,0.9440,0.0560
upper_back_still,30734,26586,0.5330,0.1321,0.7786,-0.44,0.15,-1.20,0.9527,0.0473
upper_back_still,30746,26598,0.5332,0.1392,0.7812,-0.50,0.18,-1.31,0.9560,0.0440
upper_back_still,30758,26610,0.5334,0.1382,0.7700,-0.97,0.14,-1.78,0.9469,0.0531
upper_back_still,30770,26622,0.5405,0.1416,0.7825,-1.50,1.82,-2.12,0.9615,0.0385
upper_back_still,30782,26634,0.5315,0.1526,0.7783,-1.51,3.01,-2.09,0.9548,0.0452
upper_back_still,30794,26646,0.5293,0.1497,0.7974,-1.73,2.60,-2.71,0.9687,0.0313
upper_back_still,30806,26658,0.5427,0.1545,0.8132,-1.34,2.04,-3.05,0.9898,0.0102
upper_back_still,30818,26670,0.5442,0.1521,0.8123,-1.21,0.40,-2.76,0.9895,0.0105
upper_back_still,30830,26682,0.5461,0.1509,0.8115,-1.45,-0.98,-2.78,0.9898,0.0102
upper_back_still,30842,26694,0.5356,0.1460,0.8022,-1.69,-1.90,-2.38,0.9756,0.0244
upper_back_still,30875,26727,0.5447,0.1548,0.7852,-4.87,-2.75,-0.87,0.9680,0.0320
upper_back_still,30887,26739,0.5447,0.1511,0.7751,-6.88,-1.69,-0.15,0.9594,0.0406
upper_back_still,30899,26751,0.5413,0.1497,0.7734,-7.87,-0.19,0.52,0.9558,0.0442
upper_back_still,30911,26763,0.5444,0.1626,0.7742,-8.47,0.08,1.27,0.9603,0.0397
upper_back_still,30923,26775,0.5315,0.1636,0.7861,-8.23,0.30,1.47,0.9629,0.0371
upper_back_still,30935,26787,0.5391,0.1714,0.7996,-8.07,0.51,1.39,0.9794,0.0206
upper_back_still,30947,26799,0.5227,0.1699,0.7935,-7.17,-0.49,1.08,0.9652,0.0348
upper_back_still,30959,26811,0.5347,0.1689,0.7917,-6.90,-2.69,0.64,0.9702,0.0298
upper_back_still,30971,26823,0.5273,0.1631,0.7876,-7.42,-3.87,0.47,0.9618,0.0382
upper_back_still,30983,26835,0.5342,0.1626,0.7805,-8.04,-4.13,0.19,0.9597,0.0403
upper_back_still,31016,26868,0.5371,0.1589,0.7573,-9.34,-2.44,-0.88,0.9420,0.0580
upper_back_still,31028,26880,0.5325,0.1638,0.7585,-9.36,-2.02,-0.79,0.9411,0.0589
upper_back_still,31040,26892,0.5342,0.1614,0.7458,-8.71,-0.33,-1.15,0.9315,0.0685
upper_back_still,31052,26904,0.5308,0.1636,0.7471,-8.91,0.53,-1.01,0.9309,0.0691
upper_back_still,31064,26916,0.5264,0.1682,0.7566,-8.98,0.82,-1.18,0.9369,0.0631
upper_back_still,31076,26928,0.5325,0.1770,0.7678,-8.85,2.86,-1.66,0.9510,0.0490
upper_back_still,31088,26940,0.5298,0.1731,0.7881,-8.00,3.96,-1.76,0.9653,0.0347
upper_back_still,31100,26952,0.5308,0.1719,0.7842,-6.37,3.03,-2.21,0.9624,0.0376
upper_back_still,31112,26964,0.5361,0.1721,0.7954,-4.39,2.11,-2.13,0.9745,0.0255
upper_back_still,31124,26976,0.5310,0.1682,0.7881,-2.72,2.21,-2.50,0.9651,0.0349
upper_back_still,31152,27004,0.5452,0.1689,0.7939,-0.06,1.04,-2.64,0.9778,0.0222
upper_back_still,31164,27016,0.5396,0.1650,0.7859,0.51,-0.08,-3.03,0.9675,0.0325
upper_back_still,31176,27028,0.5508,0.1665,0.7827,0.26,0.94,-2.98,0.9715,0.0285
upper_back_still,31188,27040,0.5500,0.1636,0.7993,-0.77,1.70,-2.99,0.9840,0.0160
upper_back_still,31200,27052,0.5498,0.1670,0.7964,-1.86,1.21,-3.05,0.9820,0.0180
upper_back_still,31212,27064,0.5408,0.1729,0.7891,-3.52,0.83,-3.15,0.9721,0.0279
upper_back_still,31224,27076,0.5422,0.1682,0.8079,-4.37,1.18,-2.87,0.9874,0.0126
upper_back_still,31236,27088,0.5337,0.1694,0.7861,-4.73,0.46,-2.56,0.9652,0.0348
upper_back_still,31248,27100,0.5376,0.1638,0.7859,-4.80,-0.87,-2.67,0.9662,0.0338
upper_back_still,31260,27112,0.5251,0.1580,0.7903,-5.45,-2.30,-2.58,0.9619,0.0381
upper_back_still,31293,27145,0.5342,0.1597,0.7788,-6.71,1.20,-2.12,0.9578,0.0422
upper_back_still,31305,27157,0.5332,0.1562,0.7786,-6.00,0.56,-1.70,0.9565,0.0435
upper_back_still,31317,27169,0.5327,0.1616,0.7771,-4.86,-0.28,-1.33,0.9559,0.0441
upper_back_still,31329,27181,0.5269,0.1665,0.7769,-4.27,0.08,-0.95,0.9533,0.0467
upper_back_still,31341,27193,0.5332,0.1775,0.7683,-3.89,2.81,-1.12,0.9519,0.0481
upper_back_still,31353,27205,0.5251,0.1729,0.7932,-3.71,4.07,-1.33,0.9669,0.0331
upper_back_still,31365,27217,0.5288,0.1853,0.8118,-4.16,2.50,-1.34,0.9864,0.0136
upper_back_still,31377,27229,0.5242,0.1909,0.8091,-4.63,0.27,-1.92,0.9828,0.0172
upper_back_still,31389,27241,0.5339,0.1816,0.8064,-5.44,-0.74,-1.97,0.9841,0.0159
upper_back_still,31401,27253,0.5396,0.1807,0.7920,-5.99,-1.05,-2.11,0.9752,0.0248
upper_back_still,31429,27281,0.5364,0.1667,0.7664,-6.53,-0.33,-1.93,0.9502,0.0498
upper_back_still,31441,27293,0.5359,0.1733,0.7771,-6.39,2.37,-1.96,0.9597,0.0403
upper_back_still,31453,27305,0.5229,0.1707,0.7832,-5.54,1.94,-2.36,0.9571,0.0429
upper_back_still,31465,27317,0.5208,0.1653,0.7876,-4.49,1.02,-3.27,0.9585,0.0415
upper_back_still,31477,27329,0.5249,0.1677,0.7891,-4.02,0.36,-3.37,0.9624,0.0376
upper_back_still,31489,27341,0.5203,0.1748,0.7966,-3.57,0.21,-3.84,0.9674,0.0326
upper_back_still,31501,27353,0.5237,0.1648,0.7954,-3.64,0.00,-4.05,0.9665,0.0335
upper_back_still,31513,27365,0.5234,0.1589,0.7852,-3.13,-0.29,-3.95,0.9569,0.0431
upper_back_still,31525,27377,0.5293,0.1594,0.7744,-2.98,-0.86,-3.55,0.9515,0.0485
upper_back_still,31537,27389,0.5396,0.1624,0.7676,-2.89,0.48,-3.05,0.9522,0.0478
upper_back_still,31570,27422,0.5322,0.1685,0.8040,-5.51,1.90,-1.88,0.9788,0.0212
upper_back_still,31582,27434,0.5403,0.1768,0.7986,-7.40,1.56,-1.21,0.9802,0.0198
upper_back_still,31594,27446,0.5273,0.1741,0.7981,-8.60,0.64,-1.09,0.9723,0.0277
upper_back_still,31606,27458,0.5288,0.1814,0.7996,-8.76,0.36,-0.41,0.9756,0.0244
upper_back_still,31618,27470,0.5251,0.1833,0.7798,-8.08,0.07,-0.41,0.9578,0.0422
upper_back_still,31630,27482,0.5281,0.1802,0.7935,-6.27,0.64,0.00,0.9700,0.0300
upper_back_still,31642,27494,0.5256,0.1816,0.7993,-4.71,-0.50,0.21,0.9738,0.0262
upper_back_still,31654,27506,0.5242,0.1838,0.7827,-3.70,-2.40,0.27,0.9598,0.0402
upper_back_still,31666,27518,0.5332,0.1858,0.7666,-3.73,-1.37,-0.22,0.9521,0.0479
upper_back_still,31678,27530,0.5315,0.1775,0.7817,-4.14,0.76,-0.76,0.9618,0.0382
upper_back_still,31711,27563,0.5291,0.1775,0.7854,-5.02,0.50,-1.57,0.9635,0.0365
upper_back_still,31723,27575,0.5315,0.1780,0.7822,-4.64,0.76,-1.55,0.9623,0.0377
upper_back_still,31735,27587,0.5208,0.1812,0.7849,-3.69,0.76,-1.25,0.9592,0.0408
upper_back_still,31747,27599,0.5286,0.1836,0.7874,-2.64,0.06,-1.08,0.9659,0.0341
upper_back_still,31759,27611,0.5200,0.1826,0.7903,-2.21,-0.07,-0.95,0.9635,0.0365
upper_back_still,31771,27623,0.5237,0.1787,0.7864,-2.43,0.12,-0.56,0.9615,0.0385
upper_back_still,31783,27635,0.5232,0.1836,0.7983,-3.17,0.25,-0.86,0.9720,0.0280
upper_back_still,31795,27647,0.5330,0.1841,0.7927,-3.21,0.77,-0.61,0.9728,0.0272
upper_back_still,31807,27659,0.5215,0.1765,0.7993,-3.30,-0.16,-0.34,0.9706,0.0294
upper_back_still,31819,27671,0.5186,0.1868,0.7942,-2.93,-0.56,-0.22,0.9667,0.0333
upper_back_still,31871,27723,0.5361,0.1814,0.8083,-6.28,-0.66,1.52,0.9868,0.0132
upper_back_still,31883,27735,0.5293,0.1799,0.7937,-7.06,-0.42,1.67,0.9708,0.0292
upper_back_still,31895,27747,0.5195,0.1697,0.7856,-7.01,-0.48,1.44,0.9570,0.0430
upper_back_still,31907,27759,0.5291,0.1682,0.7961,-6.00,-0.22,1.55,0.9706,0.0294
upper_back_still,31919,27771,0.5159,0.1743,0.8044,-5.24,-0.53,1.79,0.9714,0.0286
upper_back_still,31931,27783,0.5234,0.1787,0.7957,-4.84,-1.02,1.53,0.9690,0.0310
upper_back_still,31943,27795,0.5283,0.1716,0.8088,-4.96,-2.04,1.17,0.9812,0.0188
upper_back_still,31955,27807,0.5193,0.1702,0.7920,-5.18,-1.98,0.72,0.9622,0.0378
upper_back_still,31967,27819,0.5259,0.1709,0.8005,-5.84,-1.54,0.08,0.9729,0.0271
upper_back_still,31979,27831,0.5291,0.1753,0.7957,-6.70,-0.66,-0.33,0.9714,0.0286
upper_back_still,32016,27868,0.5259,0.1619,0.7991,-5.95,-5.54,-1.19,0.9702,0.0298
upper_back_still,32028,27880,0.5408,0.1570,0.7961,-6.27,-6.09,-0.87,0.9752,0.0248
upper_back_still,32040,27892,0.5261,0.1606,0.7791,-6.39,-3.93,-0.37,0.9537,0.0463
upper_back_still,32052,27904,0.5212,0.1572,0.7673,-6.09,-3.64,-0.82,0.9409,0.0591
upper_back_still,32064,27916,0.5291,0.1726,0.7727,-5.49,-2.51,-0.74,0.9522,0.0478
upper_back_still,32076,27928,0.5276,0.1716,0.7703,-5.60,-2.02,-1.21,0.9493,0.0507
upper_back_still,32088,27940,0.5239,0.1721,0.7671,-5.28,-2.05,-1.21,0.9447,0.0553
upper_back_still,32100,27952,0.5288,0.1755,0.7642,-5.56,-2.18,-0.86,0.9457,0.0543
upper_back_still,32112,27964,0.5303,0.1729,0.7654,-6.20,-1.00,-0.82,0.9470,0.0530
upper_back_still,32124,27976,0.5288,0.1775,0.7844,-6.37,-0.61,-0.77,0.9625,0.0375
upper_back_still,32152,28004,0.5369,0.1765,0.7776,-6.05,0.05,-0.92,0.9613,0.0387
upper_back_still,32164,28016,0.5298,0.1733,0.7803,-6.21,-0.39,-1.31,0.9589,0.0411
upper_back_still,32176,28028,0.5266,0.1790,0.7849,-6.43,-0.38,-1.76,0.9620,0.0380
upper_back_still,32188,28040,0.5339,0.1741,0.7871,-6.31,0.64,-2.21,0.9669,0.0331
upper_back_still,32200,28052,0.5334,0.1641,0.7871,-6.12,0.96,-2.41,0.9649,0.0351
upper_back_still,32212,28064,0.5291,0.1555,0.8054,-6.02,0.40,-2.34,0.9761,0.0239
upper_back_still,32224,28076,0.5342,0.1477,0.7891,-5.60,-0.37,-2.54,0.9643,0.0357
upper_back_still,32236,28088,0.5266,0.1543,0.7954,-4.82,-1.11,-2.27,0.9663,0.0337
upper_back_still,32248,28100,0.5388,0.1606,0.7817,-4.58,-1.09,-2.45,0.9629,0.0371
upper_back_still,32260,28112,0.5476,0.1611,0.7827,-4.31,0.62,-1.72,0.9688,0.0312
upper_back_still,32293,28145,0.5417,0.1812,0.7859,-5.34,0.95,0.50,0.9716,0.0284
upper_back_still,32305,28157,0.5420,0.1736,0.7961,-5.80,-0.38,1.18,0.9786,0.0214
upper_back_still,32317,28169,0.5366,0.1753,0.7852,-6.45,-1.38,1.63,0.9670,0.0330
upper_back_still,32329,28181,0.5391,0.1794,0.7798,-6.69,-2.93,2.27,0.9648,0.0352
upper_back_still,32341,28193,0.5447,0.1736,0.7715,-7.05,-3.15,2.06,0.9602,0.0398
upper_back_still,32353,28205,0.5361,0.1780,0.7632,-6.98,-2.33,2.18,0.9495,0.0505
upper_back_still,32365,28217,0.5388,0.1714,0.7734,-6.37,-2.01,2.02,0.9581,0.0419
upper_back_still,32377,28229,0.5408,0.1648,0.7612,-5.47,-0.80,2.12,0.9482,0.0518
upper_back_still,32389,28241,0.5276,0.1628,0.7544,-4.52,0.48,1.74,0.9349,0.0651
upper_back_still,32401,28253,0.5334,0.1677,0.7632,-3.85,1.57,1.35,0.9461,0.0539
upper_back_still,32434,28286,0.5166,0.1692,0.7986,-3.70,-0.69,-0.11,0.9660,0.0340
upper_back_still,32446,28298,0.5322,0.1643,0.7825,-3.20,-0.08,-0.61,0.9605,0.0395
upper_back_still,32458,28310,0.5344,0.1577,0.7847,-2.97,1.02,-0.67,0.9624,0.0376
upper_back_still,32470,28322,0.5251,0.1633,0.7854,-2.40,1.01,-0.85,0.9588,0.0412
upper_back_still,32482,28334,0.5344,0.1548,0.7898,-2.44,0.32,-1.31,0.9661,0.0339
upper_back_still,32494,28346,0.5366,0.1479,0.7891,-2.60,1.08,-1.56,0.9656,0.0344
upper_back_still,32506,28358,0.5366,0.1504,0.7910,-3.60,0.50,-0.99,0.9676,0.0324
upper_back_still,32518,28370,0.5405,0.1497,0.8027,-4.47,-0.69,-0.92,0.9793,0.0207
upper_back_still,32530,28382,0.5374,0.1536,0.7961,-5.59,-1.27,-0.69,0.9727,0.0273
upper_back_still,32542,28394,0.5312,0.1504,0.7891,-6.36,-2.37,-0.71,0.9630,0.0370
upper_back_still,32570,28422,0.5334,0.1472,0.7893,-6.28,-2.12,-0.18,0.9640,0.0360
upper_back_still,32582,28434,0.5403,0.1536,0.7866,-6.11,-1.38,-0.13,0.9666,0.0334
upper_back_still,32594,28446,0.5320,0.1494,0.7761,-5.20,-2.26,-0.17,0.9527,0.0473
upper_back_still,32606,28458,0.5195,0.1633,0.7778,-4.46,-4.41,-0.52,0.9495,0.0505
upper_back_still,32618,28470,0.5286,0.1506,0.7395,-3.18,-4.06,-0.65,0.9214,0.0786
upper_back_still,32630,28482,0.5371,0.1587,0.7600,-3.15,-0.82,-0.96,0.9441,0.0559
upper_back_still,32642,28494,0.5347,0.1677,0.7739,-4.43,2.02,-1.51,0.9555,0.0445
upper_back_still,32654,28506,0.5298,0.1643,0.7744,-5.37,3.44,-1.89,0.9526,0.0474
upper_back_still,32666,28518,0.5212,0.1770,0.7903,-5.90,1.80,-2.64,0.9631,0.0369
upper_back_still,32678,28530,0.5283,0.1711,0.7820,-6.24,1.55,-2.97,0.9591,0.0409
upper_back_still,32711,28563,0.5420,0.1790,0.7991,-6.31,3.34,-3.55,0.9820,0.0180
upper_back_still,32723,28575,0.5374,0.1765,0.7974,-6.37,3.44,-3.18,0.9776,0.0224
upper_back_still,32735,28587,0.5305,0.1724,0.7991,-5.07,1.53,-3.01,0.9745,0.0255
upper_back_still,32747,28599,0.5400,0.1724,0.8030,-4.24,-1.25,-2.84,0.9829,0.0171
upper_back_still,32759,28611,0.5496,0.1697,0.7944,-3.73,-1.58,-2.21,0.9808,0.0192
upper_back_still,32771,28623,0.5510,0.1663,0.7834,-3.92,-0.73,-1.64,0.9721,0.0279
upper_back_still,32783,28635,0.5469,0.1760,0.7761,-3.98,-0.47,-1.21,0.9656,0.0344
upper_back_still,32795,28647,0.5400,0.1743,0.7778,-4.34,-0.60,-0.90,0.9628,0.0372
upper_back_still,32807,28659,0.5486,0.1780,0.7795,-5.24,-1.71,-0.79,0.9697,0.0303
upper_back_still,32819,28671,0.5361,0.1780,0.7754,-5.06,1.54,-1.03,0.9593,0.0407
upper_back_still,32852,28704,0.5347,0.1758,0.7883,-4.73,1.08,-2.53,0.9686,0.0314
upper_back_still,32864,28716,0.5195,0.1782,0.7883,-4.85,2.05,-2.75,0.9608,0.0392
upper_back_still,32876,28728,0.5210,0.1680,0.7842,-4.12,0.56,-3.46,0.9563,0.0437
upper_back_still,32888,28740,0.5281,0.1648,0.7693,-3.31,-0.29,-3.19,0.9475,0.0525
upper_back_still,32900,28752,0.5305,0.1675,0.7708,-2.84,0.26,-2.72,0.9506,0.0494
upper_back_still,32912,28764,0.5352,0.1741,0.7554,-1.93,2.94,-2.53,0.9420,0.0580
upper_back_still,32924,28776,0.5374,0.1802,0.7896,-1.24,5.22,-2.47,0.9719,0.0281
upper_back_still,32936,28788,0.5327,0.1851,0.7976,-0.66,5.29,-1.89,0.9768,0.0232
upper_back_still,32948,28800,0.5293,0.1836,0.8027,-0.88,2.68,-1.24,0.9789,0.0211
upper_back_still,32960,28812,0.5229,0.1836,0.7976,-1.53,0.28,-1.03,0.9713,0.0287
upper_back_still,32988,28840,0.5400,0.1731,0.7979,-4.73,0.38,-0.05,0.9789,0.0211
upper_back_still,33000,28852,0.5391,0.1650,0.8125,-7.22,0.59,0.59,0.9889,0.0111
upper_back_still,33012,28864,0.5356,0.1572,0.7949,-8.82,-1.08,1.11,0.9714,0.0286
upper_back_still,33024,28876,0.5286,0.1521,0.7881,-9.38,-0.80,1.86,0.9610,0.0390
upper_back_still,33036,28888,0.5305,0.1501,0.7935,-10.04,-0.27,1.83,0.9662,0.0338
upper_back_still,33048,28900,0.5198,0.1516,0.7898,-10.31,-0.60,1.82,0.9576,0.0424
upper_back_still,33060,28912,0.5195,0.1465,0.7773,-9.55,-1.00,1.34,0.9464,0.0536
upper_back_still,33072,28924,0.5195,0.1536,0.7810,-8.24,-0.97,0.70,0.9505,0.0495
upper_back_still,33084,28936,0.5176,0.1663,0.7742,-7.26,-0.47,-0.23,0.9460,0.0540
upper_back_still,33096,28948,0.5159,0.1641,0.7776,-6.73,0.32,-1.60,0.9475,0.0525
upper_back_still,33129,28981,0.5176,0.1719,0.8030,-7.27,3.26,-4.26,0.9707,0.0293
upper_back_still,33141,28993,0.5244,0.1721,0.8118,-6.85,2.86,-5.21,0.9816,0.0184
upper_back_still,33153,29005,0.5220,0.1682,0.8123,-5.93,2.08,-5.57,0.9801,0.0199
upper_back_still,33165,29017,0.5232,0.1716,0.8047,-4.57,0.70,-5.47,0.9750,0.0250
upper_back_still,33177,29029,0.5310,0.1685,0.8052,-3.66,-1.52,-5.31,0.9791,0.0209
upper_back_still,33189,29041,0.5327,0.1670,0.8005,-3.76,-1.74,-5.13,0.9760,0.0240
upper_back_still,33201,29053,0.5420,0.1719,0.7908,-4.79,-2.06,-4.21,0.9740,0.0260
upper_back_still,33213,29065,0.5361,0.1694,0.7852,-5.73,-1.78,-3.89,0.9657,0.0343
upper_back_still,33225,29077,0.5305,0.1685,0.7715,-6.17,-1.32,-3.47,0.9513,0.0487
upper_back_still,33237,29089,0.5312,0.1738,0.7737,-5.53,-1.00,-2.82,0.9545,0.0455
upper_back_still,33289,29141,0.5225,0.1809,0.7834,-3.18,-2.11,1.27,0.9589,0.0411
upper_back_still,33301,29153,0.5217,0.1772,0.7942,-3.05,-2.66,1.74,0.9666,0.0334
upper_back_still,33313,29165,0.5203,0.1758,0.7837,-3.82,-3.02,2.36,0.9569,0.0431
upper_back_still,33325,29177,0.5212,0.1860,0.7729,-4.33,-3.18,2.31,0.9507,0.0493
upper_back_still,33337,29189,0.5232,0.1892,0.7678,-4.88,-2.20,1.91,0.9482,0.0518
upper_back_still,33349,29201,0.5266,0.1853,0.7542,-4.50,0.48,1.02,0.9383,0.0617
upper_back_still,33361,29213,0.5305,0.1826,0.7573,-3.33,2.92,0.28,0.9425,0.0575
upper_back_still,33373,29225,0.5217,0.1914,0.7935,-2.59,4.45,0.08,0.9687,0.0313
upper_back_still,33385,29237,0.5176,0.1875,0.8018,-1.87,3.96,-0.01,0.9726,0.0274
upper_back_still,33397,29249,0.5129,0.1782,0.8032,-1.11,0.84,-0.85,0.9696,0.0304
upper_back_still,33434,29286,0.5293,0.1670,0.8008,-2.50,0.46,0.33,0.9743,0.0257
upper_back_still,33446,29298,0.5325,0.1489,0.7876,-2.97,-0.72,1.00,0.9623,0.0377
upper_back_still,33458,29310,0.5337,0.1519,0.7849,-4.15,-1.86,1.85,0.9612,0.0388
upper_back_still,33470,29322,0.5271,0.1462,0.7817,-5.52,-0.12,2.51,0.9541,0.0459
upper_back_still,33482,29334,0.5305,0.1448,0.8042,-7.08,1.31,2.86,0.9742,0.0258
upper_back_still,33494,29346,0.5269,0.1460,0.8110,-8.89,0.31,2.89,0.9781,0.0219
upper_back_still,33506,29358,0.5125,0.1426,0.7893,-8.71,-1.35,2.53,0.9518,0.0482
upper_back_still,33518,29370,0.5093,0.1316,0.7793,-7.37,-3.01,2.03,0.9402,0.0598
upper_back_still,33530,29382,0.5229,0.1541,0.7805,-6.04,-2.73,1.20,0.9521,0.0479
upper_back_still,33542,29394,0.5164,0.1609,0.7729,-4.52,-1.90,0.53,0.9434,0.0566
upper_back_still,33575,29427,0.5239,0.1655,0.7576,-2.72,2.20,-1.24,0.9358,0.0642
upper_back_still,33587,29439,0.5269,0.1724,0.7893,-3.18,3.53,-1.62,0.9645,0.0355
upper_back_still,33599,29451,0.5244,0.1719,0.7922,-4.04,2.70,-2.04,0.9655,0.0345
upper_back_still,33611,29463,0.5393,0.1851,0.8025,-5.15,0.52,-2.24,0.9844,0.0156
upper_back_still,33623,29475,0.5420,0.1880,0.7917,-5.67,0.09,-2.40,0.9777,0.0223
upper_back_still,33635,29487,0.5393,0.1843,0.7905,-5.97,1.70,-2.56,0.9746,0.0254
upper_back_still,33647,29499,0.5364,0.1880,0.7949,-5.00,2.28,-2.79,0.9772,0.0228
upper_back_still,33659,29511,0.5305,0.1790,0.8088,-3.73,0.79,-2.40,0.9837,0.0163
upper_back_still,33671,29523,0.5388,0.1785,0.7991,-2.16,-2.01,-2.18,0.9801,0.0199
upper_back_still,33683,29535,0.5308,0.1763,0.7893,-1.36,-3.67,-2.11,0.9674,0.0326
upper_back_still,33711,29563,0.5347,0.1777,0.7861,-2.33,-1.11,-1.40,0.9672,0.0328
upper_back_still,33723,29575,0.5344,0.1841,0.7903,-3.27,-0.41,-1.53,0.9716,0.0284
upper_back_still,33735,29587,0.5278,0.1936,0.7949,-4.56,-1.05,-1.54,0.9736,0.0264
upper_back_still,33747,29599,0.5330,0.1890,0.7942,-4.56,-2.56,-1.37,0.9749,0.0251
upper_back_still,33759,29611,0.5251,0.1833,0.7871,-4.50,-3.54,-1.33,0.9638,0.0362
upper_back_still,33771,29623,0.5242,0.1870,0.7649,-4.44,-1.96,-1.73,0.9459,0.0541
upper_back_still,33783,29635,0.5276,0.1890,0.7871,-4.21,-0.39,-2.25,0.9662,0.0338
upper_back_still,33795,29647,0.5259,0.1841,0.7837,-4.76,-0.32,-2.69,0.9616,0.0384
upper_back_still,33807,29659,0.5249,0.1667,0.7954,-6.14,-0.12,-2.63,0.9675,0.0325
upper_back_still,33819,29671,0.5229,0.1577,0.7920,-7.11,0.47,-3.03,0.9621,0.0379
upper_back_still,33852,29704,0.5273,0.1316,0.8040,-8.47,0.34,-1.91,0.9704,0.0296
upper_back_still,33864,29716,0.5300,0.1392,0.7905,-7.69,-0.53,-0.98,0.9619,0.0381
upper_back_still,33876,29728,0.5408,0.1448,0.8013,-7.17,-1.80,0.00,0.9775,0.0225
upper_back_still,33888,29740,0.5398,0.1553,0.8037,-6.76,-2.12,0.59,0.9805,0.0195
upper_back_still,33900,29752,0.5300,0.1575,0.7769,-6.28,-2.55,0.82,0.9535,0.0465
upper_back_still,33912,29764,0.5400,0.1748,0.7688,-6.29,-2.28,0.98,0.9556,0.0444
upper_back_still,33924,29776,0.5322,0.1907,0.7725,-6.53,-1.47,0.56,0.9572,0.0428
upper_back_still,33936,29788,0.5317,0.1948,0.7805,-6.75,-0.28,-0.09,0.9643,0.0357
upper_back_still,33948,29800,0.5300,0.1936,0.7693,-6.32,-0.37,-0.35,0.9541,0.0459
upper_back_still,33960,29812,0.5308,0.1982,0.7756,-6.05,-0.53,-0.75,0.9605,0.0395
upper_back_still,33988,29840,0.5405,0.1841,0.7834,-4.24,-0.14,0.47,0.9695,0.0305
upper_back_still,34000,29852,0.5215,0.2014,0.7793,-4.34,-1.51,0.69,0.9591,0.0409
upper_back_still,34012,29864,0.5325,0.1980,0.7742,-3.69,-3.34,0.90,0.9602,0.0398
upper_back_still,34024,29876,0.5457,0.1897,0.7764,-4.02,-1.97,1.21,0.9677,0.0323
upper_back_still,34036,29888,0.5449,0.1963,0.7603,-3.92,0.66,1.95,0.9557,0.0443
upper_back_still,34048,29900,0.5327,0.2070,0.7766,-3.71,2.75,1.79,0.9642,0.0358
upper_back_still,34060,29912,0.5254,0.1985,0.7861,-2.50,1.79,1.55,0.9661,0.0339
upper_back_still,34072,29924,0.5315,0.1936,0.8105,-1.85,-0.33,1.50,0.9884,0.0116
upper_back_still,34084,29936,0.5293,0.1851,0.7898,-1.69,-1.21,0.90,0.9686,0.0314
upper_back_still,34096,29948,0.5312,0.1812,0.7883,-1.63,-0.69,0.90,0.9677,0.0323
upper_back_still,34129,29981,0.5220,0.1663,0.7927,-1.82,-0.24,1.12,0.9636,0.0364
upper_back_still,34141,29993,0.5295,0.1575,0.7839,-1.44,-1.45,1.37,0.9590,0.0410
