test_name,millis,elapsed_ms,ax_g,ay_g,az_g,gx_dps,gy_dps,gz_dps,accel_mag_g,accel_dynamic_g
walking,4150,2,0.6079,0.1741,0.8284,-19.22,6.86,-5.99,1.0421,0.0421
walking,4162,14,0.5496,0.1177,0.8176,-15.20,11.16,-2.95,0.9922,0.0078
walking,4174,26,0.4934,0.0632,0.8271,-8.06,7.97,-4.66,0.9652,0.0348
walking,4186,38,0.4277,0.0112,0.8279,-0.10,-2.22,-10.92,0.9319,0.0681
walking,4198,50,0.4180,-0.0056,0.7935,4.35,-13.17,-17.98,0.8968,0.1032
walking,4210,62,0.4287,0.0134,0.7407,5.73,-23.69,-23.52,0.8559,0.1441
walking,4222,74,0.4756,0.0532,0.6780,4.80,-29.78,-27.15,0.8299,0.1701
walking,4234,86,0.5498,0.0671,0.6184,1.27,-25.57,-26.84,0.8302,0.1698
walking,4246,98,0.5833,0.0952,0.5769,-1.82,-15.72,-24.24,0.8259,0.1741
walking,4258,110,0.6331,0.1062,0.5303,-1.60,-5.13,-20.12,0.8326,0.1674
walking,4290,142,0.5764,0.0801,0.7078,10.15,24.84,-8.16,0.9163,0.0837
walking,4302,154,0.5596,0.0771,0.8323,12.18,25.82,-6.70,1.0059,0.0059
walking,4314,166,0.6052,0.0557,0.8708,16.66,23.77,-2.58,1.0620,0.0620
walking,4326,178,0.5684,0.0408,0.9419,18.62,15.46,-1.09,1.1008,0.1008
walking,4338,190,0.5242,0.0420,0.9846,16.34,6.76,-2.21,1.1162,0.1162
walking,4350,202,0.4946,0.0227,0.9949,8.92,-5.06,-4.87,1.1113,0.1113
walking,4362,214,0.4548,0.0527,0.9397,-2.91,-13.66,-8.31,1.0453,0.0453
walking,4374,226,0.4634,0.0825,0.8601,-14.87,-20.28,-12.27,0.9805,0.0195
walking,4386,238,0.4863,0.1084,0.7517,-22.63,-21.63,-15.34,0.9018,0.0982
walking,4398,250,0.5132,0.1162,0.6423,-24.30,-20.37,-15.19,0.8303,0.1697
walking,4426,278,0.5388,0.1545,0.5532,-12.82,-3.23,-13.96,0.7876,0.2124
walking,4438,290,0.5625,0.1533,0.5691,-5.84,6.51,-13.30,0.8147,0.1853
walking,4450,302,0.5764,0.1470,0.6221,1.01,15.53,-11.30,0.8607,0.1393
walking,4462,314,0.5527,0.1614,0.6833,3.82,14.27,-8.47,0.8936,0.1064
walking,4474,326,0.5227,0.1562,0.7410,3.32,15.10,-6.19,0.9201,0.0799
walking,4486,338,0.5251,0.1499,0.7607,1.91,10.64,-5.95,0.9365,0.0635
walking,4498,350,0.5320,0.1509,0.7864,-0.56,5.44,-5.40,0.9613,0.0387
walking,4510,362,0.5337,0.1558,0.7803,-3.50,-0.20,-4.97,0.9581,0.0419
walking,4522,374,0.5503,0.1719,0.7793,-7.00,-4.80,-5.20,0.9694,0.0306
walking,4534,386,0.5625,0.1753,0.7534,-9.63,-6.38,-4.92,0.9564,0.0436
walking,4567,419,0.5728,0.1951,0.7056,-8.62,3.79,-4.68,0.9295,0.0705
walking,4579,431,0.5591,0.2107,0.7229,-4.21,5.17,-6.94,0.9378,0.0622
walking,4591,443,0.5620,0.2300,0.7671,-0.37,5.24,-8.51,0.9784,0.0216
walking,4603,455,0.5798,0.2515,0.8088,1.96,3.92,-9.51,1.0265,0.0265
walking,4615,467,0.6008,0.2769,0.8438,2.91,3.22,-9.88,1.0722,0.0722
walking,4627,479,0.6375,0.2900,0.8889,2.74,2.99,-8.47,1.1317,0.1317
walking,4639,491,0.6223,0.3010,0.9033,0.31,3.05,-7.40,1.1375,0.1375
walking,4651,503,0.5825,0.2803,0.8989,-2.44,-1.47,-6.20,1.1072,0.1072
walking,4663,515,0.5232,0.2676,0.8906,-3.79,-8.34,-8.40,1.0670,0.0670
walking,4675,527,0.5129,0.2512,0.8511,-5.38,-15.82,-11.73,1.0250,0.0250
walking,4703,555,0.6262,0.2800,0.7065,-7.08,-19.21,-13.28,0.9848,0.0152
walking,4715,567,0.6797,0.2954,0.7014,-6.86,-0.47,-12.53,1.0204,0.0204
walking,4727,579,0.7722,0.2891,0.7610,-5.95,18.34,-4.08,1.1220,0.1220
walking,4739,591,0.7935,0.2568,0.8298,-2.03,37.14,6.69,1.1765,0.1765
walking,4751,603,0.6824,0.1982,0.9224,4.46,44.69,15.05,1.1643,0.1643
walking,4763,615,0.5325,0.1191,1.0093,9.54,35.64,13.77,1.1473,0.1473
walking,4775,627,0.4041,0.0574,1.0168,10.58,17.85,6.78,1.0957,0.0957
walking,4787,639,0.3535,0.0271,0.9744,7.46,-2.97,-3.30,1.0369,0.0369
walking,4799,651,0.3767,0.0500,0.8901,1.37,-16.37,-12.37,0.9679,0.0321
walking,4811,663,0.4209,0.0989,0.7781,-2.75,-23.07,-16.93,0.8901,0.1099
walking,4844,696,0.4641,0.1941,0.6052,0.40,-12.65,-12.17,0.7870,0.2130
walking,4856,708,0.4805,0.2424,0.5854,5.05,-2.89,-5.63,0.7952,0.2048
walking,4868,720,0.4658,0.2615,0.6189,10.53,6.33,1.88,0.8176,0.1824
walking,4880,732,0.5010,0.2461,0.7231,13.53,12.24,10.50,0.9135,0.0865
walking,4892,744,0.4890,0.2297,0.7876,15.14,17.76,21.35,0.9551,0.0449
walking,4904,756,0.4102,0.2073,0.8450,15.11,18.13,26.89,0.9619,0.0381
walking,4916,768,0.3843,0.1719,0.8921,13.16,14.47,27.17,0.9864,0.0136
walking,4928,780,0.3960,0.1465,0.9065,10.26,8.59,26.98,1.0000,0.0000
walking,4940,792,0.4368,0.1392,0.9182,6.36,6.49,27.77,1.0263,0.0263
walking,4952,804,0.4382,0.1475,0.9026,1.89,5.95,27.84,1.0141,0.0141
walking,4980,832,0.3750,0.1411,0.8594,-3.25,-8.98,18.02,0.9482,0.0518
walking,4992,844,0.3865,0.1572,0.7759,-4.19,-16.76,13.18,0.8809,0.1191
walking,5004,856,0.4155,0.1753,0.7126,-4.63,-20.37,9.47,0.8434,0.1566
walking,5016,868,0.4492,0.1875,0.6455,-4.53,-19.59,7.91,0.8085,0.1915
walking,5028,880,0.4851,0.2124,0.5991,-2.82,-14.92,6.85,0.7996,0.2004
walking,5040,892,0.4902,0.2217,0.5937,-0.13,-10.26,6.98,0.8013,0.1987
walking,5052,904,0.5161,0.2314,0.6030,1.41,-3.56,7.34,0.8268,0.1732
walking,5064,916,0.5173,0.2344,0.6624,2.18,5.05,7.37,0.8725,0.1275
walking,5076,928,0.5122,0.2388,0.7095,1.39,10.78,6.60,0.9070,0.0930
walking,5088,940,0.4827,0.2268,0.7725,0.30,11.25,4.89,0.9387,0.0613
walking,5116,968,0.4666,0.2292,0.8333,-2.47,-1.21,-1.11,0.9821,0.0179
walking,5128,980,0.4717,0.2463,0.8416,-5.11,-5.97,-2.27,0.9957,0.0043
walking,5140,992,0.4783,0.2617,0.8359,-9.31,-10.04,-3.44,0.9980,0.0020
walking,5152,1004,0.4927,0.2832,0.8115,-12.85,-13.07,-3.56,0.9907,0.0093
walking,5164,1016,0.5020,0.2747,0.7793,-15.40,-13.27,-3.28,0.9668,0.0332
walking,5176,1028,0.5020,0.2747,0.7532,-16.79,-13.28,-3.05,0.9459,0.0541
walking,5188,1040,0.4893,0.2705,0.7246,-17.39,-13.60,-3.89,0.9152,0.0848
walking,5200,1052,0.5066,0.2576,0.7043,-17.61,-12.45,-6.53,0.9050,0.0950
walking,5212,1064,0.4895,0.2551,0.7041,-16.76,-11.77,-10.49,0.8947,0.1053
walking,5224,1076,0.5037,0.2603,0.7043,-15.10,-11.05,-13.55,0.9042,0.0958
walking,5257,1109,0.6050,0.2891,0.7952,-13.63,-6.02,-15.15,1.0401,0.0401
walking,5269,1121,0.6208,0.2805,0.8301,-12.85,-3.26,-14.66,1.0739,0.0739
walking,5281,1133,0.5879,0.2561,0.8853,-11.68,-2.95,-15.83,1.0931,0.0931
walking,5293,1145,0.5811,0.2485,0.9219,-10.53,-9.16,-20.82,1.1177,0.1177
walking,5305,1157,0.5828,0.2393,0.9492,-12.19,-17.72,-25.38,1.1392,0.1392
walking,5317,1169,0.5989,0.2607,0.9429,-18.27,-22.73,-29.22,1.1470,0.1470
walking,5329,1181,0.6458,0.2756,0.8999,-26.52,-20.30,-29.23,1.1414,0.1414
walking,5341,1193,0.6968,0.2786,0.8367,-33.11,-9.90,-25.40,1.1239,0.1239
walking,5353,1205,0.7273,0.2727,0.8081,-34.47,4.63,-20.22,1.1209,0.1209
walking,5365,1217,0.6799,0.2136,0.8064,-29.75,17.76,-16.29,1.0762,0.0762
walking,5393,1245,0.5125,0.1038,0.9468,-7.73,15.85,-24.36,1.0816,0.0816
walking,5405,1257,0.5176,0.1079,0.9929,-1.56,7.09,-29.62,1.1249,0.1249
walking,5417,1269,0.4958,0.0959,1.0100,-1.25,-4.39,-32.96,1.1292,0.1292
walking,5429,1281,0.4260,0.1182,0.9531,-4.28,-17.11,-37.18,1.0507,0.0507
walking,5441,1293,0.4468,0.1301,0.8262,-8.59,-29.97,-41.36,0.9482,0.0518
walking,5453,1305,0.5203,0.1428,0.7053,-13.18,-34.92,-42.37,0.8880,0.1120
walking,5465,1317,0.5713,0.1553,0.6194,-17.11,-30.64,-40.11,0.8568,0.1432
walking,5477,1329,0.5923,0.1538,0.5793,-20.31,-22.86,-35.47,0.8427,0.1573
walking,5489,1341,0.6047,0.1438,0.5339,-21.60,-9.94,-31.40,0.8194,0.1806
walking,5501,1353,0.6348,0.1223,0.5427,-20.31,3.09,-26.73,0.8441,0.1559
walking,5534,1386,0.5955,0.0444,0.7461,-4.13,30.86,-14.54,0.9556,0.0444
walking,5546,1398,0.5588,0.0437,0.8618,1.27,28.15,-15.58,1.0281,0.0281
walking,5558,1410,0.5369,0.0310,0.9695,0.49,17.28,-15.50,1.1086,0.1086
walking,5570,1422,0.5308,0.0520,1.0300,-4.28,5.22,-16.62,1.1599,0.1599
walking,5582,1434,0.4995,0.0872,1.0295,-13.48,-9.53,-17.51,1.1476,0.1476
walking,5594,1446,0.4937,0.1350,0.9548,-23.50,-23.21,-18.50,1.0833,0.0833
walking,5606,1458,0.5046,0.1582,0.8428,-31.87,-32.11,-17.38,0.9950,0.0050
walking,5618,1470,0.5110,0.1689,0.7065,-37.12,-33.15,-15.84,0.8882,0.1118
walking,5630,1482,0.4817,0.1755,0.5918,-36.70,-30.15,-14.54,0.7830,0.2170
walking,5642,1494,0.4634,0.1758,0.5134,-32.53,-26.68,-14.31,0.7136,0.2864
walking,5670,1522,0.5256,0.2061,0.4690,-13.72,-8.37,-12.34,0.7340,0.2660
walking,5682,1534,0.4856,0.2207,0.5344,-6.72,-0.04,-10.98,0.7551,0.2449
walking,5694,1546,0.5481,0.2332,0.5713,0.18,8.80,-9.02,0.8253,0.1747
walking,5706,1558,0.4946,0.2158,0.6770,6.54,10.21,-6.80,0.8658,0.1342
walking,5718,1570,0.4961,0.2056,0.7166,9.65,13.43,-6.15,0.8954,0.1046
walking,5730,1582,0.4839,0.2024,0.7964,11.44,10.03,-8.53,0.9536,0.0464
walking,5742,1594,0.4834,0.2024,0.8743,9.56,4.63,-10.98,1.0193,0.0193
walking,5754,1606,0.5491,0.2178,0.9075,5.53,-2.07,-12.40,1.0828,0.0828
walking,5766,1618,0.5747,0.2397,0.9011,-1.08,-7.90,-11.02,1.0953,0.0953
walking,5778,1630,0.5874,0.2498,0.8567,-7.13,-14.92,-9.08,1.0683,0.0683
walking,5835,1687,0.6436,0.2617,0.5950,-0.18,2.84,-9.27,0.9147,0.0853
walking,5847,1699,0.6594,0.2727,0.6340,8.09,11.72,-6.13,0.9546,0.0454
walking,5859,1711,0.6367,0.2891,0.7515,14.21,16.21,-2.43,1.0265,0.0265
walking,5871,1723,0.6421,0.2747,0.8215,12.85,18.89,2.09,1.0783,0.0783
walking,5883,1735,0.6174,0.2617,0.8818,7.67,17.69,2.78,1.1079,0.1079
walking,5895,1747,0.5962,0.2461,0.8997,1.21,14.10,2.69,1.1070,0.1070
walking,5907,1759,0.5676,0.2190,0.8953,-3.60,8.07,1.72,1.0824,0.0824
walking,5919,1771,0.5447,0.2034,0.8611,-6.07,0.22,1.07,1.0390,0.0390
walking,5931,1783,0.5542,0.1970,0.8464,-9.01,-6.54,-0.07,1.0307,0.0307
walking,5943,1795,0.6011,0.1826,0.8320,-16.84,-4.20,0.52,1.0426,0.0426
walking,5975,1827,0.7332,0.2195,0.8596,-34.90,37.17,14.45,1.1509,0.1509
walking,5987,1839,0.6812,0.1753,0.9080,-30.27,46.89,19.99,1.1485,0.1485
walking,5999,1851,0.5632,0.1162,0.9727,-21.21,47.46,19.60,1.1300,0.1300
walking,6011,1863,0.4329,0.0427,0.9812,-9.92,33.31,11.86,1.0733,0.0733
walking,6023,1875,0.3401,0.0010,1.0115,-2.15,10.98,-0.21,1.0671,0.0671
walking,6035,1887,0.3167,0.0183,0.9465,1.87,-9.29,-12.95,0.9983,0.0017
walking,6047,1899,0.3459,0.0837,0.8601,1.28,-26.55,-22.55,0.9308,0.0692
walking,6059,1911,0.4192,0.1404,0.7363,-2.56,-34.52,-27.21,0.8588,0.1412
walking,6071,1923,0.4792,0.2097,0.6206,-5.18,-29.18,-26.17,0.8117,0.1883
walking,6083,1935,0.5076,0.2715,0.5564,-5.19,-15.59,-21.09,0.8006,0.1994
walking,6111,1963,0.5015,0.3738,0.6406,7.26,15.65,-1.89,0.8953,0.1047
walking,6123,1975,0.5918,0.3516,0.7202,12.90,23.82,8.92,0.9963,0.0037
walking,6135,1987,0.6238,0.2937,0.8596,14.82,27.45,22.94,1.1020,0.1020
walking,6147,1999,0.5986,0.1755,0.8730,13.34,27.10,30.85,1.0730,0.0730
walking,6159,2011,0.4526,0.1121,0.9502,11.21,14.27,29.67,1.0584,0.0584
walking,6171,2023,0.3645,0.0940,0.9678,7.07,2.39,21.97,1.0384,0.0384
walking,6183,2035,0.3506,0.0886,0.9014,1.27,-20.25,14.73,0.9712,0.0288
walking,6195,2047,0.3650,0.1111,0.8132,-5.08,-31.23,7.08,0.8983,0.1017
walking,6207,2059,0.4536,0.1707,0.6873,-10.08,-34.60,3.02,0.8410,0.1590
walking,6219,2071,0.4639,0.2041,0.6401,-13.03,-36.13,2.88,0.8165,0.1835
walking,6252,2104,0.4736,0.2356,0.6030,-13.11,-18.10,4.32,0.8022,0.1978
walking,6264,2116,0.5205,0.2080,0.5662,-8.81,-6.70,5.41,0.7967,0.2033
walking,6276,2128,0.5508,0.1965,0.5808,-3.92,4.90,6.95,0.8242,0.1758
walking,6288,2140,0.5061,0.1833,0.6521,0.74,12.28,6.84,0.8456,0.1544
walking,6300,2152,0.4580,0.1746,0.7373,4.27,13.53,3.03,0.8854,0.1146
walking,6312,2164,0.4412,0.1716,0.8064,4.47,8.35,-2.08,0.9351,0.0649
walking,6324,2176,0.4512,0.1824,0.8511,2.47,0.02,-6.29,0.9804,0.0196
walking,6336,2188,0.4663,0.2124,0.8594,-1.53,-6.35,-10.24,1.0005,0.0005
walking,6348,2200,0.4863,0.2502,0.8530,-7.41,-10.99,-12.49,1.0133,0.0133
walking,6360,2212,0.5081,0.2708,0.8152,-13.77,-15.81,-12.34,0.9980,0.0020
walking,6388,2240,0.5088,0.3225,0.6641,-16.85,-19.82,-11.42,0.8966,0.1034
walking,6400,2252,0.5242,0.3235,0.6399,-13.54,-17.90,-10.58,0.8882,0.1118
walking,6412,2264,0.5371,0.3306,0.6206,-8.34,-15.15,-10.30,0.8848,0.1152
walking,6424,2276,0.5486,0.3301,0.6299,-3.59,-10.82,-10.50,0.8981,0.1019
walking,6436,2288,0.5715,0.3213,0.6619,-0.48,-7.02,-9.05,0.9316,0.0684
walking,6448,2300,0.6060,0.3132,0.6980,1.50,-3.23,-7.17,0.9760,0.0240
walking,6460,2312,0.6204,0.3035,0.7703,1.92,3.05,-5.29,1.0345,0.0345
walking,6472,2324,0.5947,0.2966,0.8291,1.47,7.37,-4.54,1.0626,0.0626
walking,6484,2336,0.6016,0.2756,0.9043,0.20,1.63,-3.12,1.1205,0.1205
walking,6496,2348,0.5830,0.2483,0.9521,-2.15,0.07,-3.73,1.1437,0.1437
walking,6529,2381,0.5732,0.2581,0.9241,-14.02,-30.62,-6.40,1.1176,0.1176
walking,6541,2393,0.6086,0.2615,0.8398,-22.50,-32.73,-6.99,1.0697,0.0697
walking,6553,2405,0.6885,0.2686,0.7864,-29.66,-21.18,-4.98,1.0791,0.0791
walking,6565,2417,0.7629,0.2446,0.7773,-33.69,-9.17,0.51,1.1163,0.1163
walking,6577,2429,0.7527,0.1997,0.8135,-32.90,8.75,5.98,1.1261,0.1261
walking,6589,2441,0.6516,0.1584,0.8352,-25.45,22.41,2.11,1.0711,0.0711
walking,6601,2453,0.5344,0.1160,0.9407,-15.40,20.86,-7.59,1.0881,0.0881
walking,6613,2465,0.5569,0.0881,0.9863,-6.60,11.16,-16.01,1.1361,0.1361
walking,6625,2477,0.5764,0.0937,1.0173,-1.46,3.62,-19.98,1.1730,0.1730
walking,6637,2489,0.5608,0.1116,1.0317,0.27,-6.70,-22.30,1.1796,0.1796
walking,6665,2517,0.4683,0.1416,0.8542,-6.15,-37.74,-27.64,0.9844,0.0156
walking,6677,2529,0.4966,0.1516,0.7295,-11.79,-42.58,-28.85,0.8954,0.1046
walking,6689,2541,0.5186,0.1602,0.5906,-16.88,-36.79,-28.49,0.8021,0.1979
walking,6701,2553,0.5193,0.1453,0.5071,-18.68,-25.85,-27.37,0.7402,0.2598
walking,6713,2565,0.5564,0.1531,0.4333,-16.47,-12.21,-24.03,0.7217,0.2783
walking,6725,2577,0.5833,0.1648,0.4482,-12.44,0.21,-20.98,0.7538,0.2462
walking,6737,2589,0.5847,0.1631,0.5156,-6.77,14.27,-16.27,0.7965,0.2035
walking,6749,2601,0.6016,0.1599,0.6069,-1.79,26.37,-9.74,0.8694,0.1306
walking,6761,2613,0.5701,0.1533,0.7205,2.47,31.27,-3.00,0.9314,0.0686
walking,6773,2625,0.5420,0.1418,0.8110,3.94,31.03,1.43,0.9857,0.0143
walking,6801,2653,0.4932,0.1338,0.9531,-2.85,14.51,1.18,1.0815,0.0815
walking,6813,2665,0.4700,0.1321,0.9358,-8.34,5.78,-1.66,1.0555,0.0555
walking,6825,2677,0.4612,0.1575,0.8931,-13.37,-3.21,-5.35,1.0174,0.0174
walking,6837,2689,0.4573,0.1814,0.8096,-16.95,-10.67,-8.02,0.9473,0.0527
walking,6849,2701,0.4778,0.2134,0.7231,-17.62,-14.36,-8.69,0.8926,0.1074
walking,6861,2713,0.4878,0.2263,0.6399,-15.60,-14.68,-7.47,0.8358,0.1642
walking,6873,2725,0.4868,0.2402,0.5857,-11.93,-12.31,-6.05,0.7986,0.2014
walking,6885,2737,0.4912,0.2485,0.5454,-7.38,-7.65,-4.38,0.7749,0.2251
walking,6897,2749,0.5056,0.2583,0.5444,-1.83,-4.06,-1.79,0.7866,0.2134
walking,6909,2761,0.5234,0.2490,0.5745,1.68,1.34,0.67,0.8161,0.1839
walking,6942,2794,0.5315,0.2354,0.6594,3.56,16.81,5.31,0.8790,0.1210
walking,6954,2806,0.5269,0.2224,0.6958,5.00,16.31,5.33,0.9007,0.0993
walking,6966,2818,0.5393,0.2288,0.7200,7.44,12.26,4.73,0.9282,0.0718
walking,6978,2830,0.5510,0.2283,0.7434,9.37,7.07,4.95,0.9531,0.0469
walking,6990,2842,0.5764,0.2485,0.7495,9.62,0.63,6.49,0.9776,0.0224
walking,7002,2854,0.6050,0.2490,0.7510,7.27,-2.85,8.70,0.9960,0.0040
walking,7014,2866,0.6355,0.2576,0.7363,4.14,-2.73,10.67,1.0062,0.0062
walking,7026,2878,0.6646,0.2556,0.7273,1.02,0.14,13.85,1.0178,0.0178
walking,7038,2890,0.6768,0.2656,0.7288,-1.05,4.16,15.99,1.0294,0.0294
walking,7050,2902,0.7117,0.2585,0.7576,-1.57,8.23,18.64,1.0711,0.0711
walking,7078,2930,0.6511,0.2024,0.8425,0.74,14.80,22.56,1.0839,0.0839
walking,7090,2942,0.6006,0.1958,0.8887,1.89,11.61,21.64,1.0903,0.0903
walking,7102,2954,0.5715,0.1877,0.8889,1.92,5.02,19.28,1.0733,0.0733
walking,7114,2966,0.5486,0.2048,0.8640,0.54,-4.15,15.92,1.0438,0.0438
walking,7126,2978,0.5662,0.2114,0.8086,-2.95,-10.64,12.43,1.0095,0.0095
walking,7138,2990,0.6306,0.2371,0.7734,-9.76,-2.86,12.69,1.0257,0.0257
walking,7150,3002,0.7212,0.2827,0.7686,-15.23,13.76,18.30,1.0912,0.0912
walking,7162,3014,0.7622,0.2920,0.8167,-17.93,36.46,28.33,1.1546,0.1546
walking,7174,3026,0.6660,0.2427,0.8955,-15.06,55.05,35.85,1.1421,0.1421
walking,7186,3038,0.4868,0.1833,0.9817,-6.44,54.48,34.43,1.1110,0.1110
walking,7219,3071,0.4036,0.1436,1.0129,6.61,6.67,11.83,1.0998,0.0998
walking,7231,3083,0.4880,0.1931,0.9644,3.99,2.07,9.40,1.0979,0.0979
walking,7243,3095,0.5022,0.1934,0.8901,2.56,2.27,11.51,1.0402,0.0402
walking,7255,3107,0.4446,0.1877,0.8413,4.01,0.32,13.11,0.9699,0.0301
walking,7267,3119,0.3628,0.1924,0.7551,7.87,-4.63,11.93,0.8596,0.1404
walking,7279,3131,0.3447,0.1948,0.7012,11.53,-8.08,9.52,0.8053,0.1947
walking,7291,3143,0.3855,0.2095,0.6597,14.24,-5.54,9.11,0.7922,0.2078
walking,7303,3155,0.4336,0.2356,0.6572,16.42,3.47,13.29,0.8219,0.1781
walking,7315,3167,0.4480,0.2549,0.7026,18.02,14.60,20.40,0.8714,0.1286
walking,7327,3179,0.4392,0.2495,0.7712,18.93,22.29,27.61,0.9219,0.0781
walking,7379,3231,0.3801,0.1367,0.8896,10.48,2.08,31.80,0.9771,0.0229
walking,7391,3243,0.3867,0.1377,0.8345,5.63,-5.37,26.45,0.9300,0.0700
walking,7403,3255,0.4221,0.1575,0.7664,1.24,-11.16,22.55,0.8890,0.1110
walking,7415,3267,0.4604,0.1807,0.6914,-1.92,-11.56,20.39,0.8501,0.1499
walking,7427,3279,0.4714,0.2019,0.6211,-2.47,-7.95,19.67,0.8055,0.1945
walking,7439,3291,0.4958,0.2236,0.5601,-0.16,-0.05,17.53,0.7807,0.2193
walking,7451,3303,0.5012,0.2388,0.5669,3.63,3.77,16.64,0.7935,0.2065
walking,7463,3315,0.5200,0.2368,0.6167,7.51,9.23,17.22,0.8407,0.1593
walking,7475,3327,0.5159,0.2451,0.6621,9.66,12.54,18.75,0.8744,0.1256
walking,7487,3339,0.5193,0.2454,0.7327,9.73,13.23,19.42,0.9309,0.0691
walking,7519,3371,0.4680,0.2124,0.8259,-0.33,-1.05,15.65,0.9728,0.0272
walking,7531,3383,0.4504,0.2090,0.8149,-6.00,-6.33,12.04,0.9543,0.0457
walking,7543,3395,0.4475,0.2151,0.7727,-9.84,-11.40,8.15,0.9185,0.0815
walking,7555,3407,0.4607,0.2275,0.7458,-11.95,-14.69,5.71,0.9057,0.0943
walking,7567,3419,0.4675,0.2368,0.6892,-13.40,-15.90,3.98,0.8658,0.1342
walking,7579,3431,0.4531,0.2466,0.6719,-13.06,-10.91,0.20,0.8471,0.1529
walking,7591,3443,0.4563,0.2598,0.6584,-11.56,-8.27,-2.52,0.8422,0.1578
walking,7603,3455,0.4443,0.2703,0.6462,-8.60,-7.40,-5.40,0.8295,0.1705
walking,7615,3467,0.4517,0.2988,0.6345,-4.47,-7.31,-7.85,0.8342,0.1658
walking,7627,3479,0.4824,0.3042,0.6555,-0.34,-6.90,-9.21,0.8689,0.1311
walking,7660,3512,0.5576,0.3376,0.7771,3.90,3.30,-3.40,1.0143,0.0143
walking,7672,3524,0.5796,0.3320,0.8298,3.35,7.02,0.77,1.0653,0.0653
walking,7684,3536,0.5806,0.3147,0.9138,0.67,11.82,4.39,1.1275,0.1275
walking,7696,3548,0.5566,0.2786,0.9873,-4.18,11.10,7.15,1.1671,0.1671
walking,7708,3560,0.5181,0.2544,1.0298,-8.90,5.20,6.15,1.1805,0.1805
walking,7720,3572,0.4919,0.2444,1.0237,-13.53,-10.81,4.45,1.1617,0.1617
walking,7732,3584,0.5002,0.2722,0.9666,-20.87,-20.96,2.11,1.1219,0.1219
walking,7744,3596,0.6128,0.3108,0.8704,-28.25,-22.48,2.77,1.1089,0.1089
walking,7756,3608,0.7180,0.3159,0.8047,-32.93,-7.36,9.08,1.1238,0.1238
walking,7768,3620,0.7517,0.2874,0.7944,-33.13,11.71,15.82,1.1308,0.1308
walking,7796,3648,0.5066,0.1575,0.9373,-13.00,32.26,7.80,1.0770,0.0770
walking,7808,3660,0.4690,0.1187,0.9966,-2.12,19.81,-0.58,1.1078,0.1078
walking,7820,3672,0.4792,0.1167,1.0718,3.68,9.04,-7.70,1.1798,0.1798
walking,7832,3684,0.4573,0.1396,1.0659,3.95,-6.11,-13.60,1.1682,0.1682
walking,7844,3696,0.4670,0.1675,1.0166,1.85,-20.36,-18.10,1.1312,0.1312
walking,7856,3708,0.4841,0.1775,0.9138,-1.40,-30.34,-19.85,1.0493,0.0493
walking,7868,3720,0.4998,0.1848,0.7810,-4.71,-34.97,-19.83,0.9455,0.0545
walking,7880,3732,0.5039,0.1824,0.6780,-7.31,-31.30,-18.98,0.8642,0.1358
walking,7892,3744,0.4973,0.1755,0.5901,-7.72,-22.90,-17.67,0.7914,0.2086
walking,7904,3756,0.4976,0.1758,0.5195,-4.81,-9.04,-17.88,0.7405,0.2595
walking,7937,3789,0.5669,0.1553,0.6489,12.12,19.27,-8.34,0.8755,0.1245
walking,7949,3801,0.5461,0.1584,0.7471,15.60,25.24,-3.17,0.9389,0.0611
walking,7961,3813,0.5281,0.1477,0.8379,16.43,24.37,-0.31,1.0014,0.0014
walking,7973,3825,0.5083,0.1328,0.9299,13.43,19.22,1.89,1.0681,0.0681
walking,7985,3837,0.5020,0.1345,0.9727,8.50,13.36,2.18,1.1028,0.1028
walking,7997,3849,0.4722,0.1509,0.9893,3.15,5.63,1.39,1.1065,0.1065
walking,8009,3861,0.4412,0.1648,0.9563,-1.94,-5.08,-0.40,1.0660,0.0660
walking,8021,3873,0.4287,0.1853,0.8892,-5.43,-16.44,-1.63,1.0044,0.0044
walking,8033,3885,0.4365,0.2065,0.7896,-8.68,-24.00,-1.40,0.9255,0.0745
walking,8045,3897,0.4353,0.2124,0.6777,-10.40,-26.70,-0.89,0.8330,0.1670
walking,8073,3925,0.4687,0.2383,0.4719,-6.69,-15.84,1.31,0.7066,0.2934
walking,8085,3937,0.4380,0.2258,0.4851,-1.89,-7.02,1.67,0.6915,0.3085
walking,8097,3949,0.5051,0.2126,0.4678,3.60,4.24,2.03,0.7205,0.2795
walking,8109,3961,0.5056,0.1997,0.5283,8.15,15.98,2.38,0.7581,0.2419
walking,8121,3973,0.5100,0.2048,0.6218,11.53,23.83,2.12,0.8299,0.1701
walking,8133,3985,0.4993,0.2192,0.7192,12.96,26.79,1.39,0.9026,0.0974
walking,8145,3997,0.5000,0.2312,0.7915,12.25,22.37,1.06,0.9643,0.0357
walking,8157,4009,0.5200,0.2368,0.8357,9.87,14.52,2.15,1.0124,0.0124
walking,8169,4021,0.5293,0.2458,0.8455,7.38,8.63,4.28,1.0273,0.0273
walking,8181,4033,0.5405,0.2559,0.8494,4.37,2.66,7.07,1.0388,0.0388
walking,8209,4061,0.5339,0.2461,0.7866,-3.25,-2.90,11.86,0.9820,0.0180
walking,8221,4073,0.5276,0.2407,0.7627,-6.44,-4.05,12.37,0.9581,0.0419
walking,8233,4085,0.5298,0.2354,0.7285,-8.48,-3.35,11.56,0.9310,0.0690
walking,8245,4097,0.5718,0.2361,0.7041,-8.91,-0.10,10.41,0.9372,0.0628
walking,8257,4109,0.6152,0.2319,0.7036,-6.22,4.80,11.37,0.9630,0.0370
walking,8269,4121,0.6125,0.2371,0.7178,-2.02,10.20,13.49,0.9729,0.0271
walking,8281,4133,0.5713,0.2410,0.7495,2.92,12.98,14.57,0.9727,0.0273
walking,8293,4145,0.5266,0.2424,0.8005,6.06,11.80,14.37,0.9884,0.0116
walking,8305,4157,0.5178,0.2605,0.8267,6.85,6.73,13.15,1.0096,0.0096
walking,8317,4169,0.5527,0.2810,0.8357,3.82,-0.41,12.50,1.0406,0.0406
walking,8350,4202,0.8333,0.3347,0.9312,-19.78,35.57,34.21,1.2936,0.2936
walking,8362,4214,0.7952,0.2705,1.0190,-23.66,53.54,43.15,1.3206,0.3206
walking,8374,4226,0.6228,0.1694,1.1045,-21.33,60.58,44.64,1.2793,0.2793
walking,8386,4238,0.4316,0.0779,1.1460,-15.30,43.66,36.27,1.2271,0.2271
walking,8398,4250,0.3516,0.0422,1.1372,-8.74,23.64,20.58,1.1911,0.1911
walking,8410,4262,0.3513,0.0513,1.0776,-3.28,6.65,4.15,1.1346,0.1346
walking,8422,4274,0.3401,0.0937,0.9661,2.05,-11.70,-6.95,1.0285,0.0285
walking,8434,4286,0.3853,0.1560,0.8289,7.18,-25.51,-12.62,0.9272,0.0728
walking,8446,4298,0.4209,0.2039,0.7046,11.50,-29.85,-13.78,0.8457,0.1543
walking,8458,4310,0.4578,0.2322,0.6169,13.76,-25.82,-10.75,0.8025,0.1975
walking,8486,4338,0.4683,0.2307,0.5664,15.15,15.29,-0.74,0.7703,0.2297
walking,8498,4350,0.4370,0.2625,0.6582,19.11,28.48,3.06,0.8325,0.1675
walking,8510,4362,0.4253,0.2444,0.7439,24.26,37.06,8.50,0.8911,0.1089
walking,8522,4374,0.4370,0.2258,0.8413,28.75,35.38,15.62,0.9746,0.0254
walking,8534,4386,0.4055,0.2065,0.9075,31.22,33.58,22.51,1.0152,0.0152
walking,8546,4398,0.3748,0.1982,0.9607,30.73,21.03,27.53,1.0501,0.0501
walking,8558,4410,0.3455,0.1699,0.9629,26.84,14.87,28.77,1.0370,0.0370
walking,8570,4422,0.3828,0.1462,0.8975,20.87,-2.33,28.45,0.9866,0.0134
walking,8582,4434,0.3408,0.1343,0.8503,11.96,-12.69,26.90,0.9259,0.0741
walking,8594,4446,0.3496,0.1406,0.7556,2.73,-19.41,23.24,0.8444,0.1556
walking,8627,4479,0.4233,0.2031,0.6301,-14.85,-6.92,16.72,0.7858,0.2142
walking,8639,4491,0.4211,0.2363,0.6409,-14.95,-3.93,17.18,0.8024,0.1976
walking,8651,4503,0.4497,0.2507,0.6660,-13.21,-1.02,18.44,0.8418,0.1582
walking,8663,4515,0.4724,0.2803,0.6763,-6.89,-2.60,18.92,0.8712,0.1288
walking,8675,4527,0.4790,0.2705,0.7048,-0.92,-4.50,20.33,0.8941,0.1059
walking,8687,4539,0.4678,0.2539,0.7266,2.08,-6.52,21.00,0.9007,0.0993
walking,8699,4551,0.4617,0.2417,0.7336,1.71,-6.93,20.23,0.8999,0.1001
walking,8711,4563,0.4744,0.2502,0.7654,-1.09,-5.67,18.34,0.9346,0.0654
walking,8723,4575,0.4714,0.2397,0.7617,-4.76,-4.73,15.17,0.9273,0.0727
walking,8735,4587,0.4819,0.2344,0.7839,-9.56,-4.87,11.66,0.9496,0.0504
walking,8763,4615,0.4829,0.2505,0.7759,-15.54,-2.00,4.03,0.9476,0.0524
walking,8775,4627,0.4673,0.2751,0.7903,-14.10,-7.27,0.65,0.9584,0.0416
walking,8787,4639,0.4763,0.2913,0.7856,-12.13,-11.98,-2.23,0.9638,0.0362
walking,8799,4651,0.4998,0.3057,0.7942,-11.10,-15.63,-3.76,0.9869,0.0131
walking,8811,4663,0.5288,0.3159,0.7910,-10.71,-18.60,-4.73,1.0026,0.0026
walking,8823,4675,0.5476,0.3088,0.7937,-11.06,-17.55,-5.41,1.0125,0.0125
walking,8835,4687,0.5496,0.2979,0.7810,-11.43,-14.94,-6.65,1.0004,0.0004
walking,8847,4699,0.5588,0.2969,0.7688,-10.60,-11.54,-7.62,0.9957,0.0043
walking,8859,4711,0.5491,0.2886,0.7827,-8.83,-9.05,-9.15,0.9987,0.0013
walking,8871,4723,0.5515,0.2705,0.8140,-6.36,-10.23,-10.85,1.0197,0.0197
walking,8899,4751,0.5566,0.2461,0.8049,-4.24,-21.44,-14.18,1.0091,0.0091
walking,8911,4763,0.6353,0.2681,0.7781,-7.95,-13.92,-11.85,1.0396,0.0396
walking,8923,4775,0.6765,0.2966,0.8040,-13.27,-0.89,-6.83,1.0918,0.0918
walking,8935,4787,0.7227,0.2891,0.8550,-18.28,18.88,-1.43,1.1562,0.1562
walking,8947,4799,0.6853,0.2473,0.9509,-19.09,31.37,2.29,1.1979,0.1979
walking,8959,4811,0.5757,0.1716,1.0352,-14.15,30.61,1.57,1.1968,0.1968
walking,8971,4823,0.5339,0.1372,1.0610,-6.82,16.44,-3.08,1.1957,0.1957
walking,8983,4835,0.5381,0.1055,1.0916,-0.60,3.12,-7.89,1.2215,0.2215
walking,8995,4847,0.5146,0.0981,1.0750,4.81,-13.07,-10.13,1.1958,0.1958
walking,9007,4859,0.4746,0.0991,1.0183,4.72,-31.15,-11.75,1.1278,0.1278
walking,9066,4918,0.5525,0.1470,0.5823,-17.69,-20.86,-16.49,0.8160,0.1840
walking,9078,4930,0.5535,0.1458,0.5862,-14.85,-7.35,-16.49,0.8193,0.1807
walking,9090,4942,0.5659,0.1179,0.6123,-9.18,3.26,-14.56,0.8421,0.1579
walking,9102,4954,0.5435,0.1074,0.6553,-1.56,7.72,-12.75,0.8581,0.1419
walking,9114,4966,0.5317,0.0876,0.7122,2.42,9.24,-11.10,0.8931,0.1069
walking,9126,4978,0.5264,0.0747,0.7773,4.05,11.17,-10.62,0.9418,0.0582
walking,9138,4990,0.5283,0.0713,0.8245,3.15,11.76,-9.75,0.9818,0.0182
walking,9150,5002,0.5093,0.0879,0.8496,1.90,10.82,-10.48,0.9944,0.0056
walking,9162,5014,0.4739,0.1045,0.8672,-0.49,5.90,-12.21,0.9937,0.0063
walking,9174,5026,0.4417,0.1150,0.8591,-2.82,1.08,-14.96,0.9728,0.0272
walking,9206,5058,0.4316,0.2136,0.7449,-7.45,-18.77,-20.74,0.8870,0.1130
walking,9218,5070,0.4670,0.2417,0.6860,-10.08,-20.01,-18.90,0.8644,0.1356
walking,9230,5082,0.4724,0.2510,0.6384,-12.60,-17.41,-15.68,0.8329,0.1671
walking,9242,5094,0.4907,0.2585,0.5735,-13.73,-11.56,-11.31,0.7978,0.2022
walking,9254,5106,0.5410,0.2661,0.4951,-14.15,-3.44,-8.24,0.7802,0.2198
walking,9266,5118,0.4917,0.2510,0.5447,-12.37,3.47,-4.65,0.7755,0.2245
walking,9278,5130,0.5129,0.2539,0.5723,-9.88,13.14,-1.55,0.8094,0.1906
walking,9290,5142,0.5081,0.2424,0.5981,-5.40,19.62,0.77,0.8214,0.1786
walking,9302,5154,0.4905,0.2244,0.6348,-0.53,22.50,1.83,0.8330,0.1670
walking,9314,5166,0.4900,0.2197,0.6838,3.12,20.63,1.19,0.8695,0.1305
walking,9347,5199,0.5725,0.2544,0.7483,6.38,11.40,3.11,0.9759,0.0241
walking,9359,5211,0.5703,0.2678,0.7656,3.81,10.96,5.34,0.9915,0.0085
walking,9371,5223,0.5776,0.2739,0.7644,0.54,12.11,7.21,0.9965,0.0035
walking,9383,5235,0.5984,0.2695,0.7634,-1.14,14.30,7.81,1.0067,0.0067
walking,9395,5247,0.6150,0.2637,0.7729,-2.05,18.35,8.32,1.0223,0.0223
walking,9407,5259,0.6169,0.2551,0.7983,-2.19,22.10,8.96,1.0407,0.0407
walking,9419,5271,0.6028,0.2490,0.8215,-1.17,25.24,9.75,1.0489,0.0489
walking,9431,5283,0.5867,0.2449,0.8567,1.30,26.40,9.91,1.0668,0.0668
walking,9443,5295,0.5745,0.2319,0.8794,5.19,23.73,10.69,1.0757,0.0757
walking,9455,5307,0.5586,0.2385,0.8948,8.44,20.02,11.08,1.0815,0.0815
walking,9483,5335,0.5146,0.2710,0.8582,12.73,3.03,9.08,1.0367,0.0367
walking,9495,5347,0.5781,0.3096,0.8440,9.30,3.34,9.28,1.0688,0.0688
walking,9507,5359,0.6680,0.3464,0.8311,5.28,14.92,15.09,1.1211,0.1211
walking,9519,5371,0.6997,0.3699,0.8857,-0.63,30.14,25.47,1.1878,0.1878
walking,9531,5383,0.6729,0.3442,0.9531,-5.39,43.89,36.35,1.2164,0.2164
walking,9543,5395,0.5242,0.2527,1.0205,-6.86,44.92,39.92,1.1748,0.1748
walking,9555,5407,0.4089,0.1741,1.0203,-3.66,30.73,35.37,1.1129,0.1129
walking,9567,5419,0.3528,0.1155,0.9897,-1.01,13.28,26.78,1.0571,0.0571
walking,9579,5431,0.3574,0.1008,0.9211,-0.66,-1.45,17.69,0.9932,0.0068
walking,9591,5443,0.3870,0.1191,0.8491,-2.50,-8.26,10.92,0.9407,0.0593
walking,9619,5471,0.4109,0.1753,0.6826,-1.92,-16.18,1.38,0.8158,0.1842
walking,9631,5483,0.4219,0.1870,0.6111,0.92,-11.49,-0.30,0.7658,0.2342
walking,9643,5495,0.4333,0.2195,0.6206,4.08,-5.28,0.58,0.7881,0.2119
walking,9655,5507,0.4832,0.2480,0.6094,8.94,7.90,4.23,0.8163,0.1837
walking,9667,5519,0.5129,0.2729,0.7021,15.24,22.46,11.44,0.9114,0.0886
walking,9679,5531,0.5100,0.2690,0.8223,20.86,34.16,20.14,1.0043,0.0043
walking,9691,5543,0.4639,0.2432,0.9429,25.07,37.60,26.46,1.0786,0.0786
walking,9703,5555,0.4080,0.2158,1.0254,27.38,30.83,28.82,1.1245,0.1245
walking,9715,5567,0.3474,0.1973,1.0732,26.25,19.84,26.29,1.1452,0.1452
walking,9727,5579,0.2825,0.1965,1.0647,22.56,0.16,21.22,1.1189,0.1189
walking,9760,5612,0.3650,0.2354,0.7561,-3.60,-41.90,9.37,0.8720,0.1280
walking,9772,5624,0.4316,0.2686,0.6211,-11.98,-37.10,9.72,0.8026,0.1974
walking,9784,5636,0.4431,0.2991,0.5732,-17.94,-26.79,12.48,0.7838,0.2162
walking,9796,5648,0.4812,0.3225,0.5254,-20.74,-17.14,15.88,0.7821,0.2179
walking,9808,5660,0.5024,0.3267,0.5125,-17.75,-2.24,13.28,0.7885,0.2115
walking,9820,5672,0.5134,0.2952,0.5435,-13.44,8.33,15.53,0.8038,0.1962
walking,9832,5684,0.5090,0.2600,0.5715,-7.62,16.74,17.99,0.8083,0.1917
walking,9844,5696,0.4778,0.2329,0.6055,-0.37,21.02,17.98,0.8057,0.1943
walking,9856,5708,0.4646,0.2173,0.6604,6.01,21.41,15.79,0.8362,0.1638
walking,9868,5720,0.4736,0.2102,0.7166,9.77,21.98,12.92,0.8843,0.1157
walking,9896,5748,0.4792,0.2280,0.8545,3.08,17.63,9.02,1.0059,0.0059
walking,9908,5760,0.4768,0.2307,0.9175,-6.10,8.99,6.36,1.0594,0.0594
walking,9920,5772,0.4695,0.2361,0.9607,-15.88,-0.45,4.22,1.0950,0.0950
walking,9932,5784,0.4690,0.2427,0.9241,-24.00,-11.22,1.58,1.0643,0.0643
walking,9944,5796,0.4548,0.2605,0.8711,-28.83,-22.55,-2.03,1.0166,0.0166
walking,9956,5808,0.4600,0.2776,0.8154,-31.63,-31.13,-4.23,0.9765,0.0235
walking,9968,5820,0.4827,0.2688,0.7312,-29.66,-29.85,-6.99,0.9164,0.0836
walking,9980,5832,0.4814,0.2898,0.7007,-25.43,-29.30,-8.15,0.8982,0.1018
walking,9992,5844,0.5107,0.3005,0.6980,-20.21,-25.40,-9.19,0.9156,0.0844
walking,10004,5856,0.5264,0.2988,0.6865,-13.63,-19.27,-9.82,0.9152,0.0848
walking,10037,5889,0.5283,0.2874,0.7327,2.63,-6.60,-10.15,0.9479,0.0521
walking,10049,5901,0.5149,0.2739,0.7737,3.93,-5.63,-11.31,0.9689,0.0311
walking,10061,5913,0.5195,0.2595,0.8208,2.27,-8.09,-13.74,1.0055,0.0055
walking,10073,5925,0.5420,0.2856,0.8660,-6.03,-10.34,-16.08,1.0608,0.0608
walking,10085,5937,0.5542,0.2988,0.8728,-17.26,-7.56,-16.86,1.0762,0.0762
walking,10097,5949,0.6326,0.3110,0.8650,-26.06,1.81,-15.97,1.1158,0.1158
walking,10109,5961,0.6707,0.2908,0.9116,-30.78,17.47,-10.46,1.1685,0.1685
walking,10121,5973,0.6331,0.2415,0.9951,-30.87,30.85,-5.02,1.2039,0.2039
walking,10133,5985,0.5369,0.1936,1.0488,-23.10,30.82,-8.68,1.1940,0.1940
walking,10145,5997,0.4763,0.1558,1.0964,-11.50,21.12,-16.23,1.2055,0.2055
walking,10173,6025,0.4700,0.1692,1.0872,3.14,-6.22,-28.90,1.1964,0.1964
walking,10185,6037,0.4858,0.2148,1.0293,-0.49,-14.62,-29.28,1.1583,0.1583
walking,10197,6049,0.4856,0.2449,0.9602,-6.66,-21.83,-28.15,1.1035,0.1035
walking,10209,6061,0.4766,0.2134,0.8513,-11.25,-23.96,-27.19,0.9987,0.0013
walking,10221,6073,0.4492,0.1907,0.7788,-14.04,-27.27,-26.18,0.9191,0.0809
walking,10233,6085,0.4116,0.1868,0.6650,-14.66,-32.50,-27.33,0.8041,0.1959
walking,10245,6097,0.4204,0.1824,0.5854,-14.23,-34.91,-30.33,0.7435,0.2565
walking,10257,6109,0.4768,0.1775,0.5188,-12.36,-30.85,-32.33,0.7266,0.2734
walking,10269,6121,0.5427,0.1726,0.4509,-11.15,-25.87,-29.92,0.7264,0.2736
walking,10281,6133,0.5854,0.1946,0.4956,-10.94,-18.31,-25.53,0.7914,0.2086
walking,10314,6166,0.6685,0.1995,0.5850,-4.85,16.66,-2.92,0.9104,0.0896
walking,10326,6178,0.6506,0.1733,0.6711,0.20,20.46,3.81,0.9507,0.0493
walking,10338,6190,0.6174,0.1375,0.7512,4.17,20.49,8.95,0.9821,0.0179
walking,10350,6202,0.5662,0.1013,0.8882,3.95,15.63,10.71,1.0581,0.0581
walking,10362,6214,0.5647,0.0791,0.9258,-2.67,10.95,10.11,1.0873,0.0873
walking,10374,6226,0.5278,0.0505,0.9629,-11.17,5.57,7.80,1.0992,0.0992
walking,10386,6238,0.4773,0.0437,0.9548,-18.49,-0.68,3.52,1.0684,0.0684
walking,10398,6250,0.4148,0.0435,0.9102,-22.48,-9.62,-3.67,1.0012,0.0012
walking,10410,6262,0.3755,0.0632,0.8379,-23.69,-18.42,-11.58,0.9204,0.0796
walking,10422,6274,0.3948,0.0952,0.7493,-21.34,-20.84,-20.32,0.8522,0.1478
walking,10450,6302,0.4617,0.1895,0.6450,-14.66,-11.31,-26.11,0.8155,0.1845
walking,10462,6314,0.4568,0.2102,0.6218,-12.82,-2.77,-25.89,0.7997,0.2003
walking,10474,6326,0.4578,0.2319,0.6497,-10.92,4.05,-24.83,0.8279,0.1721
walking,10486,6338,0.4565,0.2495,0.6653,-9.96,9.28,-22.90,0.8446,0.1554
walking,10498,6350,0.4565,0.2578,0.6831,-8.84,11.91,-21.56,0.8611,0.1389
walking,10510,6362,0.4775,0.2771,0.6985,-6.71,12.85,-19.20,0.8903,0.1097
walking,10522,6374,0.4919,0.2839,0.6902,-5.56,13.82,-16.28,0.8939,0.1061
walking,10534,6386,0.5032,0.2888,0.6919,-4.05,13.60,-13.39,0.9029,0.0971
walking,10546,6398,0.5168,0.2861,0.6978,-2.42,12.05,-10.69,0.9143,0.0857
walking,10558,6410,0.5300,0.2791,0.7131,-0.50,8.98,-7.71,0.9313,0.0687
walking,10644,6496,0.5562,0.2173,0.8584,3.55,8.42,5.08,1.0456,0.0456
walking,10656,6508,0.5500,0.2305,0.8728,7.75,3.77,3.77,1.0571,0.0571
walking,10668,6520,0.5608,0.2268,0.8660,10.45,-5.01,2.28,1.0563,0.0563
walking,10680,6532,0.5784,0.2444,0.8335,8.84,-9.76,0.95,1.0435,0.0435
walking,10692,6544,0.6179,0.2747,0.8171,2.52,-2.49,1.37,1.0606,0.0606
walking,10704,6556,0.6753,0.3193,0.7878,-3.63,9.52,6.66,1.0857,0.0857
walking,10716,6568,0.7148,0.3408,0.8350,-6.35,25.98,17.33,1.1508,0.1508
walking,10728,6580,0.6672,0.2856,0.9194,-8.90,38.49,26.76,1.1714,0.1714
walking,10740,6592,0.5413,0.2134,0.9932,-9.40,39.76,29.11,1.1510,0.1510
walking,10752,6604,0.4172,0.1389,1.0181,-9.49,28.75,23.49,1.1090,0.1090
walking,10798,6650,0.4324,0.1304,0.8555,-10.56,-10.83,-5.14,0.9674,0.0326
walking,10810,6662,0.4041,0.1494,0.7371,-0.59,-14.54,-12.27,0.8537,0.1463
walking,10822,6674,0.4185,0.1899,0.6692,7.66,-19.76,-15.01,0.8118,0.1882
walking,10834,6686,0.4348,0.2458,0.6418,12.35,-17.44,-14.09,0.8133,0.1867
walking,10846,6698,0.4319,0.2905,0.6763,14.55,-7.31,-9.85,0.8534,0.1466
walking,10858,6710,0.4790,0.3406,0.6821,14.33,2.75,-2.66,0.9004,0.0996
walking,10870,6722,0.4973,0.3589,0.7310,14.30,11.75,7.60,0.9542,0.0458
walking,10882,6734,0.4788,0.3323,0.8171,13.60,18.15,18.30,1.0037,0.0037
walking,10894,6746,0.4263,0.2749,0.8704,10.56,19.60,25.88,1.0074,0.0074
walking,10906,6758,0.3855,0.2151,0.9065,5.82,11.98,28.80,1.0083,0.0083
walking,10940,6792,0.3435,0.1594,0.8420,-4.63,-9.37,17.24,0.9233,0.0767
walking,10952,6804,0.3801,0.1843,0.7974,-7.76,-16.89,12.80,0.9024,0.0976
walking,10964,6816,0.4116,0.2227,0.7236,-9.02,-19.60,10.10,0.8618,0.1382
walking,10976,6828,0.4160,0.2554,0.6323,-10.72,-15.50,5.82,0.7988,0.2012
walking,10988,6840,0.4458,0.2917,0.5935,-9.42,-10.76,3.55,0.7976,0.2024
walking,11000,6852,0.4736,0.2925,0.5798,-5.05,-5.49,4.08,0.8038,0.1962
walking,11012,6864,0.5259,0.3164,0.5767,0.04,1.08,6.59,0.8421,0.1579
walking,11024,6876,0.5095,0.3025,0.6038,3.08,6.05,9.10,0.8460,0.1540
walking,11036,6888,0.4824,0.2864,0.6431,5.60,11.24,9.19,0.8534,0.1466
walking,11048,6900,0.4595,0.2441,0.6831,6.99,11.37,6.91,0.8587,0.1413
walking,11089,6941,0.4675,0.2673,0.8120,5.20,-0.82,-5.78,0.9744,0.0256
walking,11101,6953,0.4731,0.2786,0.8130,2.82,-4.45,-6.62,0.9810,0.0190
walking,11113,6965,0.4875,0.3052,0.8286,-0.97,-5.87,-7.15,1.0087,0.0087
walking,11125,6977,0.4739,0.3171,0.8315,-6.56,-8.41,-6.17,1.0083,0.0083
walking,11137,6989,0.4587,0.3159,0.7998,-11.15,-11.48,-6.15,0.9746,0.0254
walking,11149,7001,0.4509,0.3086,0.7539,-13.90,-13.79,-7.18,0.9311,0.0689
walking,11161,7013,0.4539,0.2881,0.7207,-15.36,-15.16,-7.76,0.8991,0.1009
walking,11173,7025,0.4695,0.2739,0.6887,-16.60,-14.71,-7.82,0.8774,0.1226
walking,11185,7037,0.4880,0.2603,0.6714,-16.85,-10.41,-8.96,0.8699,0.1301
walking,11197,7049,0.4900,0.2437,0.6975,-14.85,-4.95,-10.83,0.8866,0.1134
walking,11231,7083,0.4856,0.2192,0.7891,-5.56,-0.31,-19.34,0.9521,0.0479
walking,11243,7095,0.5063,0.2290,0.8364,-5.49,2.20,-22.74,1.0042,0.0042
walking,11255,7107,0.5308,0.2559,0.8809,-6.92,5.26,-25.22,1.0598,0.0598
walking,11267,7119,0.5298,0.2917,0.9358,-8.56,1.79,-26.29,1.1142,0.1142
walking,11279,7131,0.5369,0.3489,0.9866,-9.86,-7.50,-27.06,1.1761,0.1761
walking,11291,7143,0.5684,0.3904,0.9937,-14.40,-16.02,-27.25,1.2095,0.2095
walking,11303,7155,0.6182,0.4395,0.9583,-20.35,-16.47,-26.56,1.2221,0.2221
walking,11315,7167,0.6785,0.4810,0.9565,-29.14,-15.42,-20.94,1.2675,0.2675
walking,11327,7179,0.7029,0.4607,0.9353,-35.06,-1.85,-15.72,1.2574,0.2574
walking,11339,7191,0.6995,0.4165,0.9575,-36.24,8.85,-9.34,1.2568,0.2568
walking,11380,7232,0.4673,0.1804,0.9622,-6.76,-13.72,-17.02,1.0847,0.0847
walking,11392,7244,0.4067,0.1455,0.8979,-0.99,-26.40,-22.84,0.9965,0.0035
walking,11404,7256,0.4092,0.1265,0.8301,0.86,-35.22,-27.06,0.9341,0.0659
walking,11416,7268,0.4385,0.1262,0.6948,0.11,-39.01,-29.77,0.8312,0.1688
walking,11428,7280,0.4502,0.1292,0.5994,-1.58,-34.56,-30.33,0.7607,0.2393
walking,11440,7292,0.4324,0.1443,0.6003,-7.27,-30.11,-31.19,0.7538,0.2462
walking,11452,7304,0.4600,0.1375,0.5425,-11.95,-20.24,-28.61,0.7244,0.2756
walking,11464,7316,0.4827,0.1628,0.5264,-11.95,-3.44,-27.07,0.7325,0.2675
walking,11476,7328,0.5261,0.1880,0.5750,-9.12,6.21,-21.24,0.8017,0.1983
walking,11488,7340,0.5381,0.2009,0.6455,-3.18,14.90,-14.52,0.8641,0.1359
walking,11523,7375,0.4988,0.1716,0.9177,1.69,15.70,1.32,1.0585,0.0585
walking,11535,7387,0.4768,0.1589,0.9470,-4.85,8.56,2.39,1.0721,0.0721
walking,11547,7399,0.4270,0.1560,0.9473,-14.24,-1.87,1.02,1.0507,0.0507
walking,11559,7411,0.4302,0.1699,0.8958,-21.78,-8.69,-4.35,1.0081,0.0081
walking,11571,7423,0.4565,0.1770,0.8125,-25.36,-13.02,-9.31,0.9486,0.0514
walking,11583,7435,0.4756,0.2002,0.7676,-26.51,-15.79,-10.43,0.9249,0.0751
walking,11595,7447,0.4626,0.2178,0.7095,-24.01,-14.35,-12.11,0.8745,0.1255
walking,11607,7459,0.4448,0.2234,0.6726,-18.22,-10.92,-15.24,0.8368,0.1632
walking,11619,7471,0.4478,0.2334,0.6465,-11.34,-9.23,-17.69,0.8203,0.1797
walking,11631,7483,0.4517,0.2527,0.6299,-4.14,-6.70,-18.89,0.8152,0.1848
walking,11672,7524,0.4941,0.2817,0.6616,2.08,5.66,-13.55,0.8725,0.1275
walking,11684,7536,0.4963,0.2844,0.6895,1.71,8.30,-11.37,0.8959,0.1041
walking,11696,7548,0.4963,0.2810,0.6897,0.54,8.26,-9.67,0.8950,0.1050
walking,11708,7560,0.4888,0.2722,0.6960,-0.28,8.07,-9.54,0.8930,0.1070
walking,11720,7572,0.4995,0.2598,0.7141,-0.34,7.94,-10.46,0.9094,0.0906
walking,11732,7584,0.5125,0.2632,0.7258,0.48,6.94,-10.56,0.9267,0.0733
walking,11744,7596,0.5173,0.2732,0.7295,2.43,3.40,-10.28,0.9351,0.0649
walking,11756,7608,0.5374,0.2957,0.7258,4.05,0.44,-9.03,0.9503,0.0497
walking,11768,7620,0.5598,0.3005,0.7205,4.47,-0.05,-6.63,0.9606,0.0394
walking,11780,7632,0.5869,0.3015,0.7361,3.47,2.11,-3.53,0.9885,0.0115
walking,11815,7667,0.5688,0.2659,0.7979,-2.45,12.35,2.24,1.0153,0.0153
walking,11827,7679,0.5491,0.2383,0.8367,-3.66,13.34,1.15,1.0287,0.0287
walking,11839,7691,0.5242,0.2319,0.8538,-4.83,12.36,-1.59,1.0283,0.0283
walking,11851,7703,0.4890,0.2473,0.8618,-4.24,8.18,-6.06,1.0213,0.0213
walking,11863,7715,0.4983,0.2620,0.8601,-3.24,0.71,-9.69,1.0280,0.0280
walking,11875,7727,0.5422,0.3025,0.8455,-4.24,-4.23,-11.88,1.0490,0.0490
walking,11887,7739,0.6133,0.3503,0.8252,-8.62,0.56,-10.39,1.0862,0.0862
walking,11899,7751,0.6829,0.3777,0.8533,-13.60,13.24,-4.12,1.1563,0.1563
walking,11911,7763,0.6721,0.3755,0.9260,-17.85,27.90,3.02,1.2043,0.2043
walking,11923,7775,0.5991,0.3262,1.0034,-17.58,37.44,6.47,1.2133,0.2133
walking,11958,7810,0.3491,0.2190,1.0017,-2.95,-16.53,-15.47,1.0832,0.0832
walking,11970,7822,0.4167,0.2285,0.9226,-7.71,-27.11,-21.23,1.0378,0.0378
walking,11982,7834,0.4609,0.2473,0.8059,-13.04,-27.84,-21.73,0.9608,0.0392
walking,11994,7846,0.4307,0.2517,0.7002,-15.71,-25.72,-19.84,0.8597,0.1403
walking,12006,7858,0.3799,0.2297,0.6394,-14.79,-26.73,-18.61,0.7784,0.2216
walking,12018,7870,0.2908,0.2085,0.6138,-9.34,-28.73,-20.47,0.7104,0.2896
walking,12030,7882,0.3892,0.2329,0.5171,-2.05,-25.79,-20.78,0.6878,0.3122
walking,12042,7894,0.4314,0.2708,0.4885,5.15,-16.68,-18.29,0.7057,0.2943
walking,12054,7906,0.4753,0.3110,0.5125,10.34,-2.17,-10.47,0.7650,0.2350
walking,12066,7918,0.5312,0.3501,0.6016,12.41,17.21,0.58,0.8756,0.1244
walking,12107,7959,0.4541,0.2322,1.0452,11.34,40.93,31.21,1.1630,0.1630
walking,12119,7971,0.3447,0.1846,1.1975,6.86,24.70,27.53,1.2597,0.2597
walking,12131,7983,0.3455,0.1663,1.1899,0.75,-0.73,18.22,1.2502,0.2502
walking,12143,7995,0.3430,0.1729,1.1211,-8.33,-22.42,9.24,1.1851,0.1851
walking,12155,8007,0.3689,0.2173,0.9829,-18.43,-39.02,3.48,1.0721,0.0721
walking,12167,8019,0.4380,0.2561,0.8069,-26.37,-44.50,0.94,0.9531,0.0469
walking,12179,8031,0.4412,0.2861,0.6453,-30.83,-39.73,0.73,0.8324,0.1676
walking,12191,8043,0.3860,0.2910,0.6064,-32.72,-34.07,0.79,0.7755,0.2245
walking,12203,8055,0.4561,0.2998,0.4871,-29.47,-24.31,0.16,0.7315,0.2685
walking,12215,8067,0.4629,0.3105,0.4436,-20.27,-13.06,-2.15,0.7124,0.2876
walking,12279,8131,0.4507,0.3254,0.7244,11.54,6.22,-3.46,0.9131,0.0869
walking,12291,8143,0.4668,0.3201,0.7773,5.12,4.07,-2.80,0.9616,0.0384
walking,12303,8155,0.4446,0.3162,0.8552,-3.70,-2.39,-1.41,1.0144,0.0144
walking,12315,8167,0.4785,0.3059,0.8428,-12.55,-5.20,-1.45,1.0163,0.0163
walking,12327,8179,0.4834,0.2915,0.8147,-18.67,-9.95,-3.18,0.9912,0.0088
walking,12339,8191,0.4788,0.2883,0.7927,-22.21,-14.82,-4.96,0.9699,0.0301
walking,12351,8203,0.4841,0.2893,0.7610,-24.19,-18.23,-6.74,0.9472,0.0528
walking,12363,8215,0.4839,0.3010,0.7512,-24.23,-20.39,-8.47,0.9429,0.0571
walking,12375,8227,0.5127,0.3159,0.7209,-22.44,-19.37,-10.30,0.9394,0.0606
walking,12387,8239,0.5352,0.3259,0.7109,-18.73,-15.00,-9.97,0.9477,0.0523
walking,12434,8286,0.5151,0.3323,0.8630,-2.99,-3.64,-8.68,1.0586,0.0586
walking,12446,8298,0.5127,0.3342,0.9155,-2.36,-10.02,-9.99,1.1013,0.1013
walking,12458,8310,0.5122,0.3416,0.9277,-5.80,-18.08,-11.28,1.1134,0.1134
walking,12470,8322,0.5107,0.3811,0.9255,-14.78,-26.92,-9.88,1.1237,0.1237
walking,12482,8334,0.5923,0.4028,0.8728,-25.88,-17.78,-7.56,1.1291,0.1291
walking,12494,8346,0.6240,0.4070,0.8667,-32.58,-8.99,-2.79,1.1429,0.1429
walking,12506,8358,0.6880,0.3884,0.8972,-35.82,0.21,4.89,1.1955,0.1955
walking,12518,8370,0.6440,0.3389,0.9082,-35.55,12.40,9.09,1.1638,0.1638
walking,12530,8382,0.5449,0.2654,0.9351,-28.34,16.08,6.48,1.1143,0.1143
walking,12542,8394,0.4834,0.2085,0.9702,-17.99,8.82,0.82,1.1038,0.1038
walking,12576,8428,0.4502,0.1511,0.9102,3.70,-26.85,-13.88,1.0266,0.0266
walking,12588,8440,0.4521,0.1648,0.8113,4.24,-38.72,-18.85,0.9433,0.0567
walking,12600,8452,0.4949,0.1606,0.7327,0.40,-42.74,-21.90,0.8986,0.1014
walking,12612,8464,0.5132,0.1812,0.6475,-4.28,-37.56,-23.49,0.8458,0.1542
walking,12624,8476,0.5061,0.2007,0.5854,-9.00,-30.90,-22.82,0.7995,0.2005
walking,12636,8488,0.5356,0.2209,0.5349,-11.56,-17.73,-20.28,0.7886,0.2114
walking,12648,8500,0.5347,0.2256,0.5242,-9.78,-2.87,-20.38,0.7820,0.2180
walking,12660,8512,0.5710,0.2366,0.5483,-3.48,7.85,-16.03,0.8263,0.1737
walking,12672,8524,0.5867,0.2339,0.6343,3.15,18.29,-7.65,0.8951,0.1049
walking,12684,8536,0.5793,0.2366,0.7205,9.12,27.02,1.76,0.9543,0.0457
walking,12725,8577,0.4783,0.1526,1.0083,9.72,17.36,10.95,1.1264,0.1264
walking,12737,8589,0.4124,0.1506,1.0012,4.40,2.86,7.00,1.0932,0.0932
walking,12749,8601,0.4099,0.1406,0.9600,-1.76,-11.31,2.37,1.0532,0.0532
walking,12761,8613,0.3921,0.1846,0.8569,-9.62,-19.01,-5.42,0.9603,0.0397
walking,12773,8625,0.4194,0.2251,0.7585,-15.31,-25.44,-9.66,0.8955,0.1045
walking,12785,8637,0.4661,0.2476,0.6616,-17.07,-27.71,-9.11,0.8463,0.1537
walking,12797,8649,0.4834,0.2856,0.5503,-15.68,-24.63,-7.47,0.7862,0.2138
walking,12809,8661,0.4900,0.2983,0.4863,-11.63,-18.39,-6.03,0.7521,0.2479
walking,12821,8673,0.4951,0.3000,0.4595,-5.79,-8.77,-5.12,0.7391,0.2609
walking,12833,8685,0.5190,0.2976,0.4622,0.79,-0.87,-1.66,0.7560,0.2440
walking,12867,8719,0.5342,0.2908,0.5923,15.04,20.53,6.18,0.8489,0.1511
walking,12879,8731,0.5269,0.2844,0.6470,17.12,19.49,6.02,0.8815,0.1185
walking,12891,8743,0.5205,0.2764,0.7087,17.18,17.07,5.60,0.9217,0.0783
walking,12903,8755,0.5457,0.2751,0.7422,15.76,12.44,6.72,0.9614,0.0386
walking,12915,8767,0.5774,0.2842,0.7756,12.73,10.16,8.24,1.0078,0.0078
walking,12927,8779,0.5913,0.2986,0.7959,8.31,8.73,9.96,1.0355,0.0355
walking,12939,8791,0.5972,0.3096,0.8130,3.44,7.46,12.41,1.0552,0.0552
walking,12951,8803,0.5930,0.2986,0.8018,0.66,6.73,13.63,1.0410,0.0410
walking,12963,8815,0.6025,0.2729,0.8088,-1.30,7.02,14.72,1.0449,0.0449
walking,12975,8827,0.6045,0.2629,0.8193,-2.05,9.53,15.21,1.0516,0.0516
walking,13009,8861,0.5356,0.2378,0.8560,1.66,8.11,9.11,1.0374,0.0374
walking,13021,8873,0.5020,0.2415,0.8342,4.99,2.99,3.15,1.0031,0.0031
walking,13033,8885,0.5254,0.2769,0.8054,7.60,-7.53,-2.02,1.0007,0.0007
walking,13045,8897,0.6040,0.3347,0.7537,5.82,-7.18,-4.00,1.0222,0.0222
walking,13057,8909,0.6672,0.3884,0.7473,1.88,6.79,-0.58,1.0745,0.0745
walking,13069,8921,0.7368,0.4490,0.7898,-0.85,22.39,9.76,1.1697,0.1697
walking,13081,8933,0.7893,0.4773,0.8740,-4.16,45.59,21.24,1.2707,0.2707
walking,13093,8945,0.6580,0.4006,0.9758,-4.44,62.76,29.39,1.2432,0.2432
walking,13105,8957,0.4592,0.3259,1.0452,1.44,51.54,27.48,1.1872,0.1872
walking,13117,8969,0.3455,0.2666,1.0522,7.52,26.82,17.76,1.1391,0.1391
walking,13158,9010,0.4453,0.2817,0.7832,2.69,-19.29,-1.03,0.9440,0.0560
walking,13170,9022,0.4343,0.2737,0.6877,2.11,-20.14,1.30,0.8582,0.1418
walking,13182,9034,0.3843,0.2656,0.6008,4.14,-17.73,0.92,0.7611,0.2389
walking,13194,9046,0.3943,0.2666,0.5583,7.58,-9.15,1.56,0.7337,0.2663
walking,13206,9058,0.4180,0.2996,0.5532,12.59,3.11,4.92,0.7553,0.2447
walking,13218,9070,0.4565,0.3391,0.6204,18.51,16.88,10.68,0.8416,0.1584
walking,13230,9082,0.4795,0.3503,0.7104,23.51,28.53,18.56,0.9260,0.0740
walking,13242,9094,0.4878,0.3267,0.7920,26.84,34.78,27.65,0.9859,0.0141
walking,13254,9106,0.4138,0.2937,0.8933,27.42,33.94,33.69,1.0274,0.0274
walking,13266,9118,0.3799,0.2544,0.9434,24.31,24.89,35.11,1.0483,0.0483
walking,13300,9152,0.3606,0.2122,0.8538,-1.59,-16.61,26.51,0.9508,0.0492
walking,13312,9164,0.3804,0.2146,0.7385,-10.80,-23.41,21.83,0.8580,0.1420
walking,13324,9176,0.3958,0.2349,0.6440,-19.09,-24.79,18.74,0.7916,0.2084
walking,13336,9188,0.4233,0.2537,0.5366,-23.81,-21.21,16.03,0.7291,0.2709
walking,13348,9200,0.3511,0.2883,0.5601,-23.83,-16.45,12.52,0.7211,0.2789
walking,13360,9212,0.4866,0.3098,0.4133,-17.99,-3.60,9.63,0.7096,0.2904
walking,13372,9224,0.4978,0.3218,0.4629,-7.97,3.66,10.90,0.7521,0.2479
walking,13384,9236,0.5242,0.3313,0.5176,1.30,12.27,14.27,0.8077,0.1923
walking,13396,9248,0.5232,0.3372,0.5896,9.89,20.52,17.57,0.8573,0.1427
walking,13408,9260,0.4685,0.3359,0.7109,14.53,22.65,16.64,0.9153,0.0847
walking,13449,9301,0.4690,0.3401,0.9297,2.02,0.95,9.63,1.0954,0.0954
walking,13461,9313,0.4526,0.3254,0.9512,-7.34,-8.66,8.39,1.1025,0.1025
walking,13473,9325,0.4500,0.3296,0.8826,-14.02,-17.47,3.37,1.0440,0.0440
walking,13485,9337,0.4468,0.3286,0.8042,-18.32,-26.11,0.03,0.9769,0.0231
walking,13497,9349,0.4612,0.3311,0.7559,-21.61,-30.85,-1.73,0.9453,0.0547
walking,13509,9361,0.4780,0.3467,0.7012,-23.80,-29.42,-3.80,0.9167,0.0833
walking,13521,9373,0.4731,0.3442,0.6765,-23.93,-23.67,-5.76,0.8944,0.1056
walking,13533,9385,0.4780,0.3420,0.6545,-21.28,-17.18,-7.48,0.8797,0.1203
walking,13545,9397,0.4832,0.3315,0.6560,-16.59,-11.72,-9.19,0.8796,0.1204
walking,13557,9409,0.5015,0.3301,0.6826,-10.78,-5.40,-10.96,0.9091,0.0909
walking,13591,9443,0.5054,0.3467,0.8276,1.76,0.73,-16.79,1.0298,0.0298
walking,13603,9455,0.5112,0.3633,0.8767,3.36,-4.99,-18.99,1.0779,0.0779
walking,13615,9467,0.5312,0.3828,0.9019,1.97,-16.77,-21.23,1.1145,0.1145
walking,13627,9479,0.5659,0.4231,0.8594,-3.63,-24.25,-22.21,1.1126,0.1126
walking,13639,9491,0.6255,0.4492,0.8201,-13.20,-24.77,-19.55,1.1250,0.1250
walking,13651,9503,0.6599,0.4463,0.8047,-22.61,-14.18,-14.01,1.1323,0.1323
walking,13663,9515,0.7417,0.4124,0.8140,-29.74,1.35,-8.82,1.1759,0.1759
walking,13675,9527,0.7451,0.3708,0.8967,-34.16,22.48,-1.24,1.2235,0.2235
walking,13687,9539,0.6160,0.2793,0.9470,-32.82,33.76,-0.47,1.1637,0.1637
walking,13699,9551,0.4990,0.2234,0.9807,-24.08,28.65,-8.15,1.1228,0.1228
walking,13740,9592,0.4287,0.1941,0.9143,2.96,-26.69,-31.93,1.0283,0.0283
walking,13752,9604,0.4517,0.2312,0.8054,0.37,-39.45,-33.50,0.9519,0.0481
walking,13764,9616,0.4929,0.2437,0.6768,-3.31,-41.60,-33.84,0.8720,0.1280
walking,13776,9628,0.5430,0.2485,0.6013,-7.00,-33.76,-31.69,0.8474,0.1526
walking,13788,9640,0.5620,0.2551,0.5405,-10.70,-20.90,-28.39,0.8204,0.1796
walking,13800,9652,0.5312,0.2695,0.5327,-12.89,-7.76,-24.98,0.7992,0.2008
walking,13812,9664,0.5466,0.2639,0.5183,-13.12,6.53,-22.30,0.7982,0.2018
walking,13824,9676,0.5640,0.2566,0.5605,-11.34,20.59,-18.24,0.8355,0.1645
walking,13836,9688,0.5530,0.2327,0.6128,-6.93,31.27,-13.97,0.8576,0.1424
walking,13848,9700,0.5454,0.2117,0.7090,-2.09,35.01,-9.31,0.9192,0.0808
walking,13912,9764,0.4495,0.2571,0.9102,-2.54,-9.01,-1.71,1.0471,0.0471
walking,13924,9776,0.4333,0.2527,0.8596,-12.31,-15.53,-2.19,0.9953,0.0047
walking,13936,9788,0.4802,0.2852,0.7561,-21.64,-18.50,-1.73,0.9400,0.0600
walking,13948,9800,0.4675,0.2913,0.6631,-26.97,-19.62,-0.15,0.8620,0.1380
walking,13960,9812,0.4468,0.2957,0.5815,-29.65,-19.25,2.33,0.7907,0.2093
walking,13972,9824,0.4353,0.3000,0.5122,-29.47,-14.24,2.97,0.7361,0.2639
walking,13984,9836,0.4404,0.3105,0.4812,-27.26,-7.61,3.54,0.7225,0.2775
walking,13996,9848,0.4868,0.3232,0.4336,-20.44,2.53,3.24,0.7277,0.2723
walking,14008,9860,0.5059,0.3213,0.4595,-10.62,9.56,4.31,0.7551,0.2449
walking,14020,9872,0.5173,0.3044,0.5022,-1.11,16.46,6.88,0.7826,0.2174
walking,14059,9911,0.5396,0.3135,0.7410,11.44,23.76,5.31,0.9687,0.0313
walking,14071,9923,0.5654,0.3262,0.7844,10.53,19.97,5.47,1.0205,0.0205
walking,14083,9935,0.5723,0.3337,0.8083,9.49,13.69,6.90,1.0451,0.0451
walking,14095,9947,0.5981,0.3430,0.8264,6.88,10.46,8.97,1.0763,0.0763
walking,14107,9959,0.6006,0.3416,0.8452,3.69,10.27,10.89,1.0917,0.0917
walking,14119,9971,0.6074,0.3335,0.8479,2.08,11.35,13.34,1.0950,0.0950
walking,14131,9983,0.5930,0.3201,0.8564,2.63,10.07,15.40,1.0898,0.0898
walking,14143,9995,0.5620,0.3113,0.8506,4.52,7.18,16.82,1.0659,0.0659
walking,14155,10007,0.5457,0.2981,0.8469,5.41,5.27,17.37,1.0507,0.0507
walking,14167,10019,0.5291,0.2825,0.8542,4.92,3.40,17.65,1.0438,0.0438
walking,14208,10060,0.6199,0.3291,0.7712,-11.44,9.48,17.47,1.0428,0.0428
walking,14220,10072,0.6836,0.3425,0.8352,-18.41,29.25,25.08,1.1323,0.1323
walking,14232,10084,0.7468,0.3279,0.9148,-22.83,48.46,35.03,1.2256,0.2256
walking,14244,10096,0.6167,0.2559,1.0242,-21.48,60.33,39.50,1.2226,0.2226
walking,14256,10108,0.4155,0.1709,1.0769,-13.89,48.17,31.71,1.1669,0.1669
walking,14268,10120,0.3394,0.1338,1.0859,-4.95,20.84,17.05,1.1456,0.1456
walking,14280,10132,0.3875,0.1370,1.0498,-1.33,-0.90,5.85,1.1274,0.1274
walking,14292,10144,0.4788,0.1909,0.9646,-2.80,-11.18,1.43,1.0937,0.0937
walking,14304,10156,0.5166,0.2747,0.8542,-6.50,-12.74,3.13,1.0354,0.0354
walking,14316,10168,0.5056,0.2881,0.7537,-8.68,-10.74,7.68,0.9522,0.0478
walking,14350,10202,0.4080,0.2473,0.6099,-5.79,2.79,8.24,0.7743,0.2257
walking,14362,10214,0.4114,0.2603,0.6328,-2.02,6.62,7.55,0.7984,0.2016
walking,14374,10226,0.4336,0.2639,0.6738,2.53,9.05,11.63,0.8436,0.1564
walking,14386,10238,0.4451,0.2766,0.7444,6.72,13.22,18.73,0.9103,0.0897
walking,14398,10250,0.4131,0.2764,0.8279,8.18,16.81,25.25,0.9656,0.0344
walking,14410,10262,0.4194,0.2493,0.8799,8.97,16.44,31.11,1.0061,0.0061
walking,14422,10274,0.3872,0.2041,0.9031,9.82,11.36,33.34,1.0036,0.0036
walking,14434,10286,0.3296,0.1777,0.9170,9.03,3.28,30.94,0.9905,0.0095
walking,14446,10298,0.3086,0.1587,0.8940,6.04,-8.54,24.06,0.9590,0.0410
walking,14458,10310,0.3235,0.1733,0.8445,-0.70,-21.28,16.63,0.9208,0.0792
walking,14499,10351,0.4539,0.2563,0.5930,-23.71,-17.64,10.67,0.7895,0.2105
walking,14511,10363,0.4502,0.2749,0.5334,-23.44,-8.82,10.63,0.7502,0.2498
walking,14523,10375,0.4746,0.2859,0.5437,-18.66,-1.17,9.63,0.7763,0.2237
walking,14535,10387,0.4985,0.2585,0.5801,-11.89,6.78,10.80,0.8074,0.1926
walking,14547,10399,0.4985,0.2449,0.6316,-4.11,13.21,12.40,0.8411,0.1589
walking,14559,10411,0.4802,0.2292,0.7161,3.83,17.24,11.13,0.8921,0.1079
walking,14571,10423,0.4443,0.2065,0.8086,9.70,15.66,7.90,0.9455,0.0545
walking,14583,10435,0.4241,0.2122,0.8745,12.34,7.13,3.91,0.9948,0.0052
walking,14595,10447,0.4353,0.2273,0.9089,8.38,-1.36,-4.25,1.0331,0.0331
walking,14607,10459,0.4285,0.2571,0.9075,1.82,-12.29,-9.88,1.0359,0.0359
walking,14641,10493,0.4832,0.3313,0.7571,-22.12,-29.05,-11.24,0.9573,0.0427
walking,14653,10505,0.4858,0.3477,0.6912,-26.92,-25.71,-10.47,0.9136,0.0864
walking,14665,10517,0.4917,0.3630,0.6663,-29.26,-20.98,-9.22,0.9041,0.0959
walking,14677,10529,0.5137,0.3660,0.6528,-28.56,-14.19,-7.56,0.9077,0.0923
walking,14689,10541,0.5051,0.3489,0.6763,-23.83,-4.26,-8.60,0.9134,0.0866
walking,14701,10553,0.4944,0.3232,0.6980,-15.12,-1.53,-9.31,0.9144,0.0856
walking,14713,10565,0.4814,0.3030,0.7444,-5.82,-3.42,-10.00,0.9369,0.0631
walking,14725,10577,0.4863,0.3149,0.7815,1.93,-5.19,-11.08,0.9728,0.0272
walking,14737,10589,0.5115,0.3176,0.8047,4.46,-5.86,-13.09,1.0050,0.0050
walking,14749,10601,0.4856,0.3296,0.8843,2.14,-8.37,-14.75,1.0613,0.0613
walking,14790,10642,0.5505,0.3999,0.8760,-18.68,-22.77,-11.92,1.1092,0.1092
walking,14802,10654,0.6152,0.4072,0.8618,-26.72,-17.60,-5.85,1.1345,0.1345
walking,14814,10666,0.7014,0.3845,0.8672,-33.40,-4.57,5.06,1.1798,0.1798
walking,14826,10678,0.7183,0.3352,0.9084,-37.02,6.04,18.15,1.2056,0.2056
walking,14838,10690,0.6265,0.2229,0.9626,-37.08,13.63,25.37,1.1700,0.1700
walking,14850,10702,0.5020,0.1133,0.9829,-33.53,9.62,23.02,1.1095,0.1095
walking,14862,10714,0.4600,0.0154,0.9978,-30.22,-0.79,15.77,1.0988,0.0988
walking,14874,10726,0.4568,-0.0488,0.9663,-26.64,-5.68,6.08,1.0699,0.0699
walking,14886,10738,0.4062,-0.0632,0.9167,-22.94,-14.33,-4.08,1.0047,0.0047
walking,14898,10750,0.3560,-0.0266,0.8372,-18.85,-24.95,-16.70,0.9101,0.0899
walking,14932,10784,0.5432,0.1628,0.5891,-12.08,-33.31,-38.50,0.8177,0.1823
walking,14944,10796,0.6047,0.2002,0.5498,-11.37,-18.85,-35.98,0.8415,0.1585
walking,14956,10808,0.6616,0.2373,0.5486,-9.89,-0.47,-28.66,0.8916,0.1084
walking,14968,10820,0.6479,0.2681,0.5791,-6.60,18.26,-19.15,0.9094,0.0906
walking,14980,10832,0.6030,0.2639,0.6738,-0.79,32.71,-10.73,0.9420,0.0580
walking,14992,10844,0.5566,0.2222,0.7500,5.98,40.10,-3.91,0.9601,0.0399
walking,15004,10856,0.5149,0.1763,0.8594,11.50,38.82,0.71,1.0172,0.0172
walking,15016,10868,0.5356,0.1536,0.9373,11.98,32.64,2.66,1.0904,0.0904
walking,15028,10880,0.4539,0.1438,0.9773,8.80,23.53,-0.38,1.0871,0.0871
walking,15040,10892,0.4263,0.1306,0.9917,2.95,9.94,-4.79,1.0873,0.0873
walking,15081,10933,0.4734,0.2271,0.7273,-14.69,-20.21,-14.39,0.8970,0.1030
walking,15093,10945,0.5000,0.2361,0.6418,-15.11,-19.22,-14.13,0.8472,0.1528
walking,15105,10957,0.5220,0.2473,0.5625,-14.02,-12.34,-14.66,0.8062,0.1938
walking,15117,10969,0.5078,0.2507,0.5237,-10.90,-6.34,-14.78,0.7714,0.2286
walking,15129,10981,0.5220,0.2441,0.5073,-6.05,0.59,-13.96,0.7677,0.2323
walking,15141,10993,0.5315,0.2510,0.5090,-0.15,7.30,-11.96,0.7776,0.2224
walking,15153,11005,0.5613,0.2625,0.5530,6.34,13.76,-8.76,0.8305,0.1695
walking,15165,11017,0.5862,0.2583,0.6150,11.43,19.43,-4.82,0.8880,0.1120
walking,15177,11029,0.5940,0.2649,0.6958,15.60,21.94,-0.55,0.9524,0.0476
walking,15189,11041,0.5959,0.2561,0.7664,18.50,20.84,3.66,1.0040,0.0040
walking,15223,11075,0.5254,0.1824,0.8955,11.48,7.21,1.96,1.0541,0.0541
walking,15235,11087,0.5244,0.1836,0.8921,7.95,-0.13,-0.06,1.0510,0.0510
walking,15247,11099,0.5269,0.1960,0.8547,5.79,-6.82,-1.69,1.0230,0.0230
walking,15259,11111,0.5413,0.1990,0.7944,4.73,-9.70,-1.47,0.9817,0.0183
walking,15271,11123,0.5361,0.2244,0.7505,5.96,-9.82,-0.51,0.9492,0.0508
walking,15283,11135,0.5510,0.2356,0.7112,7.09,-5.56,2.33,0.9300,0.0700
walking,15295,11147,0.5552,0.2385,0.7114,7.92,2.25,5.31,0.9334,0.0666
walking,15307,11159,0.5378,0.2351,0.7356,8.53,9.80,8.83,0.9411,0.0589
walking,15319,11171,0.5051,0.2280,0.7612,9.02,12.86,10.13,0.9416,0.0584
walking,15331,11183,0.4937,0.2222,0.7822,9.27,8.39,8.98,0.9513,0.0487
walking,15365,11217,0.6650,0.2805,0.8015,-5.79,25.26,14.09,1.0786,0.0786
walking,15377,11229,0.7029,0.2827,0.8628,-10.70,39.18,22.76,1.1482,0.1482
walking,15389,11241,0.6680,0.2441,0.9504,-12.37,55.69,29.14,1.1871,0.1871
walking,15401,11253,0.5122,0.1628,1.0237,-9.45,57.80,27.99,1.1562,0.1562
walking,15413,11265,0.3936,0.1328,1.0725,-4.72,44.60,19.63,1.1501,0.1501
walking,15425,11277,0.3933,0.1204,1.1001,-0.98,27.39,8.50,1.1745,0.1745
walking,15437,11289,0.4207,0.1677,1.0923,0.18,11.14,1.26,1.1824,0.1824
walking,15449,11301,0.4473,0.2053,1.0432,-0.05,-1.76,-3.95,1.1535,0.1535
walking,15461,11313,0.4221,0.2559,0.9167,0.61,-18.51,-7.16,1.0412,0.0412
walking,15473,11325,0.4170,0.2922,0.7722,0.77,-29.03,-8.47,0.9250,0.0750
walking,15567,11419,0.3154,0.2227,1.0498,36.78,11.76,28.68,1.1186,0.1186
walking,15579,11431,0.4734,0.2266,0.8638,28.52,-14.12,24.83,1.0107,0.0107
walking,15591,11443,0.2246,0.1721,1.0063,13.95,-25.63,17.40,1.0454,0.0454
walking,15603,11455,0.3484,0.1951,0.8379,-0.06,-34.87,12.16,0.9282,0.0718
walking,15615,11467,0.3892,0.2095,0.7153,-11.30,-34.67,9.26,0.8408,0.1592
walking,15627,11479,0.4136,0.2200,0.5969,-19.04,-29.66,9.17,0.7588,0.2412
walking,15639,11491,0.3860,0.2373,0.6021,-24.36,-23.14,8.82,0.7535,0.2465
walking,15651,11503,0.4424,0.2559,0.5498,-26.40,-7.66,9.32,0.7506,0.2494
walking,15663,11515,0.4883,0.2600,0.5320,-23.60,6.83,7.29,0.7675,0.2325
walking,15675,11527,0.4734,0.2480,0.6025,-15.75,17.26,6.21,0.8054,0.1946
walking,15715,11567,0.4175,0.1956,0.8367,11.40,13.09,1.21,0.9553,0.0447
walking,15727,11579,0.3855,0.2209,0.8809,10.89,4.05,-5.50,0.9866,0.0134
walking,15739,11591,0.3833,0.2454,0.9070,7.49,-5.79,-10.85,1.0148,0.0148
walking,15751,11603,0.4133,0.2744,0.8745,2.06,-15.34,-12.84,1.0054,0.0054
walking,15763,11615,0.4336,0.3052,0.8457,-4.63,-21.53,-13.53,0.9982,0.0018
walking,15775,11627,0.4421,0.3486,0.8276,-13.42,-25.09,-12.56,1.0010,0.0010
walking,15787,11639,0.4543,0.3538,0.7627,-19.58,-24.56,-12.24,0.9557,0.0443
walking,15799,11651,0.4807,0.3704,0.7236,-22.92,-22.53,-11.00,0.9444,0.0556
walking,15811,11663,0.4963,0.3699,0.7034,-24.66,-18.06,-7.87,0.9370,0.0630
walking,15823,11675,0.4841,0.3733,0.7080,-23.69,-12.26,-6.24,0.9354,0.0646
walking,15866,11718,0.4858,0.3362,0.7966,-4.43,-7.19,-7.18,0.9918,0.0082
walking,15878,11730,0.4949,0.3306,0.8367,-1.85,-5.90,-6.40,1.0267,0.0267
walking,15890,11742,0.4871,0.3218,0.8862,-2.49,-3.98,-7.79,1.0612,0.0612
walking,15902,11754,0.4587,0.3069,0.9229,-4.82,-7.89,-10.85,1.0753,0.0753
walking,15914,11766,0.4565,0.3022,0.9470,-8.54,-17.21,-15.10,1.0939,0.0939
walking,15926,11778,0.4651,0.3164,0.9153,-13.47,-25.59,-20.54,1.0743,0.0743
walking,15938,11790,0.5051,0.3257,0.8550,-19.60,-28.26,-25.08,1.0451,0.0451
walking,15950,11802,0.5317,0.3340,0.8445,-24.62,-20.95,-26.82,1.0524,0.0524
walking,15962,11814,0.6179,0.3337,0.8132,-29.20,-16.43,-23.56,1.0745,0.0745
walking,15974,11826,0.6565,0.3171,0.8386,-30.50,-1.93,-21.02,1.1112,0.1112
walking,16008,11860,0.4702,0.1897,0.9141,-7.41,5.09,-33.06,1.0453,0.0453
walking,16020,11872,0.5024,0.1965,0.9297,1.53,-1.76,-38.10,1.0749,0.0749
walking,16032,11884,0.4834,0.2407,0.9976,5.98,-8.11,-40.56,1.1343,0.1343
walking,16044,11896,0.5020,0.2441,0.9302,4.57,-14.41,-40.45,1.0848,0.0848
walking,16056,11908,0.4785,0.2607,0.8872,1.18,-23.66,-39.44,1.0412,0.0412
walking,16068,11920,0.4619,0.2554,0.8020,-2.17,-31.76,-38.02,0.9601,0.0399
walking,16080,11932,0.4583,0.2383,0.7114,-6.42,-36.79,-36.53,0.8791,0.1209
walking,16092,11944,0.4729,0.2363,0.6250,-10.31,-37.42,-35.44,0.8186,0.1814
walking,16104,11956,0.5078,0.2466,0.5703,-14.64,-31.81,-32.42,0.8025,0.1975
walking,16116,11968,0.5073,0.2585,0.5386,-19.32,-19.47,-28.67,0.7838,0.2162
walking,16157,12009,0.5706,0.2065,0.7061,-13.81,31.59,-13.77,0.9310,0.0690
walking,16169,12021,0.5317,0.1938,0.7883,-3.37,31.56,-9.42,0.9705,0.0295
walking,16181,12033,0.5100,0.1777,0.8655,5.98,28.13,-6.64,1.0202,0.0202
walking,16193,12045,0.4917,0.1829,0.9282,11.89,21.85,-4.66,1.0662,0.0662
walking,16205,12057,0.4661,0.1909,0.9944,10.85,11.15,-4.68,1.1147,0.1147
walking,16217,12069,0.4429,0.2046,0.9827,8.37,-1.24,-5.73,1.0971,0.0971
walking,16229,12081,0.4302,0.2295,0.9224,4.11,-14.66,-5.45,1.0433,0.0433
walking,16241,12093,0.4275,0.2627,0.8206,-2.99,-25.45,-3.41,0.9618,0.0382
walking,16253,12105,0.4617,0.2725,0.7341,-11.11,-27.76,-1.59,0.9090,0.0910
walking,16265,12117,0.4783,0.2671,0.6528,-17.92,-23.97,-0.09,0.8522,0.1478
walking,16299,12151,0.4966,0.2556,0.4844,-27.92,0.79,2.05,0.7393,0.2607
walking,16311,12163,0.4631,0.2673,0.4888,-21.23,5.08,-2.60,0.7245,0.2755
walking,16323,12175,0.4783,0.2339,0.5146,-12.74,6.89,-3.52,0.7405,0.2595
walking,16335,12187,0.5020,0.2561,0.5342,-3.10,10.30,-3.54,0.7765,0.2235
walking,16347,12199,0.5332,0.2786,0.5850,3.82,14.30,-3.04,0.8391,0.1609
walking,16359,12211,0.5674,0.3071,0.6470,9.79,18.17,-1.75,0.9137,0.0863
walking,16371,12223,0.5706,0.3123,0.7112,13.55,19.18,0.24,0.9638,0.0362
walking,16383,12235,0.5720,0.3311,0.7754,11.98,16.86,1.30,1.0188,0.0188
walking,16395,12247,0.5508,0.3354,0.8228,8.65,14.00,1.20,1.0454,0.0454
walking,16407,12259,0.5630,0.3267,0.8491,4.02,8.93,1.69,1.0699,0.0699
walking,16448,12300,0.5898,0.3071,0.8096,-6.51,-4.94,2.94,1.0477,0.0477
walking,16460,12312,0.5901,0.3081,0.7910,-8.02,-3.67,4.40,1.0338,0.0338
walking,16472,12324,0.5820,0.2908,0.7720,-8.26,-2.63,4.89,1.0096,0.0096
walking,16484,12336,0.5527,0.2639,0.7532,-5.40,-0.79,3.76,0.9708,0.0292
walking,16496,12348,0.5125,0.2505,0.7324,-2.38,-1.40,2.48,0.9283,0.0717
walking,16508,12360,0.4866,0.2419,0.7432,0.87,-3.72,-0.24,0.9206,0.0794
walking,16520,12372,0.4963,0.2500,0.7366,1.56,-6.99,-4.03,0.9227,0.0773
walking,16532,12384,0.5256,0.2722,0.7244,-0.80,-4.51,-6.83,0.9355,0.0645
walking,16544,12396,0.5864,0.3113,0.7244,-5.05,4.24,-5.81,0.9826,0.0174
walking,16556,12408,0.6484,0.3591,0.7556,-7.92,19.31,0.02,1.0585,0.0585
walking,16590,12442,0.5454,0.3079,1.0276,-2.38,49.17,17.47,1.2034,0.2034
walking,16602,12454,0.4253,0.2485,1.1030,4.89,30.80,12.53,1.2080,0.2080
walking,16614,12466,0.3657,0.1931,1.1169,8.35,8.76,5.50,1.1911,0.1911
walking,16626,12478,0.3564,0.1990,1.0415,5.86,-13.64,-0.92,1.1186,0.1186
walking,16638,12490,0.4194,0.2361,0.9314,-1.14,-25.92,-4.66,1.0484,0.0484
walking,16650,12502,0.4854,0.2695,0.8037,-7.35,-28.87,-5.05,0.9768,0.0232
walking,16662,12514,0.4890,0.2878,0.7095,-11.15,-24.69,-2.11,0.9085,0.0915
walking,16674,12526,0.4631,0.2876,0.6384,-11.64,-17.91,0.68,0.8395,0.1605
walking,16686,12538,0.4177,0.2878,0.5767,-6.27,-9.14,-1.80,0.7680,0.2320
walking,16698,12550,0.4346,0.2886,0.5354,1.71,-5.28,-2.19,0.7475,0.2525
walking,16732,12584,0.5381,0.3291,0.7075,19.53,19.82,11.50,0.9479,0.0521
walking,16744,12596,0.4788,0.3101,0.8726,18.97,25.30,17.18,1.0425,0.0425
walking,16756,12608,0.4470,0.2502,0.9663,15.77,23.22,20.45,1.0937,0.0937
walking,16768,12620,0.3979,0.2021,1.0249,8.98,12.92,19.36,1.1179,0.1179
walking,16780,12632,0.3511,0.1799,1.0234,0.16,-1.82,14.18,1.0968,0.0968
walking,16792,12644,0.3525,0.1716,0.9688,-9.50,-14.78,5.99,1.0451,0.0451
walking,16804,12656,0.3826,0.1694,0.8843,-18.52,-26.29,-2.10,0.9783,0.0217
walking,16816,12668,0.4199,0.1851,0.7937,-27.00,-30.54,-7.55,0.9168,0.0832
walking,16828,12680,0.4285,0.2161,0.6914,-32.50,-28.56,-12.23,0.8416,0.1584
walking,16840,12692,0.4558,0.2388,0.5806,-33.08,-18.31,-18.95,0.7758,0.2242
walking,16874,12726,0.4939,0.2915,0.5503,-12.22,-4.72,-25.16,0.7948,0.2052
walking,16886,12738,0.4839,0.3088,0.5850,-4.86,1.09,-24.97,0.8196,0.1804
walking,16898,12750,0.4875,0.3206,0.6416,0.24,6.89,-24.13,0.8672,0.1328
walking,16910,12762,0.4939,0.3147,0.7031,2.34,11.68,-23.70,0.9151,0.0849
walking,16922,12774,0.5244,0.3235,0.7825,-0.31,13.65,-26.64,0.9959,0.0041
walking,16934,12786,0.4434,0.3032,0.9033,-5.56,12.54,-30.53,1.0510,0.0510
walking,16946,12798,0.4331,0.3059,0.9534,-11.96,2.42,-35.71,1.0909,0.0909
walking,16958,12810,0.4412,0.3071,0.9424,-18.10,-8.57,-41.50,1.0849,0.0849
walking,16970,12822,0.4561,0.3127,0.9197,-24.69,-19.71,-46.27,1.0731,0.0731
walking,16982,12834,0.4675,0.3201,0.8728,-31.48,-31.50,-49.24,1.0406,0.0406
walking,17016,12868,0.4893,0.3220,0.6829,-43.75,-34.21,-55.05,0.8997,0.1003
walking,17028,12880,0.5195,0.3154,0.6599,-46.28,-28.18,-55.16,0.8972,0.1028
walking,17040,12892,0.5200,0.3005,0.6707,-46.15,-20.63,-56.45,0.9003,0.0997
walking,17052,12904,0.5056,0.2664,0.7224,-42.82,-13.27,-59.51,0.9211,0.0789
walking,17064,12916,0.4839,0.2327,0.7629,-37.45,-12.74,-65.87,0.9329,0.0671
walking,17076,12928,0.4546,0.2124,0.8328,-32.95,-19.79,-72.02,0.9722,0.0278
walking,17088,12940,0.4636,0.2119,0.8616,-32.10,-25.31,-78.21,1.0011,0.0011
walking,17100,12952,0.4919,0.2241,0.8623,-35.40,-27.41,-81.44,1.0177,0.0177
walking,17112,12964,0.5386,0.2483,0.8616,-40.61,-21.82,-81.76,1.0460,0.0460
walking,17124,12976,0.5674,0.2424,0.8867,-45.84,-14.75,-79.32,1.0803,0.0803
walking,17195,13047,0.5017,0.1851,0.8296,-52.98,-38.10,-86.67,0.9870,0.0130
walking,17207,13059,0.5120,0.1816,0.7822,-55.19,-36.48,-84.32,0.9524,0.0476
walking,17219,13071,0.5095,0.1538,0.7593,-56.50,-32.00,-83.69,0.9272,0.0728
walking,17231,13083,0.5037,0.1343,0.7156,-54.29,-24.74,-85.81,0.8853,0.1147
walking,17243,13095,0.4946,0.1255,0.7185,-50.27,-24.63,-87.66,0.8813,0.1187
walking,17255,13107,0.4749,0.1082,0.7122,-45.94,-24.59,-90.63,0.8628,0.1372
walking,17267,13119,0.4841,0.1204,0.7158,-43.50,-25.76,-93.59,0.8725,0.1275
walking,17279,13131,0.5127,0.1316,0.7231,-42.85,-25.28,-96.85,0.8962,0.1038
walking,17291,13143,0.5337,0.1533,0.7058,-41.92,-24.87,-97.36,0.8981,0.1019
walking,17303,13155,0.5571,0.1641,0.7170,-41.15,-22.92,-95.98,0.9227,0.0773
walking,17342,13194,0.6074,0.2014,0.8147,-41.57,-14.16,-87.25,1.0360,0.0360
walking,17354,13206,0.6157,0.1902,0.8547,-43.01,-14.35,-83.69,1.0704,0.0704
walking,17366,13218,0.5996,0.1702,0.8984,-44.09,-17.75,-80.85,1.0935,0.0935
walking,17378,13230,0.5718,0.1440,0.9219,-46.45,-24.63,-79.37,1.0943,0.0943
walking,17390,13242,0.5359,0.1252,0.9211,-49.53,-33.87,-79.86,1.0730,0.0730
walking,17402,13254,0.5188,0.1306,0.8699,-53.11,-42.74,-82.30,1.0212,0.0212
walking,17414,13266,0.5171,0.1338,0.8022,-55.53,-49.48,-84.73,0.9638,0.0362
walking,17426,13278,0.5239,0.1411,0.7307,-58.13,-53.66,-86.69,0.9101,0.0899
walking,17438,13290,0.5471,0.1455,0.6799,-60.75,-51.68,-87.97,0.8848,0.1152
walking,17450,13302,0.5664,0.1467,0.6243,-59.49,-43.18,-89.89,0.8556,0.1444
walking,17491,13343,0.5354,0.1265,0.7239,-50.35,-25.24,-94.63,0.9092,0.0908
walking,17503,13355,0.5317,0.1387,0.7781,-48.83,-26.33,-98.37,0.9526,0.0474
walking,17515,13367,0.5466,0.1355,0.8364,-49.24,-28.44,-101.34,1.0084,0.0084
walking,17527,13379,0.5576,0.1365,0.8652,-51.11,-29.45,-103.69,1.0384,0.0384
walking,17539,13391,0.5530,0.1274,0.9011,-53.47,-30.23,-104.56,1.0649,0.0649
walking,17551,13403,0.5173,0.1353,0.8999,-54.69,-34.00,-106.68,1.0468,0.0468
walking,17563,13415,0.4922,0.1421,0.8921,-55.53,-40.18,-110.47,1.0287,0.0287
walking,17575,13427,0.4900,0.1575,0.8328,-56.69,-45.27,-113.33,0.9790,0.0210
walking,17587,13439,0.5115,0.1611,0.7979,-57.80,-47.07,-114.02,0.9613,0.0387
walking,17599,13451,0.5193,0.1975,0.7700,-59.00,-45.73,-113.41,0.9495,0.0505
walking,17633,13485,0.5188,0.2107,0.7319,-56.95,-35.26,-110.11,0.9216,0.0784
walking,17645,13497,0.5164,0.2114,0.7559,-54.02,-32.73,-108.90,0.9395,0.0605
walking,17657,13509,0.5078,0.2024,0.7717,-50.40,-32.98,-107.52,0.9457,0.0543
walking,17669,13521,0.5093,0.2122,0.7952,-47.14,-35.89,-107.89,0.9678,0.0322
walking,17681,13533,0.5168,0.2261,0.8198,-46.60,-39.34,-106.72,0.9952,0.0048
walking,17693,13545,0.5430,0.2327,0.8254,-47.53,-41.97,-103.70,1.0150,0.0150
walking,17705,13557,0.5464,0.2358,0.8079,-50.15,-42.56,-100.15,1.0034,0.0034
walking,17717,13569,0.5393,0.2244,0.7869,-51.92,-41.82,-98.71,0.9800,0.0200
walking,17729,13581,0.5334,0.2117,0.7712,-52.74,-41.15,-97.55,0.9613,0.0387
walking,17741,13593,0.5295,0.2041,0.7659,-51.85,-39.69,-97.22,0.9532,0.0468
walking,17782,13634,0.6003,0.2454,0.8069,-47.21,-29.18,-89.67,1.0352,0.0352
walking,17794,13646,0.5923,0.2290,0.8765,-47.27,-23.00,-85.42,1.0823,0.0823
walking,17806,13658,0.5574,0.2026,0.9375,-46.04,-22.48,-82.27,1.1093,0.1093
walking,17818,13670,0.4788,0.1650,0.9783,-45.23,-27.54,-82.22,1.1016,0.1016
walking,17830,13682,0.4077,0.1416,0.9746,-44.63,-38.47,-85.92,1.0659,0.0659
walking,17842,13694,0.3584,0.1604,0.9348,-46.02,-52.18,-91.53,1.0139,0.0139
walking,17854,13706,0.3735,0.1812,0.8667,-50.11,-60.51,-95.50,0.9610,0.0390
walking,17866,13718,0.4211,0.2183,0.7922,-55.15,-59.63,-97.31,0.9234,0.0766
walking,17878,13730,0.4680,0.2461,0.7283,-59.51,-51.91,-95.16,0.9000,0.1000
walking,17890,13742,0.4951,0.2642,0.7190,-59.09,-37.60,-93.67,0.9121,0.0879
walking,17924,13776,0.4375,0.2224,0.8262,-37.02,-21.06,-88.22,0.9610,0.0390
walking,17936,13788,0.4087,0.2104,0.8499,-25.46,-29.44,-87.87,0.9662,0.0338
walking,17948,13800,0.4060,0.2166,0.8618,-18.66,-39.13,-87.47,0.9770,0.0230
walking,17960,13812,0.4084,0.2329,0.8557,-17.85,-46.12,-85.50,0.9764,0.0236
walking,17972,13824,0.4055,0.2561,0.8279,-23.58,-52.13,-84.05,0.9568,0.0432
walking,17984,13836,0.4119,0.2725,0.8093,-32.34,-53.36,-82.70,0.9481,0.0519
walking,17996,13848,0.4231,0.2412,0.7625,-43.02,-52.51,-80.63,0.9047,0.0953
walking,18008,13860,0.4324,0.2244,0.7209,-51.63,-47.51,-77.56,0.8701,0.1299
walking,18020,13872,0.4221,0.2361,0.7034,-57.41,-41.57,-74.88,0.8536,0.1464
walking,18032,13884,0.4343,0.2539,0.6938,-60.70,-34.93,-72.85,0.8570,0.1430
walking,18073,13925,0.4153,0.2017,0.8325,-54.87,-17.60,-74.98,0.9520,0.0480
walking,18085,13937,0.4243,0.2153,0.8511,-48.34,-19.40,-74.50,0.9751,0.0249
walking,18097,13949,0.4253,0.2185,0.8777,-43.27,-21.12,-74.11,0.9995,0.0005
walking,18109,13961,0.4348,0.2048,0.9128,-40.56,-21.64,-74.08,1.0316,0.0316
walking,18121,13973,0.4075,0.2029,0.9380,-39.78,-22.83,-74.21,1.0426,0.0426
walking,18133,13985,0.3755,0.2026,0.9390,-40.18,-27.05,-75.95,1.0314,0.0314
walking,18145,13997,0.3608,0.2190,0.9209,-41.35,-33.60,-78.95,1.0130,0.0130
walking,18157,14009,0.3765,0.2388,0.8821,-43.04,-37.85,-81.12,0.9883,0.0117
walking,18169,14021,0.3938,0.2727,0.8511,-45.56,-38.61,-81.94,0.9766,0.0234
walking,18181,14033,0.4055,0.2983,0.8196,-47.57,-37.68,-81.41,0.9619,0.0381
walking,18215,14067,0.4075,0.3035,0.7563,-51.37,-29.53,-72.85,0.9111,0.0889
walking,18227,14079,0.4006,0.3118,0.7517,-50.89,-27.65,-69.26,0.9071,0.0929
walking,18239,14091,0.4006,0.3003,0.7268,-49.97,-26.34,-66.90,0.8826,0.1174
walking,18251,14103,0.3901,0.2952,0.7190,-48.71,-23.60,-66.31,0.8696,0.1304
walking,18263,14115,0.4124,0.2864,0.7168,-46.97,-21.66,-65.11,0.8751,0.1249
walking,18275,14127,0.4382,0.2769,0.7266,-45.15,-18.43,-62.46,0.8925,0.1075
walking,18287,14139,0.4543,0.2703,0.7485,-43.07,-13.66,-59.36,0.9164,0.0836
walking,18299,14151,0.4668,0.2642,0.7598,-40.73,-9.23,-56.59,0.9300,0.0700
walking,18311,14163,0.4744,0.2688,0.8093,-38.43,-6.81,-54.57,0.9759,0.0241
walking,18323,14175,0.4749,0.2617,0.8452,-36.37,-7.31,-52.63,1.0042,0.0042
walking,18364,14216,0.4661,0.2737,0.8828,-38.98,-24.03,-50.65,1.0351,0.0351
walking,18376,14228,0.4783,0.2888,0.8486,-42.34,-26.69,-49.95,1.0160,0.0160
walking,18388,14240,0.5015,0.2964,0.8145,-43.17,-26.11,-48.13,1.0013,0.0013
walking,18400,14252,0.5037,0.3159,0.7834,-41.88,-24.62,-45.73,0.9835,0.0165
walking,18412,14264,0.5029,0.3289,0.7729,-39.39,-21.58,-43.52,0.9790,0.0210
walking,18424,14276,0.5000,0.3176,0.7549,-35.01,-19.42,-41.51,0.9595,0.0405
walking,18436,14288,0.4983,0.3098,0.7832,-31.03,-18.18,-39.21,0.9786,0.0214
walking,18448,14300,0.4783,0.2927,0.7974,-27.69,-17.93,-38.22,0.9748,0.0252
walking,18460,14312,0.4575,0.2964,0.8384,-27.68,-22.38,-38.50,1.0000,0.0000
walking,18472,14324,0.4458,0.2900,0.8252,-29.34,-26.15,-39.47,0.9817,0.0183
walking,18506,14358,0.4951,0.3071,0.7251,-36.47,-33.66,-40.96,0.9302,0.0698
walking,18518,14370,0.5383,0.3203,0.6870,-37.62,-24.95,-40.12,0.9297,0.0703
walking,18530,14382,0.5696,0.3284,0.6787,-36.87,-11.30,-37.57,0.9449,0.0551
walking,18542,14394,0.5847,0.3193,0.7083,-34.02,1.79,-35.03,0.9724,0.0276
walking,18554,14406,0.5981,0.2961,0.8035,-29.53,14.13,-32.47,1.0445,0.0445
walking,18566,14418,0.5784,0.2583,0.8694,-22.16,20.69,-31.98,1.0757,0.0757
walking,18578,14430,0.5051,0.2209,0.9644,-13.95,15.59,-33.73,1.1108,0.1108
walking,18590,14442,0.4966,0.2156,0.9834,-7.11,1.30,-38.13,1.1226,0.1226
walking,18602,14454,0.4705,0.2090,1.0583,-8.10,-14.47,-42.39,1.1769,0.1769
walking,18614,14466,0.4773,0.2268,1.0151,-12.95,-26.39,-45.12,1.1444,0.1444
walking,18655,14507,0.4353,0.2136,0.7078,-36.86,-48.63,-45.34,0.8579,0.1421
walking,18667,14519,0.4592,0.1726,0.5515,-38.62,-39.78,-49.48,0.7381,0.2619
walking,18679,14531,0.4321,0.1833,0.5190,-35.06,-41.44,-53.87,0.6998,0.3002
walking,18691,14543,0.4570,0.1606,0.4534,-31.76,-41.82,-57.20,0.6635,0.3365
walking,18703,14555,0.4854,0.1541,0.4299,-28.25,-31.32,-60.63,0.6664,0.3336
walking,18715,14567,0.5310,0.1772,0.4089,-24.60,-20.17,-62.56,0.6933,0.3067
walking,18727,14579,0.6301,0.2187,0.4390,-20.35,-4.60,-60.88,0.7985,0.2015
walking,18739,14591,0.7329,0.2510,0.5444,-16.00,19.85,-54.78,0.9469,0.0531
walking,18751,14603,0.7783,0.2668,0.6992,-11.16,44.56,-44.79,1.0798,0.0798
walking,18763,14615,0.6953,0.2756,0.8469,-3.54,56.92,-35.88,1.1299,0.1299
walking,18827,14679,0.4744,0.2026,1.0779,-23.82,-43.89,-30.47,1.1950,0.1950
walking,18839,14691,0.4473,0.2241,0.8979,-36.76,-59.31,-34.20,1.0279,0.0279
walking,18851,14703,0.4749,0.2275,0.7429,-46.85,-64.60,-34.27,0.9106,0.0894
walking,18863,14715,0.4932,0.2466,0.6111,-53.90,-59.05,-31.89,0.8231,0.1769
walking,18875,14727,0.6868,0.2468,0.3093,-55.81,-35.54,-34.73,0.7926,0.2074
walking,18887,14739,0.4031,0.2605,0.4563,-49.15,-29.45,-37.92,0.6622,0.3378
walking,18899,14751,0.4326,0.2410,0.4155,-39.94,-20.02,-37.76,0.6464,0.3536
walking,18911,14763,0.4780,0.2427,0.4028,-27.37,-8.76,-37.01,0.6706,0.3294
walking,18923,14775,0.5090,0.2402,0.4456,-13.92,4.47,-35.16,0.7179,0.2821
walking,18935,14787,0.5457,0.2644,0.5247,-4.40,13.50,-31.06,0.8018,0.1982
walking,18983,14835,0.5764,0.2661,0.8350,11.24,23.95,-18.47,1.0489,0.0489
walking,18995,14847,0.5779,0.2693,0.9121,7.08,16.82,-17.40,1.1128,0.1128
walking,19007,14859,0.5374,0.2622,0.9504,-0.18,9.66,-17.87,1.1229,0.1229
walking,19019,14871,0.5137,0.2312,0.9382,-6.76,-1.76,-22.18,1.0943,0.0943
walking,19031,14883,0.5288,0.2380,0.9285,-12.63,-10.11,-26.12,1.0947,0.0947
walking,19043,14895,0.5620,0.2634,0.8491,-15.34,-16.11,-27.91,1.0518,0.0518
walking,19055,14907,0.5720,0.3188,0.7905,-13.77,-20.84,-27.75,1.0266,0.0266
walking,19067,14919,0.5962,0.3413,0.7427,-10.05,-17.36,-24.62,1.0117,0.0117
walking,19079,14931,0.6116,0.3501,0.7354,-5.24,-12.30,-19.10,1.0185,0.0185
walking,19091,14943,0.5859,0.3572,0.7244,0.07,-9.02,-12.85,0.9978,0.0022
walking,19126,14978,0.6331,0.4307,0.7397,4.93,2.23,-0.91,1.0646,0.0646
walking,19138,14990,0.6958,0.4595,0.8267,0.52,20.24,10.15,1.1741,0.1741
walking,19150,15002,0.7314,0.4243,0.9238,-4.90,37.64,25.58,1.2524,0.2524
walking,19162,15014,0.6265,0.3530,1.0403,-10.79,46.47,37.99,1.2646,0.2646
walking,19174,15026,0.4324,0.2664,1.1072,-14.44,34.22,38.45,1.2181,0.2181
walking,19186,15038,0.2925,0.1812,1.0938,-15.53,4.77,26.45,1.1466,0.1466
walking,19198,15050,0.2683,0.1504,1.0054,-16.21,-21.46,9.45,1.0514,0.0514
walking,19210,15062,0.3477,0.1689,0.8645,-18.66,-39.69,-3.03,0.9470,0.0530
walking,19222,15074,0.4739,0.2178,0.7317,-21.17,-36.65,-8.52,0.8985,0.1015
walking,19234,15086,0.4714,0.2822,0.6328,-18.25,-26.60,-10.38,0.8381,0.1619
walking,19275,15127,0.3887,0.2898,0.6116,10.56,2.89,-9.07,0.7804,0.2196
walking,19287,15139,0.3777,0.3040,0.6453,22.08,0.79,-7.92,0.8071,0.1929
walking,19299,15151,0.3901,0.3169,0.6853,30.63,2.47,-5.00,0.8499,0.1501
walking,19311,15163,0.2192,0.3516,0.9238,31.08,-1.18,-2.61,1.0125,0.0125
walking,19323,15175,0.3801,0.3281,0.8652,25.03,11.88,2.99,1.0004,0.0004
walking,19335,15187,0.3914,0.3203,0.8843,15.10,13.27,8.58,1.0187,0.0187
walking,19347,15199,0.3752,0.2898,0.9448,1.91,12.73,15.06,1.0571,0.0571
walking,19359,15211,0.3591,0.2620,0.9280,-5.85,9.48,14.02,1.0290,0.0290
walking,19371,15223,0.3196,0.2332,0.9150,-11.99,-0.07,10.80,0.9969,0.0031
walking,19383,15235,0.3066,0.2166,0.8738,-16.74,-10.85,4.82,0.9510,0.0490
walking,19417,15269,0.4036,0.3018,0.6292,-20.77,-24.63,-5.95,0.8061,0.1939
walking,19429,15281,0.4414,0.3330,0.5632,-16.96,-18.27,-7.57,0.7893,0.2107
walking,19441,15293,0.4858,0.3501,0.5312,-12.75,-12.61,-4.53,0.8005,0.1995
walking,19453,15305,0.5225,0.3604,0.5295,-8.38,-4.56,-0.99,0.8266,0.1734
walking,19465,15317,0.5679,0.3699,0.5615,-3.44,3.89,2.48,0.8801,0.1199
walking,19477,15329,0.5908,0.3813,0.6174,0.21,12.96,6.55,0.9358,0.0642
walking,19489,15341,0.5757,0.3716,0.6829,2.73,18.50,7.67,0.9674,0.0326
walking,19501,15353,0.5466,0.3518,0.7659,4.63,20.00,5.72,1.0046,0.0046
walking,19513,15365,0.4985,0.3396,0.8420,5.38,14.20,2.21,1.0358,0.0358
walking,19525,15377,0.4561,0.3286,0.9465,0.63,2.44,-1.36,1.1009,0.1009
walking,19566,15418,0.4404,0.3350,0.8506,-14.39,-33.13,-6.11,1.0147,0.0147
walking,19578,15430,0.4277,0.3325,0.7756,-18.42,-37.08,-7.16,0.9461,0.0539
walking,19590,15442,0.4146,0.3218,0.7207,-22.63,-38.27,-8.30,0.8915,0.1085
walking,19602,15454,0.4316,0.3154,0.6582,-26.30,-34.34,-8.82,0.8480,0.1520
walking,19614,15466,0.4211,0.3235,0.6191,-25.21,-19.54,-13.02,0.8157,0.1843
walking,19626,15478,0.4243,0.3162,0.6057,-21.53,-15.52,-15.56,0.8043,0.1957
walking,19638,15490,0.4414,0.3179,0.6379,-16.46,-7.86,-17.16,0.8384,0.1616
walking,19650,15502,0.4446,0.3228,0.6694,-9.18,-3.34,-18.28,0.8660,0.1340
walking,19662,15514,0.4568,0.3325,0.7222,-2.24,-2.22,-18.24,0.9169,0.0831
walking,19674,15526,0.4705,0.3455,0.7744,1.94,-2.27,-17.73,0.9697,0.0303
walking,19708,15560,0.4951,0.3892,0.9080,-6.26,-8.38,-16.49,1.1050,0.1050
walking,19720,15572,0.5117,0.4036,0.9001,-12.34,-18.72,-18.15,1.1113,0.1113
walking,19732,15584,0.5154,0.4075,0.8708,-19.22,-24.38,-19.50,1.0909,0.0909
walking,19744,15596,0.5769,0.4187,0.7971,-26.08,-24.17,-16.98,1.0694,0.0694
walking,19756,15608,0.6799,0.4412,0.7402,-33.65,-12.08,-10.33,1.0977,0.0977
walking,19768,15620,0.7715,0.4229,0.7607,-38.49,7.84,-1.49,1.1631,0.1631
walking,19780,15632,0.7827,0.3411,0.8013,-42.74,33.08,4.16,1.1709,0.1709
walking,19792,15644,0.6177,0.2593,0.9268,-38.31,45.76,1.05,1.1435,0.1435
walking,19804,15656,0.5146,0.1909,1.0098,-27.53,41.27,-6.14,1.1493,0.1493
walking,19816,15668,0.4463,0.1360,1.0259,-9.06,21.60,-18.06,1.1270,0.1270
walking,19857,15709,0.3713,0.2456,0.9873,20.40,-50.99,-38.62,1.0830,0.0830
walking,19869,15721,0.5190,0.2754,0.7739,9.30,-50.11,-38.22,0.9717,0.0283
walking,19881,15733,0.5649,0.2937,0.6450,-0.31,-39.65,-36.30,0.9063,0.0937
walking,19893,15745,0.6130,0.2852,0.5359,-6.11,-22.80,-30.22,0.8627,0.1373
walking,19905,15757,0.6665,0.2837,0.4041,-10.48,-7.74,-24.74,0.8294,0.1706
walking,19917,15769,0.5042,0.2810,0.6077,-10.07,8.21,-22.50,0.8381,0.1619
walking,19929,15781,0.5332,0.2517,0.6226,-7.97,21.37,-18.19,0.8575,0.1425
walking,19941,15793,0.4971,0.2229,0.6887,-3.13,24.85,-14.36,0.8781,0.1219
walking,19953,15805,0.4873,0.2107,0.7749,2.12,21.93,-10.84,0.9393,0.0607
walking,19965,15817,0.4724,0.2002,0.8523,2.31,11.70,-7.50,0.9948,0.0052
walking,19999,15851,0.4788,0.2053,0.8413,-9.36,-9.83,-6.15,0.9895,0.0105
walking,20011,15863,0.4614,0.2144,0.7549,-13.85,-15.30,-7.57,0.9103,0.0897
walking,20023,15875,0.4573,0.2124,0.6980,-17.41,-18.36,-7.65,0.8611,0.1389
walking,20035,15887,0.4590,0.2244,0.6047,-15.47,-14.40,-10.07,0.7917,0.2083
walking,20047,15899,0.4492,0.2329,0.5398,-12.92,-11.00,-11.77,0.7399,0.2601
walking,20059,15911,0.4465,0.2383,0.5154,-9.36,-7.27,-13.28,0.7223,0.2777
walking,20071,15923,0.4678,0.2480,0.5198,-5.85,-2.62,-13.82,0.7420,0.2580
walking,20083,15935,0.4841,0.2715,0.5261,-1.77,2.03,-13.48,0.7648,0.2352
walking,20095,15947,0.5142,0.2903,0.5596,2.14,5.89,-12.26,0.8135,0.1865
walking,20107,15959,0.5315,0.3047,0.6072,4.68,8.55,-9.93,0.8625,0.1375
walking,20148,16000,0.5352,0.3198,0.7720,-2.36,3.76,-4.66,0.9923,0.0077
walking,20160,16012,0.5471,0.3237,0.7644,-6.23,0.30,-4.72,0.9942,0.0058
walking,20172,16024,0.5698,0.3215,0.7490,-7.78,-4.95,-3.76,0.9945,0.0055
walking,20184,16036,0.5986,0.3254,0.7056,-6.43,-4.52,-3.54,0.9809,0.0191
walking,20196,16048,0.6265,0.3345,0.6885,-2.79,-5.02,-2.24,0.9891,0.0109
walking,20208,16060,0.6519,0.3298,0.7058,-0.46,-0.48,0.63,1.0158,0.0158
walking,20220,16072,0.6482,0.3325,0.7432,2.31,6.44,3.11,1.0407,0.0407
walking,20232,16084,0.6350,0.3298,0.7837,4.35,11.63,5.63,1.0612,0.0612
walking,20244,16096,0.6030,0.3191,0.8433,5.61,15.05,8.02,1.0847,0.0847
walking,20256,16108,0.5742,0.3193,0.8994,4.87,12.50,9.61,1.1138,0.1138
walking,20290,16142,0.5691,0.3589,0.8967,-9.33,-6.85,5.22,1.1211,0.1211
walking,20302,16154,0.6375,0.3970,0.9016,-18.64,1.56,9.31,1.1734,0.1734
walking,20314,16166,0.7200,0.4214,0.9055,-25.61,18.76,17.85,1.2312,0.2312
walking,20326,16178,0.7004,0.4023,0.9663,-29.53,37.52,27.56,1.2595,0.2595
walking,20338,16190,0.5161,0.3323,1.0090,-26.02,42.41,27.61,1.1811,0.1811
walking,20350,16202,0.3315,0.2571,1.0129,-13.83,28.56,16.77,1.0964,0.0964
walking,20362,16214,0.2739,0.2124,0.9805,-1.79,3.73,4.13,1.0399,0.0399
walking,20374,16226,0.3125,0.2212,0.8953,7.34,-16.12,-5.68,0.9737,0.0263
walking,20386,16238,0.3535,0.2637,0.8093,12.57,-27.73,-11.59,0.9217,0.0783
walking,20398,16250,0.3716,0.3069,0.7219,14.17,-33.97,-13.75,0.8680,0.1320
walking,20469,16321,0.4641,0.3843,0.7444,27.72,38.46,16.76,0.9577,0.0423
walking,20481,16333,0.4736,0.3301,0.8574,30.17,41.02,27.79,1.0337,0.0337
walking,20493,16345,0.4282,0.2817,0.9387,32.55,39.80,36.39,1.0696,0.0696
walking,20505,16357,0.4863,0.2881,0.9302,26.20,18.28,36.97,1.0885,0.0885
walking,20517,16369,0.2859,0.2251,1.0166,15.50,2.38,32.02,1.0798,0.0798
walking,20529,16381,0.3616,0.2095,0.9512,4.11,-17.03,25.25,1.0389,0.0389
walking,20541,16393,0.3906,0.2139,0.8396,-6.53,-25.54,21.63,0.9504,0.0496
walking,20553,16405,0.4021,0.2522,0.7310,-14.84,-29.60,18.27,0.8715,0.1285
walking,20565,16417,0.4060,0.2749,0.6401,-21.32,-30.26,15.40,0.8063,0.1937
walking,20577,16429,0.4099,0.2949,0.5732,-25.72,-27.63,13.24,0.7639,0.2361
walking,20616,16468,0.5049,0.3506,0.4575,-15.74,-7.90,7.50,0.7663,0.2337
walking,20628,16480,0.5271,0.3408,0.4819,-9.98,1.33,10.79,0.7914,0.2086
walking,20640,16492,0.5103,0.3396,0.5281,-4.55,10.72,13.01,0.8090,0.1910
walking,20652,16504,0.4753,0.3381,0.5913,-0.37,17.61,12.33,0.8306,0.1694
walking,20664,16516,0.4543,0.3191,0.6685,3.47,18.73,8.76,0.8690,0.1310
walking,20676,16528,0.4026,0.3130,0.7734,3.06,12.00,2.67,0.9264,0.0736
walking,20688,16540,0.4294,0.3218,0.8379,-2.42,8.72,-3.21,0.9950,0.0050
walking,20700,16552,0.4561,0.3435,0.8701,-9.57,-2.06,-8.76,1.0407,0.0407
walking,20712,16564,0.4722,0.3608,0.8586,-16.44,-11.77,-11.76,1.0442,0.0442
walking,20724,16576,0.4878,0.3843,0.8120,-22.11,-18.44,-12.78,1.0222,0.0222
walking,20758,16610,0.5269,0.4160,0.7244,-28.53,-22.82,-12.61,0.9876,0.0124
walking,20770,16622,0.5322,0.4248,0.7229,-28.34,-17.13,-13.27,0.9931,0.0069
walking,20782,16634,0.5564,0.4192,0.7039,-24.37,-11.05,-14.72,0.9903,0.0097
walking,20794,16646,0.5537,0.3999,0.7361,-18.45,-6.96,-14.43,1.0042,0.0042
walking,20806,16658,0.5347,0.4014,0.7793,-12.15,-5.22,-13.08,1.0268,0.0268
walking,20818,16670,0.5273,0.4067,0.8269,-6.14,-5.42,-12.95,1.0617,0.0617
walking,20830,16682,0.5310,0.4126,0.9055,-3.73,-13.48,-13.35,1.1279,0.1279
walking,20842,16694,0.5518,0.4143,0.9255,-2.96,-18.58,-13.54,1.1544,0.1544
walking,20854,16706,0.5596,0.4221,0.9204,-4.47,-31.80,-13.72,1.1569,0.1569
walking,20866,16718,0.5586,0.4180,0.8821,-9.83,-42.93,-14.64,1.1246,0.1246
walking,20907,16759,0.7329,0.4104,0.6985,-45.96,-6.97,-6.51,1.0925,0.0925
walking,20919,16771,0.7402,0.3281,0.7744,-49.24,29.71,-2.83,1.1204,0.1204
walking,20931,16783,0.5745,0.2344,0.8157,-40.18,41.26,-5.30,1.0248,0.0248
walking,20943,16795,0.3921,0.1501,0.9172,-20.73,26.18,-17.02,1.0088,0.0088
walking,20955,16807,0.4321,0.1174,0.9297,-0.69,-2.89,-28.88,1.0319,0.0319
walking,20967,16819,0.4797,0.1187,0.9041,12.90,-20.99,-36.43,1.0303,0.0303
walking,20979,16831,0.5369,0.1921,0.8416,16.65,-32.10,-39.08,1.0165,0.0165
walking,20991,16843,0.4631,0.3000,0.9089,11.08,-37.27,-37.44,1.0633,0.0633
walking,21003,16855,0.6252,0.3005,0.7200,0.34,-24.02,-34.17,0.9998,0.0002
walking,21015,16867,0.6477,0.3022,0.6960,-7.42,-10.56,-28.57,0.9977,0.0023
walking,21049,16901,0.5017,0.2512,0.6968,-12.34,23.83,-14.51,0.8946,0.1054
walking,21061,16913,0.4736,0.2346,0.7317,-6.99,24.20,-12.53,0.9026,0.0974
walking,21073,16925,0.4617,0.2249,0.7783,-1.37,18.73,-9.78,0.9325,0.0675
walking,21085,16937,0.4463,0.2146,0.8191,3.08,11.56,-7.16,0.9572,0.0428
walking,21097,16949,0.4285,0.2273,0.8352,1.69,-0.47,-4.54,0.9658,0.0342
walking,21109,16961,0.4280,0.2402,0.7993,-2.18,-6.74,-3.17,0.9380,0.0620
walking,21121,16973,0.4312,0.2505,0.7522,-7.37,-12.02,-1.51,0.9025,0.0975
walking,21133,16985,0.4214,0.2483,0.6885,-11.92,-12.96,0.01,0.8445,0.1555
walking,21145,16997,0.4346,0.2493,0.6270,-15.98,-10.85,0.86,0.8025,0.1975
walking,21157,17009,0.4175,0.2383,0.5684,-17.51,-2.64,0.31,0.7444,0.2556
walking,21198,17050,0.4309,0.2346,0.5681,-6.08,6.99,-12.35,0.7507,0.2493
walking,21210,17062,0.4917,0.2729,0.5935,-0.19,5.62,-13.56,0.8176,0.1824
walking,21222,17074,0.5383,0.3018,0.6333,2.92,6.35,-12.38,0.8843,0.1157
walking,21234,17086,0.5786,0.3174,0.6599,4.64,9.83,-10.09,0.9333,0.0667
walking,21246,17098,0.5898,0.3406,0.6826,6.14,10.93,-7.66,0.9643,0.0357
walking,21258,17110,0.5676,0.3435,0.7075,7.11,9.32,-6.89,0.9699,0.0301
walking,21270,17122,0.5571,0.3435,0.7295,6.82,7.54,-7.89,0.9801,0.0199
walking,21282,17134,0.5657,0.3481,0.7593,2.74,4.17,-9.02,1.0088,0.0088
walking,21294,17146,0.5569,0.3550,0.7527,0.24,1.98,-9.99,1.0013,0.0013
walking,21306,17158,0.5840,0.3667,0.7295,-0.58,-0.96,-9.44,1.0038,0.0038
walking,21340,17192,0.6025,0.3831,0.7314,1.92,3.09,-2.47,1.0222,0.0222
walking,21352,17204,0.5984,0.3682,0.7598,2.30,6.57,0.76,1.0348,0.0348
walking,21364,17216,0.5754,0.3594,0.7927,2.60,8.95,3.30,1.0434,0.0434
walking,21376,17228,0.5249,0.3433,0.8157,3.18,8.63,4.05,1.0289,0.0289
walking,21388,17240,0.4832,0.3394,0.8362,2.11,2.24,3.47,1.0236,0.0236
walking,21400,17252,0.4990,0.3623,0.8093,-0.55,-9.46,0.15,1.0175,0.0175
walking,21412,17264,0.5784,0.3928,0.7634,-6.59,-8.50,-0.91,1.0352,0.0352
walking,21424,17276,0.6899,0.4346,0.7571,-13.35,6.97,4.10,1.1127,0.1127
walking,21436,17288,0.8091,0.4856,0.8347,-17.95,33.81,15.37,1.2598,0.2598
walking,21448,17300,0.8337,0.4524,0.9460,-21.64,58.27,28.19,1.3397,0.3397
walking,21489,17341,0.2102,0.2207,1.2429,6.79,1.37,5.82,1.2797,0.2797
walking,21501,17353,0.2720,0.2319,1.0259,8.11,-30.24,-8.81,1.0864,0.0864
walking,21513,17365,0.3965,0.2773,0.8726,4.28,-48.97,-16.21,0.9977,0.0023
walking,21525,17377,0.4661,0.3032,0.7078,-0.69,-52.15,-18.15,0.9000,0.1000
walking,21537,17389,0.4761,0.3083,0.5850,-5.21,-46.19,-15.63,0.8148,0.1852
walking,21549,17401,0.3386,0.3079,0.6143,-8.11,-32.15,-13.85,0.7660,0.2340
walking,21561,17413,0.4487,0.3406,0.4473,-6.37,-11.63,-13.79,0.7193,0.2807
walking,21573,17425,0.4832,0.3513,0.4700,-1.49,9.98,-9.20,0.7601,0.2399
walking,21585,17437,0.5208,0.3582,0.5637,6.23,29.00,-1.17,0.8469,0.1531
walking,21597,17449,0.5120,0.3464,0.6775,17.29,41.02,8.67,0.9171,0.0829
walking,21631,17483,0.4319,0.2568,0.9219,30.28,18.37,21.97,1.0499,0.0499
walking,21643,17495,0.4028,0.2327,0.9639,23.60,5.79,19.73,1.0703,0.0703
walking,21655,17507,0.4270,0.2336,0.9231,11.69,-18.91,18.84,1.0436,0.0436
walking,21667,17519,0.4270,0.2544,0.8447,-0.40,-25.50,15.61,0.9801,0.0199
walking,21679,17531,0.4697,0.2620,0.7268,-10.52,-30.64,12.19,0.9042,0.0958
walking,21691,17543,0.4963,0.2791,0.6519,-18.90,-28.16,11.34,0.8655,0.1345
walking,21703,17555,0.5044,0.2935,0.5632,-23.93,-20.44,10.79,0.8110,0.1890
walking,21715,17567,0.4592,0.3279,0.5435,-24.82,-16.12,8.41,0.7834,0.2166
walking,21727,17579,0.4597,0.3523,0.4849,-18.54,-11.47,4.27,0.7553,0.2447
walking,21739,17591,0.4724,0.3740,0.4736,-8.41,-12.61,4.46,0.7664,0.2336
walking,21780,17632,0.4849,0.3652,0.6504,5.09,6.99,13.18,0.8897,0.1103
walking,21792,17644,0.4634,0.3293,0.7112,0.09,8.36,11.15,0.9105,0.0895
walking,21804,17656,0.4646,0.2954,0.7671,-6.15,5.04,5.94,0.9442,0.0558
walking,21816,17668,0.4507,0.2898,0.8054,-12.32,-0.33,-0.37,0.9674,0.0326
walking,21828,17680,0.4468,0.2891,0.8228,-17.59,-6.72,-6.40,0.9798,0.0202
walking,21840,17692,0.4709,0.3027,0.7905,-20.44,-15.25,-11.23,0.9687,0.0313
walking,21852,17704,0.4900,0.3345,0.7629,-21.02,-20.29,-14.85,0.9665,0.0335
walking,21864,17716,0.5164,0.3577,0.7292,-21.00,-21.04,-16.88,0.9625,0.0375
walking,21876,17728,0.5205,0.3555,0.7141,-20.19,-20.30,-17.89,0.9525,0.0475
walking,21888,17740,0.5208,0.3728,0.6858,-16.89,-16.98,-19.86,0.9383,0.0617
walking,21922,17774,0.5442,0.3860,0.7776,-11.11,-5.57,-21.58,1.0246,0.0246
walking,21934,17786,0.5547,0.4006,0.8367,-11.37,-3.14,-21.39,1.0808,0.0808
walking,21946,17798,0.5410,0.4045,0.8796,-11.05,-3.98,-20.92,1.1091,0.1091
walking,21958,17810,0.5225,0.4146,0.9143,-11.31,-12.04,-20.96,1.1317,0.1317
walking,21970,17822,0.5476,0.4089,0.9319,-13.93,-26.22,-20.65,1.1556,0.1556
walking,21982,17834,0.5405,0.4111,0.8608,-19.75,-34.00,-22.60,1.0965,0.0965
walking,21994,17846,0.5669,0.4353,0.7917,-28.54,-35.91,-22.31,1.0666,0.0666
walking,22006,17858,0.6611,0.4568,0.7295,-35.96,-27.15,-17.91,1.0853,0.0853
walking,22018,17870,0.7075,0.4277,0.7673,-40.89,-5.73,-10.70,1.1280,0.1280
walking,22030,17882,0.8013,0.3958,0.7849,-43.56,9.13,-3.12,1.1894,0.1894
walking,22103,17955,0.5796,0.2849,0.8098,4.76,-35.58,-35.60,1.0358,0.0358
walking,22115,17967,0.6328,0.3181,0.7324,-1.47,-30.37,-31.38,1.0189,0.0189
walking,22127,17979,0.6421,0.3086,0.6802,-7.70,-21.39,-23.64,0.9850,0.0150
walking,22139,17991,0.5935,0.2925,0.6348,-12.77,-8.08,-18.42,0.9169,0.0831
walking,22151,18003,0.5332,0.2593,0.6116,-16.25,-0.54,-16.05,0.8518,0.1482
walking,22163,18015,0.5054,0.2312,0.6199,-17.76,6.31,-15.40,0.8325,0.1675
walking,22175,18027,0.4998,0.2158,0.6299,-14.43,15.63,-16.87,0.8325,0.1675
walking,22187,18039,0.4915,0.2219,0.6909,-8.08,16.56,-14.70,0.8764,0.1236
walking,22199,18051,0.5205,0.2385,0.7446,-1.26,15.19,-10.44,0.9393,0.0607
walking,22211,18063,0.5115,0.2507,0.8091,0.15,11.91,-7.65,0.9895,0.0105
walking,22253,18105,0.3918,0.2429,0.8274,-7.15,-7.42,0.96,0.9472,0.0528
walking,22265,18117,0.3721,0.2478,0.7573,-11.99,-16.73,0.34,0.8794,0.1206
walking,22277,18129,0.3667,0.2380,0.6643,-15.48,-21.97,-1.37,0.7953,0.2047
walking,22289,18141,0.3733,0.2454,0.5669,-18.31,-24.72,-1.69,0.7217,0.2783
walking,22301,18153,0.3770,0.2644,0.5090,-20.27,-23.00,-2.97,0.6864,0.3136
walking,22313,18165,0.4114,0.2744,0.4619,-20.84,-16.07,-4.66,0.6767,0.3233
walking,22325,18177,0.2437,0.2722,0.5703,-15.29,-5.30,-8.25,0.6773,0.3227
walking,22337,18189,0.4954,0.3003,0.4602,-10.54,5.56,-7.80,0.7398,0.2602
walking,22349,18201,0.5552,0.3176,0.4905,-4.33,17.50,-5.21,0.8060,0.1940
walking,22361,18213,0.5601,0.3264,0.5601,2.73,25.54,-2.14,0.8567,0.1433
walking,22393,18245,0.5017,0.3625,0.8386,18.89,23.27,2.28,1.0423,0.0423
walking,22405,18257,0.5774,0.3528,0.8379,18.85,19.69,3.37,1.0770,0.0770
walking,22417,18269,0.5640,0.3560,0.8796,15.70,10.47,3.61,1.1039,0.1039
walking,22429,18281,0.5684,0.3501,0.8762,10.75,0.80,4.55,1.1015,0.1015
walking,22441,18293,0.5774,0.3538,0.8538,3.55,-5.91,5.95,1.0897,0.0897
walking,22453,18305,0.6023,0.3660,0.8096,-2.56,-6.50,6.97,1.0734,0.0734
walking,22465,18317,0.6350,0.3652,0.7859,-7.50,-4.24,10.09,1.0744,0.0744
walking,22477,18329,0.6389,0.3630,0.7664,-10.70,2.66,13.73,1.0618,0.0618
walking,22489,18341,0.6250,0.3567,0.7715,-10.68,8.65,16.24,1.0550,0.0550
walking,22501,18353,0.5757,0.3459,0.7644,-5.63,12.89,15.05,1.0175,0.0175
walking,22534,18386,0.4844,0.3423,0.7629,10.84,-11.49,5.85,0.9664,0.0336
walking,22546,18398,0.5273,0.3789,0.7349,8.46,-15.57,1.66,0.9807,0.0193
walking,22558,18410,0.6125,0.4087,0.7007,2.14,-3.01,1.67,1.0165,0.0165
walking,22570,18422,0.6892,0.4817,0.7043,-1.96,15.83,9.97,1.0969,0.0969
walking,22582,18434,0.7275,0.5120,0.7700,-4.39,34.89,24.46,1.1766,0.1766
walking,22594,18446,0.7053,0.4387,0.8757,-6.88,51.45,37.57,1.2070,0.2070
walking,22606,18458,0.5164,0.3154,0.9905,-9.34,53.24,40.45,1.1607,0.1607
walking,22618,18470,0.3345,0.2346,1.0264,-9.37,35.69,29.96,1.1047,0.1047
walking,22630,18482,0.3101,0.2102,0.9763,-9.18,13.11,13.83,1.0457,0.0457
walking,22642,18494,0.3867,0.2148,0.9063,-8.63,-2.40,2.34,1.0085,0.0085
walking,22670,18522,0.4600,0.3137,0.7034,-0.71,-2.44,-3.71,0.8971,0.1029
walking,22682,18534,0.4399,0.3291,0.6379,5.13,1.90,-2.78,0.8419,0.1581
walking,22694,18546,0.4429,0.3333,0.6101,10.86,7.87,0.15,0.8243,0.1757
walking,22706,18558,0.4697,0.3691,0.6257,16.95,17.40,6.73,0.8651,0.1349
walking,22718,18570,0.5212,0.3967,0.6738,21.05,24.60,15.60,0.9397,0.0603
walking,22730,18582,0.5076,0.3933,0.7722,23.67,33.12,24.81,1.0043,0.0043
walking,22742,18594,0.4993,0.3557,0.8423,23.41,38.45,33.72,1.0418,0.0418
walking,22754,18606,0.4878,0.3135,0.8767,18.92,37.96,43.36,1.0511,0.0511
walking,22766,18618,0.3728,0.2832,0.9739,14.82,33.18,49.41,1.0806,0.0806
walking,22778,18630,0.3145,0.2512,0.9468,12.72,18.60,46.08,1.0288,0.0288
walking,22811,18663,0.3701,0.2129,0.7644,1.21,-22.95,25.59,0.8756,0.1244
walking,22823,18675,0.3943,0.2473,0.6667,-3.66,-24.87,21.91,0.8131,0.1869
walking,22835,18687,0.4255,0.2917,0.5786,-8.24,-20.24,20.19,0.7752,0.2248
walking,22847,18699,0.4875,0.3210,0.4839,-8.73,-10.85,21.47,0.7582,0.2418
walking,22859,18711,0.4797,0.3318,0.5115,-7.39,-4.85,23.81,0.7758,0.2242
walking,22871,18723,0.4746,0.3428,0.4963,-2.84,5.10,25.14,0.7675,0.2325
walking,22883,18735,0.4478,0.3342,0.5164,3.57,10.11,26.23,0.7608,0.2392
walking,22895,18747,0.4438,0.3320,0.5803,8.44,12.03,27.44,0.8025,0.1975
walking,22907,18759,0.4302,0.3250,0.6306,10.99,10.49,25.89,0.8297,0.1703
walking,22919,18771,0.4316,0.3218,0.6995,9.08,10.90,24.44,0.8827,0.1173
walking,22947,18799,0.4397,0.3259,0.7861,2.35,4.73,20.05,0.9579,0.0421
walking,22959,18811,0.4509,0.3257,0.7922,-1.15,0.73,19.29,0.9680,0.0320
walking,22971,18823,0.4460,0.3452,0.7900,-3.87,-4.44,17.60,0.9707,0.0293
walking,22983,18835,0.4678,0.3557,0.7747,-6.21,-8.67,15.87,0.9723,0.0277
walking,22995,18847,0.4731,0.3711,0.7456,-8.17,-11.34,13.80,0.9579,0.0421
walking,23007,18859,0.4946,0.3792,0.7307,-9.40,-13.02,11.96,0.9604,0.0396
walking,23019,18871,0.5144,0.3860,0.7012,-9.78,-12.69,11.85,0.9514,0.0486
walking,23031,18883,0.5244,0.3828,0.6785,-9.05,-9.34,11.94,0.9391,0.0609
walking,23043,18895,0.5522,0.3782,0.6824,-8.01,-2.79,11.99,0.9558,0.0442
walking,23055,18907,0.5300,0.3992,0.6943,-2.95,2.65,11.85,0.9604,0.0396
walking,23088,18940,0.5496,0.3718,0.8447,5.50,10.02,16.61,1.0742,0.0742
walking,23100,18952,0.5164,0.3672,0.8892,5.57,9.26,16.27,1.0918,0.0918
walking,23112,18964,0.5061,0.3708,0.9268,5.74,3.76,14.21,1.1192,0.1192
walking,23124,18976,0.5161,0.3911,0.9468,3.82,-11.11,11.88,1.1471,0.1471
walking,23136,18988,0.5544,0.4136,0.9165,-0.03,-21.73,10.88,1.1482,0.1482
walking,23148,19000,0.6357,0.4392,0.8364,-5.89,-25.05,13.74,1.1387,0.1387
walking,23160,19012,0.6455,0.4343,0.8323,-13.12,-17.87,17.73,1.1393,0.1393
walking,23172,19024,0.7556,0.4263,0.7593,-18.86,-6.38,22.13,1.1529,0.1529
walking,23184,19036,0.7739,0.3901,0.7876,-22.15,15.37,29.25,1.1711,0.1711
walking,23196,19048,0.6833,0.3137,0.8577,-21.58,25.71,33.63,1.1406,0.1406
walking,23224,19076,0.4819,0.2004,0.9773,-1.10,9.25,13.98,1.1079,0.1079
walking,23236,19088,0.4915,0.1870,1.0032,4.94,-9.76,5.22,1.1326,0.1326
walking,23248,19100,0.4705,0.1970,0.9431,8.25,-21.51,-2.75,1.0722,0.0722
walking,23260,19112,0.4915,0.2207,0.8630,6.88,-33.74,-8.44,1.0174,0.0174
walking,23272,19124,0.5264,0.2136,0.7478,2.90,-34.60,-11.27,0.9391,0.0609
walking,23284,19136,0.5283,0.2144,0.6707,-0.63,-30.50,-13.47,0.8803,0.1197
walking,23296,19148,0.5242,0.1980,0.6116,-2.60,-23.29,-14.17,0.8294,0.1706
walking,23308,19160,0.5264,0.1777,0.5571,-3.18,-14.06,-13.32,0.7868,0.2132
walking,23320,19172,0.5229,0.1855,0.5623,-2.67,-1.04,-14.75,0.7900,0.2100
walking,23332,19184,0.5374,0.1753,0.5930,-2.05,10.56,-12.85,0.8192,0.1808
walking,23365,19217,0.4973,0.1775,0.7964,-0.47,29.98,-5.90,0.9555,0.0445
walking,23377,19229,0.4731,0.1697,0.8552,0.79,29.13,-6.32,0.9920,0.0080
walking,23389,19241,0.4436,0.1790,0.8933,3.05,20.41,-8.06,1.0133,0.0133
walking,23401,19253,0.4309,0.2046,0.8855,3.79,11.01,-10.18,1.0058,0.0058
walking,23413,19265,0.4219,0.2419,0.8420,3.08,1.53,-12.52,0.9724,0.0276
walking,23425,19277,0.4155,0.2771,0.8037,-0.86,-8.42,-13.95,0.9463,0.0537
walking,23437,19289,0.4541,0.3025,0.7280,-8.63,-15.01,-13.37,0.9098,0.0902
walking,23449,19301,0.4678,0.3098,0.6465,-15.16,-16.15,-13.98,0.8560,0.1440
walking,23461,19313,0.4878,0.3074,0.5710,-19.56,-12.66,-11.63,0.8115,0.1885
walking,23473,19325,0.4966,0.3162,0.5132,-21.86,-8.18,-8.32,0.7810,0.2190
walking,23501,19353,0.5374,0.2959,0.4976,-18.54,14.09,-8.17,0.7899,0.2101
walking,23513,19365,0.5107,0.2871,0.5386,-11.77,17.34,-10.22,0.7958,0.2042
walking,23525,19377,0.5244,0.2864,0.5789,-3.37,18.67,-10.50,0.8319,0.1681
walking,23537,19389,0.5337,0.3103,0.6221,5.12,15.83,-11.19,0.8764,0.1236
walking,23549,19401,0.5703,0.3254,0.6619,12.82,13.74,-11.71,0.9323,0.0677
walking,23561,19413,0.5088,0.3477,0.8220,15.93,8.17,-10.97,1.0274,0.0274
walking,23573,19425,0.5874,0.3457,0.7683,13.65,8.16,-9.47,1.0271,0.0271
walking,23585,19437,0.5859,0.3596,0.7727,10.31,2.69,-8.16,1.0343,0.0343
walking,23597,19449,0.5894,0.3518,0.7900,6.33,-2.21,-5.98,1.0466,0.0466
walking,23609,19461,0.5828,0.3574,0.7625,2.88,-4.87,-4.60,1.0241,0.0241
walking,23661,19513,0.6116,0.3237,0.7009,-5.43,5.03,0.34,0.9849,0.0151
walking,23673,19525,0.5981,0.3130,0.7180,-1.93,16.08,0.11,0.9855,0.0145
walking,23685,19537,0.5569,0.2996,0.7544,2.11,20.80,0.86,0.9844,0.0156
walking,23697,19549,0.5051,0.2954,0.8010,7.15,19.55,-0.95,0.9920,0.0080
walking,23709,19561,0.4829,0.3101,0.8550,9.15,11.31,-4.49,1.0297,0.0297
walking,23721,19573,0.5339,0.3501,0.8403,7.70,8.18,-7.95,1.0554,0.0554
walking,23733,19585,0.6167,0.3999,0.8582,1.73,14.84,-5.38,1.1299,0.1299
walking,23745,19597,0.6863,0.4397,0.8828,-4.19,28.27,2.67,1.2015,0.2015
walking,23757,19609,0.6270,0.4426,1.0232,-12.47,39.86,15.73,1.2790,0.2790
walking,23769,19621,0.6042,0.3743,0.9788,-18.08,52.34,23.38,1.2096,0.2096
walking,23806,19658,0.2983,0.2327,0.9121,-10.49,11.40,2.35,0.9875,0.0125
walking,23818,19670,0.3403,0.2412,0.8066,-5.85,-1.57,-4.89,0.9081,0.0919
walking,23830,19682,0.3857,0.2717,0.7378,-1.23,-5.71,-6.24,0.8758,0.1242
walking,23842,19694,0.4001,0.2864,0.6619,4.93,-7.66,-4.85,0.8247,0.1753
walking,23854,19706,0.4089,0.3079,0.6384,8.94,-5.92,-1.58,0.8183,0.1817
walking,23866,19718,0.3945,0.3062,0.6111,11.50,2.99,2.92,0.7892,0.2108
walking,23878,19730,0.3652,0.3120,0.6145,12.81,13.81,7.23,0.7800,0.2200
walking,23890,19742,0.3618,0.3423,0.6548,14.45,24.40,11.65,0.8227,0.1773
walking,23902,19754,0.3923,0.3740,0.7275,15.89,33.61,17.56,0.9073,0.0927
walking,23914,19766,0.4204,0.3801,0.8193,17.11,40.41,24.16,0.9963,0.0037
walking,23942,19794,0.4031,0.2935,1.0146,9.40,26.69,38.43,1.1305,0.1305
walking,23954,19806,0.3840,0.2773,0.9897,2.29,12.60,37.46,1.0973,0.0973
walking,23966,19818,0.4463,0.2366,0.8745,-4.33,0.71,32.91,1.0099,0.0099
walking,23978,19830,0.3828,0.2290,0.8376,-9.26,-12.73,25.79,0.9490,0.0510
walking,23990,19842,0.3948,0.2197,0.7351,-14.36,-20.45,21.12,0.8629,0.1371
walking,24002,19854,0.4507,0.2312,0.6030,-17.91,-19.65,16.86,0.7875,0.2125
walking,24014,19866,0.4343,0.2400,0.5542,-19.34,-16.07,10.61,0.7439,0.2561
walking,24026,19878,0.4709,0.2803,0.4878,-15.86,-7.47,4.31,0.7337,0.2663
walking,24038,19890,0.5039,0.2986,0.4883,-11.05,-3.21,2.73,0.7626,0.2374
walking,24050,19902,0.5359,0.3240,0.5063,-4.49,2.98,2.58,0.8053,0.1947
walking,24083,19935,0.4897,0.3162,0.6824,10.33,18.01,5.01,0.8975,0.1025
walking,24095,19947,0.3865,0.3474,0.8145,12.13,11.87,3.02,0.9661,0.0339
walking,24107,19959,0.4253,0.3318,0.8403,11.11,9.34,1.02,0.9986,0.0014
walking,24119,19971,0.4280,0.3264,0.9006,7.34,2.16,-1.19,1.0492,0.0492
walking,24131,19983,0.4197,0.3323,0.9077,1.61,-8.66,-2.90,1.0538,0.0538
walking,24143,19995,0.4500,0.3469,0.8713,-7.99,-20.97,-2.92,1.0402,0.0402
walking,24155,20007,0.4048,0.3535,0.8528,-16.90,-29.92,-5.31,1.0080,0.0080
walking,24167,20019,0.4387,0.3655,0.7769,-23.75,-33.61,-6.18,0.9641,0.0359
walking,24179,20031,0.4419,0.3625,0.6973,-27.83,-33.71,-6.62,0.9016,0.0984
walking,24191,20043,0.4365,0.3655,0.6538,-30.73,-31.20,-6.50,0.8669,0.1331
walking,24219,20071,0.5103,0.3757,0.5640,-26.24,-10.96,-11.00,0.8483,0.1517
walking,24231,20083,0.5183,0.3640,0.6184,-18.14,-4.15,-13.28,0.8852,0.1148
walking,24243,20095,0.5037,0.3418,0.6768,-10.41,3.85,-13.44,0.9102,0.0898
walking,24255,20107,0.4944,0.3494,0.7517,-2.72,9.18,-14.82,0.9652,0.0348
walking,24267,20119,0.5017,0.3574,0.8384,4.31,11.50,-17.03,1.0404,0.0404
walking,24279,20131,0.5142,0.3862,0.9136,7.33,9.46,-19.57,1.1172,0.1172
walking,24291,20143,0.4858,0.4077,1.0012,7.12,1.29,-20.91,1.1852,0.1852
walking,24303,20155,0.4651,0.4167,1.1064,-0.84,-16.16,-16.75,1.2705,0.2705
walking,24315,20167,0.5256,0.4573,1.0388,-11.25,-31.20,-17.36,1.2508,0.2508
walking,24327,20179,0.5933,0.4636,0.9729,-21.56,-44.36,-17.41,1.2302,0.2302
walking,24360,20212,0.6177,0.4468,0.6997,-40.53,-28.31,-8.20,1.0348,0.0348
walking,24372,20224,0.6323,0.4077,0.7454,-39.69,-9.83,-3.63,1.0591,0.0591
walking,24384,20236,0.6414,0.3621,0.7388,-37.10,6.97,0.05,1.0432,0.0432
walking,24396,20248,0.5554,0.2922,0.7969,-27.15,19.96,-1.40,1.0143,0.0143
walking,24408,20260,0.4470,0.2751,0.8445,-12.05,18.36,-6.70,0.9943,0.0057
walking,24420,20272,0.3923,0.2678,0.8884,0.72,3.85,-11.77,1.0075,0.0075
walking,24432,20284,0.4187,0.2637,0.8877,8.73,-11.44,-15.19,1.0163,0.0163
walking,24444,20296,0.4805,0.2974,0.8564,10.73,-21.72,-15.27,1.0260,0.0260
walking,24456,20308,0.5259,0.3035,0.7993,6.07,-22.90,-11.08,1.0038,0.0038
walking,24468,20320,0.5776,0.2913,0.6973,-2.92,-20.50,-4.20,0.9511,0.0489
walking,24496,20348,0.5588,0.2126,0.6719,-18.90,-1.57,5.82,0.8994,0.1006
walking,24508,20360,0.5198,0.1838,0.6792,-23.66,5.91,8.21,0.8748,0.1252
walking,24520,20372,0.5012,0.1289,0.6943,-26.33,13.70,6.73,0.8660,0.1340
walking,24532,20384,0.4761,0.0554,0.7102,-22.88,27.87,-1.46,0.8568,0.1432
walking,24544,20396,0.4644,0.0615,0.7583,-15.48,28.01,-5.79,0.8913,0.1087
walking,24556,20408,0.4819,0.0999,0.8069,-6.92,24.43,-8.73,0.9451,0.0549
walking,24568,20420,0.5051,0.1394,0.8523,0.78,22.24,-10.94,1.0005,0.0005
walking,24580,20432,0.5103,0.1758,0.8982,3.24,20.80,-11.37,1.0479,0.0479
walking,24592,20444,0.4792,0.2004,0.9043,6.13,15.99,-12.92,1.0429,0.0429
walking,24604,20456,0.4287,0.2095,0.8987,7.76,5.48,-13.63,1.0175,0.0175
walking,24637,20489,0.3750,0.2715,0.7466,-2.63,-25.54,-15.59,0.8785,0.1215
walking,24649,20501,0.4355,0.2852,0.6387,-9.89,-25.34,-14.41,0.8240,0.1760
walking,24661,20513,0.4705,0.3010,0.5593,-16.22,-21.40,-10.82,0.7904,0.2096
walking,24673,20525,0.2839,0.2925,0.6758,-20.39,-14.27,-6.15,0.7892,0.2108
walking,24685,20537,0.5083,0.2827,0.4695,-22.02,-1.32,-2.05,0.7475,0.2525
walking,24697,20549,0.4634,0.2583,0.5051,-20.91,13.87,-2.60,0.7325,0.2675
walking,24709,20561,0.4802,0.2473,0.5095,-15.02,20.98,-5.28,0.7426,0.2574
walking,24721,20573,0.4612,0.2236,0.5842,-4.08,19.34,-8.07,0.7772,0.2228
walking,24733,20585,0.5110,0.2395,0.6399,8.33,15.59,-9.02,0.8532,0.1468
walking,24745,20597,0.5371,0.2673,0.6926,17.95,12.27,-8.10,0.9163,0.0837
walking,24773,20625,0.5239,0.3120,0.8162,17.69,5.85,-4.73,1.0188,0.0188
walking,24785,20637,0.5464,0.3313,0.8230,12.18,1.59,-2.39,1.0419,0.0419
walking,24797,20649,0.5718,0.3247,0.8311,6.59,-0.52,1.56,1.0597,0.0597
walking,24809,20661,0.5750,0.3354,0.8235,2.19,0.54,4.50,1.0589,0.0589
walking,24821,20673,0.5801,0.3357,0.8452,-0.92,2.56,7.21,1.0787,0.0787
walking,24833,20685,0.5632,0.3232,0.8418,-2.07,7.16,9.02,1.0632,0.0632
walking,24845,20697,0.5425,0.3035,0.8699,-1.30,10.53,9.83,1.0691,0.0691
walking,24857,20709,0.4897,0.3040,0.8904,1.95,10.11,9.74,1.0607,0.0607
walking,24869,20721,0.4590,0.3120,0.8977,6.38,1.32,9.45,1.0554,0.0554
walking,24881,20733,0.4675,0.3342,0.8821,7.75,-11.98,7.24,1.0528,0.0528
walking,24914,20766,0.6362,0.4280,0.8259,-9.27,9.74,19.66,1.1270,0.1270
walking,24926,20778,0.7114,0.4114,0.8384,-16.60,31.02,32.12,1.1740,0.1740
walking,24938,20790,0.6448,0.3359,0.9133,-20.61,43.27,40.88,1.1674,0.1674
walking,24950,20802,0.4507,0.2405,0.9570,-20.92,38.86,37.08,1.0848,0.0848
walking,24962,20814,0.3245,0.1995,0.9358,-16.47,23.05,21.27,1.0103,0.0103
walking,24974,20826,0.3694,0.1951,0.8928,-11.48,7.33,7.10,0.9857,0.0143
walking,24986,20838,0.4563,0.2256,0.8438,-4.98,3.43,-1.55,0.9854,0.0146
walking,24998,20850,0.4773,0.2527,0.7969,4.11,4.92,-5.25,0.9626,0.0374
walking,25010,20862,0.4333,0.2937,0.7756,15.90,-2.43,-6.49,0.9358,0.0642
walking,25022,20874,0.4268,0.3076,0.7549,25.22,-8.59,-6.04,0.9201,0.0799
walking,25050,20902,0.4482,0.3970,0.7419,31.91,2.37,2.94,0.9534,0.0466
walking,25062,20914,0.4124,0.4163,0.8716,26.69,7.31,11.55,1.0502,0.0502
walking,25074,20926,0.3955,0.3916,0.8530,16.98,11.82,20.34,1.0185,0.0185
walking,25086,20938,0.4006,0.3657,0.9016,10.18,14.14,27.83,1.0522,0.0522
walking,25098,20950,0.3887,0.3110,0.9177,5.82,10.61,34.18,1.0440,0.0440
walking,25110,20962,0.3345,0.2495,0.9214,2.92,2.57,36.93,1.0115,0.0115
walking,25122,20974,0.2996,0.1938,0.8599,0.93,-8.40,31.83,0.9310,0.0690
walking,25134,20986,0.2710,0.1814,0.7935,-1.62,-23.40,23.95,0.8579,0.1421
walking,25146,20998,0.3342,0.1865,0.7036,-5.92,-31.40,17.42,0.8010,0.1990
walking,25158,21010,0.3977,0.2158,0.6299,-10.89,-29.13,14.16,0.7756,0.2244
walking,25210,21062,0.4578,0.2927,0.5583,5.51,1.33,8.43,0.7791,0.2209
walking,25222,21074,0.4895,0.3123,0.5505,9.94,3.92,8.30,0.8001,0.1999
walking,25234,21086,0.4207,0.3145,0.6768,9.47,5.05,6.82,0.8566,0.1434
walking,25246,21098,0.4333,0.2971,0.7192,5.85,3.88,4.69,0.8907,0.1093
walking,25258,21110,0.4343,0.2876,0.7571,0.27,1.65,2.67,0.9190,0.0810
walking,25270,21122,0.4426,0.2947,0.7854,-6.88,-1.60,-0.04,0.9485,0.0515
walking,25282,21134,0.4514,0.3079,0.7878,-12.79,-5.53,-2.79,0.9588,0.0412
walking,25294,21146,0.4590,0.3276,0.8054,-17.62,-9.60,-5.72,0.9832,0.0168
walking,25306,21158,0.4570,0.3254,0.7815,-20.56,-13.53,-8.84,0.9620,0.0380
walking,25318,21170,0.4548,0.3357,0.7434,-21.92,-18.77,-11.76,0.9339,0.0661
walking,25355,21207,0.4744,0.3713,0.6558,-19.73,-20.56,-19.30,0.8905,0.1095
walking,25367,21219,0.4995,0.3721,0.6609,-16.15,-16.50,-19.83,0.9081,0.0919
walking,25379,21231,0.5063,0.3721,0.6855,-12.77,-9.79,-19.18,0.9299,0.0701
walking,25391,21243,0.5156,0.3752,0.7268,-10.72,-4.05,-18.76,0.9669,0.0331
walking,25403,21255,0.5049,0.3716,0.7783,-8.80,-0.17,-19.28,0.9994,0.0006
walking,25415,21267,0.4875,0.3743,0.8428,-8.29,-0.70,-19.71,1.0431,0.0431
walking,25427,21279,0.4873,0.3875,0.8879,-8.93,-5.02,-20.68,1.0844,0.0844
walking,25439,21291,0.5066,0.3945,0.9329,-10.95,-10.18,-21.18,1.1325,0.1325
walking,25451,21303,0.5076,0.4126,0.9436,-15.64,-18.92,-20.47,1.1482,0.1482
walking,25463,21315,0.5281,0.4417,0.9128,-19.40,-32.26,-20.57,1.1433,0.1433
walking,25491,21343,0.6658,0.4646,0.7544,-36.75,-23.81,-13.50,1.1082,0.1082
walking,25503,21355,0.7244,0.4404,0.7407,-40.62,-0.95,-7.99,1.1258,0.1258
walking,25515,21367,0.6941,0.3821,0.8218,-42.48,19.06,-3.53,1.1415,0.1415
walking,25527,21379,0.5640,0.2852,0.9087,-37.95,26.76,-7.58,1.1068,0.1068
walking,25539,21391,0.4211,0.2390,0.9744,-27.00,20.72,-20.00,1.0881,0.0881
walking,25551,21403,0.4224,0.2002,1.0154,-13.95,1.75,-32.77,1.1178,0.1178
walking,25563,21415,0.4700,0.2065,0.9949,-3.04,-16.23,-40.80,1.1195,0.1195
walking,25575,21427,0.4734,0.2522,0.9360,3.46,-29.12,-44.39,1.0788,0.0788
walking,25587,21439,0.4687,0.2881,0.8247,4.73,-39.03,-44.92,0.9914,0.0086
walking,25599,21451,0.5024,0.3005,0.7092,3.27,-41.68,-43.11,0.9197,0.0803
walking,25632,21484,0.5303,0.2832,0.6077,-4.09,-14.78,-30.88,0.8548,0.1452
walking,25644,21496,0.5347,0.2803,0.6086,-8.37,-4.35,-28.85,0.8572,0.1428
walking,25656,21508,0.5498,0.2690,0.6392,-11.34,4.98,-26.25,0.8850,0.1150
walking,25668,21520,0.5730,0.2502,0.6938,-13.22,12.89,-21.73,0.9340,0.0660
walking,25680,21532,0.4470,0.2307,0.8618,-13.43,16.29,-16.49,0.9979,0.0021
walking,25692,21544,0.5234,0.2075,0.7783,-11.24,18.37,-12.83,0.9606,0.0394
walking,25704,21556,0.5063,0.1931,0.8010,-8.02,14.84,-10.56,0.9671,0.0329
walking,25716,21568,0.4814,0.1814,0.8303,-5.85,8.85,-10.24,0.9768,0.0232
walking,25728,21580,0.4783,0.1882,0.8518,-4.85,2.13,-11.05,0.9949,0.0051
walking,25740,21592,0.4812,0.1995,0.8635,-5.89,-5.12,-11.42,1.0085,0.0085
walking,25768,21620,0.4639,0.2344,0.7859,-14.88,-18.33,-11.03,0.9422,0.0578
walking,25780,21632,0.4653,0.2422,0.6980,-19.16,-19.91,-11.10,0.8731,0.1269
walking,25792,21644,0.4680,0.2517,0.6443,-22.60,-18.66,-9.56,0.8352,0.1648
walking,25804,21656,0.4814,0.2532,0.6057,-24.35,-13.31,-8.13,0.8141,0.1859
walking,25816,21668,0.4971,0.2642,0.5813,-23.48,-6.23,-6.79,0.8092,0.1908
walking,25828,21680,0.4934,0.2661,0.5793,-20.24,0.68,-6.03,0.8062,0.1938
walking,25840,21692,0.4795,0.2622,0.5928,-14.42,5.16,-6.69,0.8063,0.1937
walking,25852,21704,0.4653,0.2561,0.6104,-8.24,7.42,-7.90,0.8091,0.1909
walking,25864,21716,0.4727,0.2722,0.6362,-3.26,6.92,-9.64,0.8380,0.1620
walking,25876,21728,0.4814,0.2871,0.6692,-0.59,5.99,-11.40,0.8729,0.1271
walking,25909,21761,0.5293,0.3245,0.7126,-2.31,9.26,-7.82,0.9451,0.0549
walking,25921,21773,0.5283,0.3320,0.7432,-3.81,10.92,-5.90,0.9704,0.0296
walking,25933,21785,0.5273,0.3386,0.7500,-4.38,10.91,-5.34,0.9774,0.0226
walking,25945,21797,0.5361,0.3484,0.7683,-3.84,9.80,-5.36,0.9996,0.0004
walking,25957,21809,0.5391,0.3625,0.7893,-2.92,7.66,-5.50,1.0223,0.0223
walking,25969,21821,0.5444,0.3672,0.7915,-1.53,5.76,-5.23,1.0285,0.0285
walking,25981,21833,0.5566,0.3618,0.7881,-0.20,4.04,-4.30,1.0305,0.0305
walking,25993,21845,0.5522,0.3755,0.7874,1.23,2.34,-3.16,1.0324,0.0324
walking,26005,21857,0.5476,0.3774,0.7864,2.05,1.10,-1.74,1.0299,0.0299
walking,26017,21869,0.5471,0.3762,0.7737,1.69,0.73,-1.15,1.0195,0.0195
walking,26045,21897,0.4993,0.3689,0.7417,-1.59,2.19,-0.62,0.9672,0.0328
walking,26057,21909,0.4832,0.3704,0.7117,-1.37,1.62,-1.66,0.9365,0.0635
walking,26069,21921,0.5073,0.3696,0.7000,-0.60,-3.27,-2.27,0.9402,0.0598
walking,26081,21933,0.5342,0.3770,0.6860,-2.68,-3.78,-3.15,0.9477,0.0523
walking,26093,21945,0.5823,0.3860,0.6880,-8.65,8.86,-1.97,0.9805,0.0195
walking,26105,21957,0.6448,0.4170,0.7354,-13.49,28.98,3.75,1.0632,0.0632
walking,26117,21969,0.7234,0.4309,0.8098,-16.38,44.92,14.72,1.1682,0.1682
walking,26129,21981,0.6980,0.3865,0.9309,-16.08,65.34,24.92,1.2260,0.2260
walking,26141,21993,0.5337,0.2969,1.0371,-10.79,69.11,27.25,1.2036,0.2036
walking,26153,22005,0.3643,0.2278,1.0989,0.27,46.87,18.92,1.1799,0.1799
walking,26186,22038,0.3291,0.1523,0.9353,10.67,-36.13,-15.73,1.0031,0.0031
walking,26198,22050,0.4060,0.2129,0.7725,1.63,-42.89,-19.80,0.8983,0.1017
walking,26210,22062,0.4492,0.2734,0.6467,-5.49,-36.06,-20.18,0.8336,0.1664
walking,26222,22074,0.5559,0.3237,0.4976,-10.38,-18.88,-16.78,0.8133,0.1867
walking,26234,22086,0.5347,0.3376,0.5039,-9.98,3.47,-10.15,0.8086,0.1914
walking,26246,22098,0.5127,0.3616,0.5820,-4.31,23.69,-4.15,0.8558,0.1442
walking,26258,22110,0.4985,0.3508,0.6870,5.88,35.73,1.45,0.9185,0.0815
walking,26270,22122,0.4919,0.3376,0.7952,16.49,35.55,8.73,0.9941,0.0059
walking,26282,22134,0.5134,0.3230,0.8647,21.01,26.14,11.60,1.0563,0.0563
walking,26294,22146,0.4138,0.2744,0.9961,15.61,8.06,14.45,1.1130,0.1130
walking,26322,22174,0.4512,0.2681,0.9016,-6.44,-17.90,11.24,1.0432,0.0432
walking,26334,22186,0.4387,0.2590,0.7888,-12.69,-24.58,9.06,0.9390,0.0610
walking,26346,22198,0.4255,0.2642,0.6897,-17.05,-26.88,6.74,0.8524,0.1476
walking,26358,22210,0.4294,0.2764,0.6060,-18.98,-25.19,4.54,0.7925,0.2075
walking,26370,22222,0.4048,0.2942,0.6194,-18.22,-18.34,0.89,0.7963,0.2037
walking,26382,22234,0.4324,0.3276,0.5371,-13.80,-12.07,-1.42,0.7634,0.2366
walking,26394,22246,0.4492,0.3406,0.5383,-6.50,-8.01,-1.93,0.7795,0.2205
walking,26406,22258,0.4558,0.3381,0.5566,-0.49,-5.87,-0.49,0.7950,0.2050
walking,26418,22270,0.4629,0.3323,0.5950,2.83,-2.64,0.26,0.8238,0.1762
walking,26430,22282,0.4680,0.3259,0.6497,3.01,1.53,0.73,0.8645,0.1355
walking,26458,22310,0.4490,0.2935,0.7617,-4.68,7.58,-1.74,0.9316,0.0684
walking,26470,22322,0.4314,0.2871,0.8064,-9.06,6.89,-5.80,0.9585,0.0415
walking,26482,22334,0.4175,0.2920,0.8464,-12.63,2.33,-11.53,0.9879,0.0121
walking,26494,22346,0.4360,0.3132,0.8442,-14.63,-5.44,-16.31,1.0005,0.0005
walking,26506,22358,0.4705,0.3394,0.8406,-15.79,-11.92,-18.04,1.0213,0.0213
walking,26518,22370,0.4871,0.3528,0.8027,-17.27,-15.81,-18.40,1.0030,0.0030
walking,26530,22382,0.4929,0.3789,0.7688,-18.78,-17.96,-17.54,0.9887,0.0113
walking,26542,22394,0.4905,0.3809,0.7271,-19.05,-17.48,-16.89,0.9562,0.0438
walking,26554,22406,0.4963,0.3721,0.7107,-19.04,-15.82,-16.59,0.9433,0.0567
walking,26566,22418,0.4905,0.3848,0.7043,-17.91,-13.60,-16.82,0.9406,0.0594
walking,26599,22451,0.5159,0.3962,0.7412,-15.76,-7.64,-20.15,0.9862,0.0138
walking,26611,22463,0.5181,0.3955,0.7683,-15.88,-3.98,-20.44,1.0075,0.0075
walking,26623,22475,0.4868,0.3948,0.8025,-16.57,-4.70,-21.18,1.0182,0.0182
walking,26635,22487,0.4739,0.3921,0.8245,-16.56,-9.68,-22.30,1.0286,0.0286
walking,26647,22499,0.4661,0.3979,0.8301,-16.18,-16.36,-23.47,1.0318,0.0318
walking,26659,22511,0.4961,0.4194,0.8118,-16.18,-25.40,-23.68,1.0397,0.0397
walking,26671,22523,0.5359,0.4341,0.7852,-18.63,-26.86,-22.18,1.0450,0.0450
walking,26683,22535,0.5908,0.4585,0.7676,-23.04,-19.27,-18.33,1.0717,0.0717
walking,26695,22547,0.6487,0.4751,0.7698,-25.95,-6.81,-11.25,1.1131,0.1131
walking,26707,22559,0.6650,0.4316,0.8064,-26.11,8.07,-4.55,1.1309,0.1309
walking,26759,22611,0.5205,0.2642,1.0818,-12.68,-3.70,-17.21,1.2292,0.2292
walking,26771,22623,0.5032,0.2639,1.0542,-12.05,-18.18,-19.19,1.1976,0.1976
walking,26783,22635,0.4978,0.2656,0.9746,-15.65,-31.08,-19.70,1.1262,0.1262
walking,26795,22647,0.4756,0.2502,0.8503,-20.87,-38.87,-21.59,1.0059,0.0059
walking,26807,22659,0.4563,0.2290,0.7200,-25.40,-43.27,-25.41,0.8826,0.1174
walking,26819,22671,0.4592,0.2397,0.6223,-28.69,-41.46,-28.67,0.8097,0.1903
walking,26831,22683,0.4773,0.2380,0.5544,-30.44,-34.42,-32.79,0.7693,0.2307
walking,26843,22695,0.4768,0.2395,0.5161,-29.08,-22.39,-35.33,0.7423,0.2577
walking,26855,22707,0.4941,0.2031,0.4812,-21.31,-7.84,-39.41,0.7190,0.2810
walking,26867,22719,0.4939,0.1985,0.5251,-12.60,-1.81,-40.89,0.7477,0.2523
walking,26904,22756,0.5549,0.2197,0.7373,2.47,12.08,-36.18,0.9486,0.0514
walking,26916,22768,0.5618,0.2354,0.8123,3.30,15.75,-32.72,1.0153,0.0153
walking,26928,22780,0.5388,0.2437,0.8779,3.43,16.23,-27.92,1.0585,0.0585
walking,26940,22792,0.5256,0.2483,0.9260,3.83,13.36,-23.76,1.0934,0.0934
walking,26952,22804,0.4927,0.2502,0.9978,2.89,6.80,-21.42,1.1406,0.1406
walking,26964,22816,0.4241,0.2314,1.0483,-3.84,-8.02,-18.87,1.1543,0.1543
walking,26976,22828,0.3796,0.2317,0.9631,-10.04,-25.75,-21.83,1.0609,0.0609
walking,26988,22840,0.3750,0.2415,0.8718,-16.63,-40.07,-23.14,0.9793,0.0207
walking,27000,22852,0.3787,0.2610,0.7002,-20.89,-47.22,-22.90,0.8377,0.1623
walking,27012,22864,0.4065,0.2876,0.5833,-21.95,-49.21,-20.75,0.7669,0.2331
walking,27040,22892,0.4624,0.3047,0.4636,-22.40,-22.82,-10.57,0.7222,0.2778
walking,27052,22904,0.4922,0.3088,0.4270,-20.98,-3.94,-6.42,0.7211,0.2789
walking,27064,22916,0.5000,0.3093,0.4670,-17.84,11.88,-2.24,0.7509,0.2491
walking,27076,22928,0.4954,0.2952,0.5273,-11.35,25.69,-0.77,0.7814,0.2186
walking,27088,22940,0.4712,0.2678,0.6113,-2.97,30.60,0.85,0.8170,0.1830
walking,27100,22952,0.4478,0.2434,0.7051,4.49,27.96,-0.62,0.8700,0.1300
walking,27112,22964,0.4451,0.2632,0.7803,8.04,20.02,-3.67,0.9360,0.0640
walking,27124,22976,0.4695,0.2847,0.8347,8.35,11.89,-6.53,0.9991,0.0009
walking,27136,22988,0.5195,0.2971,0.8462,6.05,5.15,-6.60,1.0365,0.0365
walking,27148,23000,0.5481,0.3252,0.8438,3.08,2.06,-4.67,1.0574,0.0574
walking,27181,23033,0.5769,0.3772,0.7917,-2.24,4.98,3.18,1.0497,0.0497
walking,27193,23045,0.5813,0.3748,0.8076,-1.89,9.43,6.29,1.0633,0.0633
walking,27205,23057,0.5681,0.3691,0.8230,-1.12,12.41,8.86,1.0660,0.0660
walking,27217,23069,0.5435,0.3545,0.8586,-0.45,13.17,10.47,1.0762,0.0762
walking,27229,23081,0.5195,0.3511,0.8640,0.69,9.66,11.21,1.0676,0.0676
walking,27241,23093,0.5081,0.3662,0.8577,1.34,2.83,10.73,1.0620,0.0620
walking,27253,23105,0.5498,0.3704,0.8484,-0.87,5.61,10.76,1.0767,0.0767
walking,27265,23117,0.6060,0.4038,0.9048,-6.87,13.17,17.30,1.1614,0.1614
walking,27277,23129,0.6428,0.4241,0.9229,-11.75,25.71,25.28,1.2020,0.2020
walking,27289,23141,0.5857,0.3862,0.9678,-14.28,32.04,31.68,1.1953,0.1953
walking,27317,23169,0.2944,0.2585,0.9458,-13.15,-4.17,21.76,1.0238,0.0238
walking,27329,23181,0.3079,0.2581,0.8381,-15.56,-19.17,9.92,0.9294,0.0706
walking,27341,23193,0.4075,0.2842,0.7241,-17.76,-23.50,2.85,0.8781,0.1219
walking,27353,23205,0.4856,0.3296,0.6438,-20.12,-12.56,3.21,0.8712,0.1288
walking,27365,23217,0.4976,0.3477,0.5898,-18.58,5.01,6.26,0.8464,0.1536
walking,27377,23229,0.4368,0.3557,0.5857,-11.59,21.08,5.19,0.8126,0.1874
walking,27389,23241,0.3599,0.3481,0.6228,1.10,22.11,2.39,0.7991,0.2009
walking,27401,23253,0.3572,0.3289,0.6680,17.75,16.94,-0.43,0.8258,0.1742
walking,27413,23265,0.4084,0.3474,0.7109,32.10,11.37,2.13,0.8905,0.1095
walking,27425,23277,0.4578,0.3701,0.7559,40.07,15.49,7.07,0.9580,0.0420
walking,27458,23310,0.4460,0.3784,1.0232,13.16,25.29,30.63,1.1786,0.1786
walking,27470,23322,0.4285,0.3386,1.0662,2.99,20.45,38.09,1.1979,0.1979
walking,27482,23334,0.3560,0.2793,1.0586,-5.22,11.11,41.06,1.1512,0.1512
walking,27494,23346,0.2800,0.2339,1.0164,-11.51,-9.33,38.05,1.0799,0.0799
walking,27506,23358,0.3081,0.2102,0.8955,-16.34,-17.87,27.37,0.9701,0.0299
walking,27518,23370,0.2969,0.2234,0.7812,-20.24,-29.77,16.21,0.8651,0.1349
walking,27530,23382,0.3335,0.2366,0.6636,-23.34,-35.53,10.00,0.7794,0.2206
walking,27542,23394,0.3938,0.2620,0.5574,-23.49,-32.38,7.05,0.7310,0.2690
walking,27554,23406,0.3486,0.3083,0.5286,-19.01,-22.90,1.68,0.7043,0.2957
walking,27566,23418,0.3975,0.3298,0.4446,-10.70,-8.53,2.09,0.6815,0.3185
walking,27594,23446,0.4751,0.3662,0.4558,10.80,13.82,5.84,0.7534,0.2466
walking,27606,23458,0.4678,0.3738,0.5442,17.72,22.95,8.24,0.8091,0.1909
walking,27618,23470,0.4436,0.3879,0.6492,19.66,27.41,7.42,0.8768,0.1232
walking,27630,23482,0.4290,0.3752,0.7527,16.90,27.82,4.95,0.9441,0.0559
walking,27642,23494,0.4507,0.3643,0.8367,13.87,22.32,3.68,1.0178,0.0178
walking,27654,23506,0.5210,0.3572,0.9023,2.68,10.57,8.31,1.1015,0.1015
walking,27666,23518,0.4827,0.3621,0.9580,-5.56,2.74,8.35,1.1322,0.1322
walking,27678,23530,0.4517,0.3437,0.9436,-13.68,-8.73,7.60,1.1012,0.1012
walking,27690,23542,0.4353,0.3186,0.8718,-18.89,-21.30,4.74,1.0252,0.0252
walking,27702,23554,0.4402,0.3074,0.7908,-21.82,-30.11,0.72,0.9558,0.0442
walking,27735,23587,0.4910,0.3489,0.6423,-23.11,-23.82,-4.95,0.8805,0.1195
walking,27747,23599,0.5088,0.3743,0.6350,-19.62,-16.53,-5.34,0.8956,0.1044
walking,27759,23611,0.4988,0.3748,0.6509,-13.29,-9.76,-6.76,0.9016,0.0984
walking,27771,23623,0.4653,0.3809,0.6914,-7.15,-9.09,-8.15,0.9163,0.0837
walking,27783,23635,0.4758,0.3608,0.7405,-2.27,-8.51,-10.40,0.9513,0.0487
walking,27795,23647,0.4814,0.3672,0.7620,0.50,-8.18,-11.54,0.9732,0.0268
walking,27807,23659,0.4961,0.3811,0.7996,0.82,-7.99,-11.56,1.0152,0.0152
walking,27819,23671,0.5129,0.3723,0.8367,-1.02,-6.66,-10.91,1.0496,0.0496
walking,27831,23683,0.5122,0.3647,0.8931,-4.51,-5.11,-10.04,1.0922,0.0922
walking,27843,23695,0.5095,0.3672,0.9292,-10.42,-7.74,-8.82,1.1215,0.1215
walking,27871,23723,0.4934,0.3928,0.8962,-25.62,-18.67,-13.85,1.0959,0.0959
walking,27883,23735,0.5498,0.4143,0.8452,-30.67,-16.34,-12.56,1.0901,0.0901
walking,27895,23747,0.6099,0.4082,0.8296,-33.27,-5.27,-9.06,1.1076,0.1076
walking,27907,23759,0.6079,0.3816,0.8569,-34.33,5.36,-4.61,1.1178,0.1178
walking,27919,23771,0.5515,0.3389,0.8979,-32.40,12.27,-3.79,1.1069,0.1069
walking,27931,23783,0.4990,0.2947,0.9280,-26.15,11.05,-9.16,1.0941,0.0941
walking,27943,23795,0.4810,0.2607,0.9561,-17.93,3.15,-15.66,1.1015,0.1015
walking,27955,23807,0.4744,0.2344,0.9563,-11.35,-4.72,-21.79,1.0929,0.0929
walking,27967,23819,0.4514,0.2368,0.9192,-6.86,-14.60,-27.01,1.0511,0.0511
walking,27979,23831,0.4338,0.2339,0.8464,-4.50,-26.63,-31.28,0.9795,0.0205
walking,28012,23864,0.4929,0.2256,0.5796,-7.05,-37.61,-35.54,0.7936,0.2064
walking,28024,23876,0.5112,0.2339,0.5090,-9.93,-28.45,-35.37,0.7584,0.2416
walking,28036,23888,0.5320,0.2505,0.4617,-11.54,-13.58,-34.22,0.7476,0.2524
walking,28048,23900,0.5588,0.2468,0.4814,-12.19,6.53,-31.82,0.7778,0.2222
walking,28060,23912,0.5835,0.2595,0.5344,-8.86,27.41,-29.66,0.8327,0.1673
walking,28072,23924,0.5916,0.2627,0.6709,-5.49,43.59,-23.92,0.9322,0.0678
walking,28084,23936,0.5923,0.2544,0.8066,-1.06,52.07,-18.57,1.0326,0.0326
walking,28096,23948,0.5706,0.2488,0.9331,5.95,49.62,-13.83,1.1217,0.1217
walking,28108,23960,0.4756,0.2402,1.1023,11.88,31.13,-9.23,1.2243,0.2243
walking,28120,23972,0.4893,0.2368,1.1440,11.72,12.85,-6.33,1.2666,0.2666
walking,28148,24000,0.4458,0.2454,0.9717,-19.25,-37.02,-4.39,1.0969,0.0969
walking,28160,24012,0.4321,0.2480,0.7800,-29.53,-46.15,-5.53,0.9256,0.0744
walking,28172,24024,0.4250,0.2471,0.6211,-34.24,-50.63,-6.06,0.7921,0.2079
walking,28184,24036,0.4607,0.2642,0.4536,-36.85,-46.11,-4.98,0.6984,0.3016
walking,28196,24048,0.5188,0.2986,0.3149,-37.65,-35.24,-6.74,0.6764,0.3236
walking,28208,24060,0.4268,0.3040,0.3342,-32.43,-16.16,-11.36,0.6215,0.3785
walking,28220,24072,0.4590,0.3162,0.3369,-24.59,-0.74,-11.94,0.6513,0.3487
walking,28232,24084,0.5139,0.3064,0.3540,-15.31,11.41,-9.63,0.6952,0.3048
walking,28244,24096,0.5852,0.3264,0.4546,-5.05,29.51,-3.50,0.8097,0.1903
walking,28256,24108,0.5642,0.3127,0.5569,6.48,41.63,2.82,0.8522,0.1478
walking,28313,24165,0.5225,0.3154,0.9756,16.84,13.86,-1.98,1.1508,0.1508
walking,28325,24177,0.5784,0.3298,0.9639,6.51,2.65,1.90,1.1715,0.1715
walking,28337,24189,0.5544,0.3416,0.9343,-0.24,-4.92,2.87,1.1389,0.1389
walking,28349,24201,0.5540,0.3340,0.8608,-5.13,-10.49,4.82,1.0768,0.0768
walking,28361,24213,0.5430,0.3469,0.7944,-7.23,-12.89,7.23,1.0229,0.0229
walking,28373,24225,0.5532,0.3555,0.7529,-8.48,-11.28,9.65,0.9997,0.0003
walking,28385,24237,0.5688,0.3467,0.7278,-8.05,-5.39,12.01,0.9866,0.0134
walking,28397,24249,0.5688,0.3433,0.6965,-4.96,0.83,14.08,0.9626,0.0374
walking,28409,24261,0.5474,0.3196,0.6765,0.51,7.50,14.50,0.9270,0.0730
walking,28421,24273,0.5457,0.3098,0.6863,6.79,9.98,14.71,0.9299,0.0701
walking,28453,24305,0.5103,0.3179,0.7542,11.40,13.85,11.89,0.9644,0.0356
walking,28465,24317,0.5300,0.3474,0.7495,9.72,12.85,11.16,0.9815,0.0185
walking,28477,24329,0.5969,0.3762,0.7676,5.92,19.85,14.11,1.0426,0.0426
walking,28489,24341,0.6589,0.4055,0.8052,1.08,33.05,21.42,1.1167,0.1167
walking,28501,24353,0.6816,0.4033,0.8794,-7.11,43.24,34.06,1.1835,0.1835
walking,28513,24365,0.6060,0.3760,0.9724,-11.47,52.46,40.98,1.2059,0.2059
walking,28525,24377,0.4978,0.3147,0.9934,-12.40,44.91,41.16,1.1549,0.1549
walking,28537,24389,0.4209,0.2791,1.0085,-10.81,30.69,36.47,1.1279,0.1279
walking,28549,24401,0.3828,0.2427,0.9856,-8.11,6.78,28.30,1.0848,0.0848
walking,28561,24413,0.3962,0.2437,0.9116,-7.69,-10.02,20.54,1.0234,0.0234
walking,28589,24441,0.4541,0.2859,0.7395,-8.53,-7.24,15.05,0.9137,0.0863
walking,28601,24453,0.4231,0.2922,0.7058,-4.00,-1.87,14.41,0.8733,0.1267
walking,28613,24465,0.3826,0.2842,0.7095,5.53,-1.43,10.98,0.8547,0.1453
walking,28625,24477,0.3621,0.2871,0.7039,15.37,-4.37,8.46,0.8420,0.1580
walking,28637,24489,0.3809,0.3027,0.7114,22.27,-4.65,9.18,0.8619,0.1381
walking,28649,24501,0.4016,0.3113,0.7200,24.88,0.82,12.24,0.8812,0.1188
walking,28661,24513,0.4285,0.3184,0.7463,24.31,9.14,17.37,0.9176,0.0824
walking,28673,24525,0.4121,0.3198,0.8010,21.83,16.08,24.07,0.9559,0.0441
walking,28685,24537,0.4087,0.3113,0.8579,15.68,21.05,31.49,1.0000,0.0000
walking,28697,24549,0.3750,0.2551,0.9041,11.69,22.98,32.53,1.0114,0.0114
walking,28730,24582,0.2700,0.1912,0.8994,2.24,-6.89,18.10,0.9583,0.0417
walking,28742,24594,0.2952,0.2107,0.8081,-2.86,-17.33,9.80,0.8857,0.1143
walking,28754,24606,0.3584,0.2476,0.7134,-7.47,-23.38,4.82,0.8358,0.1642
walking,28766,24618,0.4265,0.3159,0.6343,-10.85,-21.90,3.34,0.8271,0.1729
walking,28778,24630,0.5015,0.3591,0.5740,-12.06,-14.33,5.34,0.8425,0.1575
walking,28790,24642,0.5830,0.3757,0.4910,-11.15,-4.62,8.52,0.8498,0.1502
walking,28802,24654,0.5437,0.3430,0.5503,-8.19,8.02,12.49,0.8462,0.1538
walking,28814,24666,0.4856,0.3403,0.6082,-4.21,17.95,13.77,0.8494,0.1506
walking,28826,24678,0.4438,0.3171,0.6633,0.85,24.54,11.09,0.8588,0.1412
walking,28838,24690,0.4080,0.3064,0.7551,5.56,23.74,8.59,0.9113,0.0887
walking,28866,24718,0.3784,0.2917,0.8833,9.69,6.67,-2.54,1.0043,0.0043
walking,28878,24730,0.3865,0.2947,0.8923,7.45,-3.60,-5.59,1.0161,0.0161
walking,28890,24742,0.3650,0.3103,0.9663,-2.44,-15.32,-3.89,1.0785,0.0785
walking,28902,24754,0.3896,0.3484,0.8538,-10.95,-20.97,-5.60,1.0011,0.0011
walking,28914,24766,0.4119,0.3713,0.7842,-18.99,-25.38,-6.34,0.9604,0.0396
walking,28926,24778,0.4187,0.3735,0.7004,-23.24,-26.13,-7.23,0.8975,0.1025
walking,28938,24790,0.4360,0.3850,0.6489,-24.31,-26.40,-7.26,0.8715,0.1285
walking,28950,24802,0.4570,0.3909,0.5933,-23.99,-22.00,-6.94,0.8448,0.1552
walking,28962,24814,0.5007,0.3970,0.5920,-21.21,-13.22,-6.38,0.8711,0.1289
walking,28974,24826,0.4863,0.3987,0.5962,-15.53,-6.46,-6.97,0.8665,0.1335
walking,29007,24859,0.4834,0.3811,0.6970,0.15,-8.41,-13.66,0.9299,0.0701
walking,29019,24871,0.5100,0.3938,0.7432,3.29,-9.24,-15.93,0.9836,0.0164
walking,29031,24883,0.5439,0.4133,0.7805,2.61,-7.93,-15.69,1.0373,0.0373
walking,29043,24895,0.5552,0.4221,0.8296,0.66,-4.52,-13.95,1.0838,0.0838
walking,29055,24907,0.5481,0.4287,0.8691,-1.75,-2.27,-11.65,1.1134,0.1134
walking,29067,24919,0.4985,0.4290,0.9607,-4.16,-4.95,-8.37,1.1642,0.1642
walking,29079,24931,0.4983,0.4214,0.9590,-6.15,-7.71,-6.55,1.1600,0.1600
walking,29091,24943,0.4937,0.4204,0.9634,-8.30,-17.89,-5.82,1.1613,0.1613
walking,29103,24955,0.5005,0.4282,0.9448,-12.87,-21.38,-5.01,1.1518,0.1518
walking,29115,24967,0.5586,0.4253,0.9019,-18.80,-17.20,-1.63,1.1429,0.1429
walking,29143,24995,0.5762,0.3694,0.9028,-22.31,8.33,8.22,1.1329,0.1329
walking,29155,25007,0.5164,0.3303,0.9563,-19.33,13.81,7.65,1.1359,0.1359
walking,29167,25019,0.4707,0.2788,0.9802,-14.29,11.04,2.09,1.1226,0.1226
walking,29179,25031,0.4248,0.2495,1.0085,-10.47,4.04,-3.84,1.1224,0.1224
walking,29191,25043,0.4021,0.2449,0.9653,-7.02,-6.46,-10.80,1.0740,0.0740
walking,29203,25055,0.4077,0.2441,0.9082,-4.53,-18.95,-16.43,1.0250,0.0250
walking,29215,25067,0.4009,0.2388,0.8176,-2.81,-29.34,-20.73,0.9414,0.0586
walking,29227,25079,0.4163,0.2375,0.7056,-2.73,-34.03,-24.27,0.8530,0.1470
walking,29239,25091,0.4348,0.2515,0.6106,-3.70,-34.53,-25.69,0.7906,0.2094
walking,29251,25103,0.4595,0.2588,0.5300,-5.08,-26.55,-25.44,0.7477,0.2523
walking,29284,25136,0.4910,0.2485,0.4712,2.31,10.24,-24.08,0.7245,0.2755
walking,29296,25148,0.4648,0.2627,0.5459,7.38,17.68,-22.89,0.7636,0.2364
walking,29308,25160,0.4966,0.2817,0.6191,10.27,25.75,-19.50,0.8422,0.1578
walking,29320,25172,0.5339,0.3018,0.7048,13.25,33.24,-15.02,0.9343,0.0657
walking,29332,25184,0.5632,0.3022,0.7981,14.22,39.40,-7.02,1.0225,0.0225
walking,29344,25196,0.5725,0.2944,0.8940,13.02,41.08,1.89,1.1017,0.1017
walking,29356,25208,0.5056,0.2788,1.0525,8.38,34.66,9.82,1.2005,0.2005
walking,29368,25220,0.4919,0.2417,1.0393,3.71,26.75,12.89,1.1750,0.1750
walking,29380,25232,0.4363,0.2305,1.0583,-1.85,10.76,11.56,1.1677,0.1677
walking,29392,25244,0.4036,0.2180,1.0261,-7.98,-6.24,8.23,1.1240,0.1240
walking,29420,25272,0.4060,0.2625,0.7310,-17.63,-34.02,-0.02,0.8764,0.1236
walking,29432,25284,0.4280,0.2825,0.6128,-19.22,-34.76,-0.07,0.7990,0.2010
walking,29444,25296,0.4500,0.3066,0.5144,-19.30,-28.12,0.49,0.7491,0.2509
walking,29456,25308,0.5222,0.3196,0.4062,-16.72,-15.15,2.31,0.7348,0.2652
walking,29468,25320,0.5339,0.3386,0.4058,-13.05,-0.14,1.21,0.7513,0.2487
walking,29480,25332,0.4783,0.3381,0.4436,-7.67,11.34,1.31,0.7348,0.2652
walking,29492,25344,0.5105,0.3188,0.4817,-1.01,19.22,1.92,0.7709,0.2291
walking,29504,25356,0.5071,0.3179,0.5652,5.05,28.45,2.67,0.8232,0.1768
walking,29516,25368,0.4900,0.3201,0.6079,12.45,30.67,2.15,0.8439,0.1561
walking,29528,25380,0.4902,0.3188,0.6975,19.63,26.27,1.40,0.9102,0.0898
walking,29561,25413,0.5520,0.3643,0.8176,15.23,11.43,1.17,1.0516,0.0516
walking,29573,25425,0.5793,0.3906,0.8398,7.61,6.88,6.28,1.0925,0.0925
walking,29585,25437,0.5872,0.3938,0.8123,2.00,6.48,8.86,1.0768,0.0768
walking,29597,25449,0.5779,0.3838,0.8054,-1.65,7.76,11.85,1.0630,0.0630
walking,29609,25461,0.5552,0.3677,0.8103,-2.76,8.63,14.06,1.0488,0.0488
walking,29621,25473,0.5298,0.3435,0.8130,-2.85,8.18,14.64,1.0294,0.0294
walking,29633,25485,0.4910,0.3259,0.8079,-2.09,8.50,12.11,1.0000,0.0000
walking,29645,25497,0.4600,0.3206,0.8054,-0.58,5.48,8.31,0.9813,0.0187
walking,29657,25509,0.4780,0.3267,0.7952,0.82,2.34,5.24,0.9836,0.0164
walking,29669,25521,0.5359,0.3496,0.7991,-0.46,6.02,4.48,1.0237,0.0237
walking,29697,25549,0.6145,0.4353,0.9309,-6.34,40.16,17.52,1.1974,0.1974
walking,29709,25561,0.6006,0.4089,0.9900,-8.31,50.18,25.35,1.2280,0.2280
walking,29721,25573,0.4829,0.3494,1.0820,-8.14,44.10,28.55,1.2353,0.2353
walking,29733,25585,0.3733,0.3047,1.1167,-8.32,23.74,25.46,1.2162,0.2162
walking,29745,25597,0.3350,0.2759,1.0776,-10.95,1.85,16.24,1.1617,0.1617
walking,29757,25609,0.3474,0.2759,0.9692,-15.48,-15.48,8.52,1.0659,0.0659
walking,29769,25621,0.4119,0.3101,0.8123,-18.39,-21.96,4.74,0.9620,0.0380
walking,29781,25633,0.4221,0.3303,0.6985,-18.41,-20.66,5.21,0.8804,0.1196
walking,29793,25645,0.4297,0.3357,0.6128,-15.18,-14.02,6.76,0.8203,0.1797
walking,29805,25657,0.4033,0.3420,0.5569,-6.70,-4.63,6.73,0.7680,0.2320
walking,29857,25709,0.4558,0.3962,0.7588,36.58,32.72,21.33,0.9698,0.0302
walking,29869,25721,0.1851,0.3782,1.1968,33.15,33.07,32.92,1.2687,0.2687
walking,29881,25733,0.3613,0.3135,1.0920,23.98,38.08,43.77,1.1922,0.1922
walking,29893,25745,0.3215,0.2778,1.1389,16.05,24.69,47.02,1.2156,0.2156
walking,29905,25757,0.2502,0.2446,1.1492,7.56,5.98,44.23,1.2013,0.2013
walking,29917,25769,0.1948,0.2070,1.0664,-2.20,-18.56,36.29,1.1036,0.1036
walking,29929,25781,0.2581,0.2065,0.9133,-12.13,-38.82,29.33,0.9713,0.0287
walking,29941,25793,0.2605,0.2422,0.7722,-18.58,-37.63,19.81,0.8502,0.1498
walking,29953,25805,0.3342,0.2791,0.5813,-21.40,-35.71,18.38,0.7263,0.2737
walking,29965,25817,0.4470,0.3074,0.4580,-19.05,-20.84,20.11,0.7100,0.2900
walking,30002,25854,0.4421,0.3120,0.4753,10.92,15.56,19.57,0.7203,0.2797
walking,30014,25866,0.4331,0.3179,0.5190,21.50,21.65,19.36,0.7470,0.2530
walking,30026,25878,0.3447,0.3367,0.6760,26.15,19.14,15.84,0.8302,0.1698
walking,30038,25890,0.4111,0.3232,0.7368,25.23,25.05,12.69,0.9036,0.0964
walking,30050,25902,0.4519,0.3181,0.7957,20.79,24.86,9.55,0.9688,0.0312
walking,30062,25914,0.4702,0.3210,0.8721,11.13,16.00,10.84,1.0415,0.0415
walking,30074,25926,0.4863,0.3328,0.8914,1.79,15.24,9.37,1.0685,0.0685
walking,30086,25938,0.4727,0.3347,0.9004,-6.11,8.05,7.24,1.0706,0.0706
walking,30098,25950,0.4590,0.3206,0.8733,-11.04,-0.17,4.89,1.0373,0.0373
walking,30110,25962,0.4517,0.3193,0.8367,-13.58,-9.60,2.11,1.0030,0.0030
walking,30138,25990,0.4944,0.3513,0.7480,-15.86,-18.03,-1.92,0.9630,0.0370
walking,30150,26002,0.5110,0.3513,0.7112,-15.86,-16.50,-1.46,0.9436,0.0564
walking,30162,26014,0.5181,0.3413,0.6958,-14.91,-11.79,-0.98,0.9322,0.0678
walking,30174,26026,0.4768,0.3408,0.6895,-12.05,-7.35,-3.21,0.9049,0.0951
walking,30186,26038,0.4609,0.3489,0.7280,-9.05,-7.11,-6.85,0.9296,0.0704
walking,30198,26050,0.4641,0.3467,0.7483,-8.07,-7.18,-10.23,0.9463,0.0537
walking,30210,26062,0.4941,0.3560,0.7891,-8.24,-5.79,-13.52,0.9967,0.0033
walking,30222,26074,0.4824,0.3572,0.8269,-9.37,-4.09,-15.78,1.0218,0.0218
walking,30234,26086,0.4827,0.3743,0.8530,-9.86,-5.42,-17.05,1.0491,0.0491
walking,30246,26098,0.4714,0.3794,0.8652,-9.44,-10.22,-18.07,1.0559,0.0559
walking,30279,26131,0.4746,0.4065,0.8003,-13.12,-30.83,-20.09,1.0154,0.0154
walking,30291,26143,0.5068,0.4331,0.7236,-18.45,-28.73,-19.14,0.9839,0.0161
walking,30303,26155,0.5793,0.4500,0.6960,-22.95,-17.73,-14.57,1.0112,0.0112
walking,30315,26167,0.6382,0.4419,0.6902,-24.75,-0.37,-8.89,1.0387,0.0387
walking,30327,26179,0.6213,0.4075,0.7380,-24.51,17.28,-3.08,1.0473,0.0473
walking,30339,26191,0.5828,0.3530,0.8440,-23.38,28.72,-0.49,1.0847,0.0847
walking,30351,26203,0.5171,0.3018,0.9695,-20.96,28.42,-2.34,1.1394,0.1394
walking,30363,26215,0.4944,0.2522,1.0410,-17.31,20.64,-7.08,1.1797,0.1797
walking,30375,26227,0.4702,0.2114,1.0632,-13.44,8.69,-11.95,1.1816,0.1816
walking,30387,26239,0.4641,0.1943,1.0317,-7.98,-10.27,-18.42,1.1479,0.1479
walking,30415,26267,0.4377,0.2183,0.8179,-7.55,-45.43,-29.61,0.9530,0.0470
walking,30427,26279,0.4575,0.2515,0.6692,-10.76,-45.97,-32.27,0.8487,0.1513
walking,30439,26291,0.4944,0.2749,0.5544,-11.48,-39.11,-32.44,0.7921,0.2079
walking,30451,26303,0.5190,0.2778,0.4968,-10.81,-24.84,-29.53,0.7703,0.2297
walking,30463,26315,0.5242,0.2642,0.5220,-8.35,-6.51,-26.81,0.7855,0.2145
walking,30475,26327,0.5024,0.2725,0.5664,-4.15,12.24,-24.94,0.8047,0.1953
walking,30487,26339,0.4761,0.2678,0.6621,2.06,21.73,-22.30,0.8583,0.1417
walking,30499,26351,0.4724,0.2737,0.7385,9.89,24.35,-19.10,0.9184,0.0816
walking,30511,26363,0.5120,0.2820,0.8220,16.40,24.12,-13.79,1.0086,0.0086
walking,30523,26375,0.5044,0.2637,0.9202,16.08,18.21,-5.99,1.0820,0.0820
walking,30556,26408,0.5181,0.2500,1.0815,-1.11,-2.77,11.47,1.2250,0.2250
walking,30568,26420,0.4084,0.2163,1.0193,-7.79,-19.06,11.21,1.1192,0.1192
walking,30580,26432,0.3555,0.2095,0.9358,-15.80,-28.57,7.43,1.0227,0.0227
walking,30592,26444,0.3621,0.2209,0.8044,-21.40,-35.16,1.74,0.9094,0.0906
walking,30604,26456,0.3867,0.2236,0.6326,-23.37,-34.75,-3.76,0.7744,0.2256
walking,30616,26468,0.4119,0.2344,0.5122,-23.11,-29.71,-4.85,0.6978,0.3022
walking,30628,26480,0.3335,0.2610,0.5068,-21.08,-23.37,-6.38,0.6605,0.3395
walking,30640,26492,0.4238,0.2979,0.4402,-14.79,-11.71,-6.79,0.6798,0.3202
walking,30652,26504,0.4736,0.3120,0.4265,-6.05,-0.67,-6.89,0.7096,0.2904
walking,30664,26516,0.5151,0.3098,0.4712,2.50,9.96,-4.04,0.7638,0.2362
walking,30692,26544,0.5044,0.3101,0.6641,13.08,25.66,0.57,0.8897,0.1103
walking,30704,26556,0.5093,0.3147,0.7419,14.17,26.37,0.50,0.9534,0.0466
walking,30716,26568,0.4543,0.3157,0.8782,12.15,13.02,2.15,1.0379,0.0379
walking,30728,26580,0.5483,0.3457,0.8750,8.05,13.94,6.24,1.0890,0.0890
walking,30740,26592,0.5786,0.3489,0.8909,4.19,5.79,8.56,1.1181,0.1181
walking,30752,26604,0.5933,0.3577,0.8882,0.52,2.06,12.67,1.1264,0.1264
walking,30764,26616,0.5688,0.3469,0.8479,-1.31,-1.15,16.05,1.0784,0.0784
walking,30776,26628,0.5586,0.3374,0.8025,-1.33,-3.34,18.49,1.0343,0.0343
walking,30788,26640,0.5552,0.3208,0.7615,0.37,-3.66,20.31,0.9955,0.0045
walking,30800,26652,0.5391,0.3181,0.7141,3.24,-1.07,21.34,0.9496,0.0504
walking,30833,26685,0.5002,0.3000,0.7446,11.19,8.12,23.58,0.9459,0.0541
walking,30845,26697,0.5132,0.3040,0.7681,11.64,3.78,22.38,0.9725,0.0275
walking,30857,26709,0.5024,0.3196,0.7803,7.54,5.90,21.16,0.9815,0.0185
walking,30869,26721,0.5479,0.3687,0.7815,1.13,13.27,22.99,1.0231,0.0231
walking,30881,26733,0.5974,0.3918,0.8271,-4.44,25.61,29.49,1.0930,0.0930
walking,30893,26745,0.6350,0.4150,0.8799,-6.50,38.33,37.29,1.1618,0.1618
walking,30905,26757,0.5769,0.3694,0.9619,-5.34,42.07,45.21,1.1809,0.1809
walking,30917,26769,0.4702,0.3035,1.0247,-3.67,31.55,46.52,1.1675,0.1675
walking,30929,26781,0.4026,0.2708,1.0217,-3.11,14.27,40.37,1.1311,0.1311
walking,30941,26793,0.4014,0.2676,0.9495,-5.27,-0.16,33.31,1.0650,0.0650
walking,30969,26821,0.4629,0.2947,0.6970,-7.08,-2.95,25.09,0.8871,0.1129
walking,30981,26833,0.4253,0.2849,0.6570,-3.22,-0.86,23.29,0.8329,0.1671
walking,30993,26845,0.3892,0.2773,0.6177,4.63,3.67,18.79,0.7810,0.2190
walking,31005,26857,0.3662,0.3069,0.5986,15.44,8.57,13.93,0.7659,0.2341
walking,31017,26869,0.3921,0.3247,0.6189,26.75,10.42,12.19,0.8014,0.1986
walking,31029,26881,0.4143,0.3516,0.6711,35.22,13.34,13.80,0.8635,0.1365
walking,31041,26893,0.4998,0.3862,0.7690,36.98,17.19,20.56,0.9952,0.0048
walking,31053,26905,0.4500,0.3933,0.8101,31.69,19.98,28.30,1.0066,0.0066
walking,31065,26917,0.4028,0.3984,0.8997,24.31,21.46,36.20,1.0632,0.0632
walking,31077,26929,0.4241,0.3584,0.9548,16.44,16.54,46.52,1.1045,0.1045
walking,31105,26957,0.3181,0.2458,0.9343,-3.31,8.74,52.16,1.0172,0.0172
walking,31117,26969,0.3052,0.1946,0.8818,-7.34,-3.24,47.32,0.9532,0.0468
walking,31129,26981,0.3652,0.1709,0.7598,-7.87,-11.97,41.76,0.8601,0.1399
walking,31141,26993,0.3513,0.2046,0.6814,-6.05,-9.65,31.31,0.7935,0.2065
walking,31153,27005,0.3623,0.2214,0.6138,-2.53,-8.79,24.17,0.7463,0.2537
walking,31165,27017,0.4602,0.2500,0.5425,2.77,-1.88,22.18,0.7540,0.2460
walking,31177,27029,0.4844,0.2996,0.5225,10.33,9.20,22.80,0.7729,0.2271
walking,31189,27041,0.4839,0.3433,0.5425,19.27,17.49,22.80,0.8039,0.1961
walking,31201,27053,0.4854,0.3547,0.6028,26.76,22.34,23.42,0.8513,0.1487
walking,31213,27065,0.5049,0.3777,0.6902,30.44,25.46,26.02,0.9348,0.0652
walking,31246,27098,0.5205,0.3687,0.8679,5.99,18.31,30.14,1.0771,0.0771
walking,31258,27110,0.5054,0.3403,0.8850,-1.79,11.08,31.94,1.0745,0.0745
walking,31270,27122,0.4807,0.3318,0.8469,-6.55,1.40,31.08,1.0288,0.0288
walking,31282,27134,0.4883,0.3113,0.8096,-8.85,-6.73,29.52,0.9953,0.0047
walking,31294,27146,0.4937,0.2971,0.7422,-9.24,-9.67,27.39,0.9396,0.0604
walking,31306,27158,0.4846,0.2971,0.6709,-6.21,-6.40,20.08,0.8793,0.1207
walking,31318,27170,0.4785,0.2812,0.6704,-1.66,-6.03,16.88,0.8704,0.1296
walking,31330,27182,0.4639,0.2864,0.6536,3.91,-4.60,13.26,0.8511,0.1489
walking,31342,27194,0.4724,0.3044,0.6665,9.40,-4.53,9.33,0.8718,0.1282
walking,31354,27206,0.4729,0.3274,0.7007,13.50,-3.74,6.66,0.9065,0.0935
walking,31406,27258,0.5115,0.3994,0.7878,5.95,1.69,10.24,1.0207,0.0207
walking,31418,27270,0.4956,0.3948,0.8154,2.15,2.38,13.42,1.0327,0.0327
walking,31430,27282,0.4868,0.3936,0.8198,1.39,0.91,15.26,1.0315,0.0315
walking,31442,27294,0.4756,0.3767,0.8279,2.65,-3.18,15.42,1.0264,0.0264
walking,31454,27306,0.4656,0.3706,0.8381,4.51,-10.02,15.43,1.0279,0.0279
walking,31466,27318,0.4829,0.3696,0.8179,5.62,-17.44,14.90,1.0192,0.0192
walking,31478,27330,0.5105,0.3809,0.7947,4.01,-20.91,15.56,1.0184,0.0184
walking,31490,27342,0.5208,0.4082,0.7295,1.50,-15.21,15.48,0.9849,0.0151
walking,31502,27354,0.5803,0.4343,0.7109,-0.24,-7.13,19.20,1.0153,0.0153
walking,31514,27366,0.6055,0.4211,0.7551,-1.11,5.62,24.68,1.0555,0.0555
walking,31551,27403,0.5156,0.2903,0.9937,4.15,25.03,28.03,1.1565,0.1565
walking,31563,27415,0.4856,0.2559,1.0559,9.17,11.95,21.56,1.1900,0.1900
walking,31575,27427,0.5420,0.2681,1.1104,12.73,2.22,16.08,1.2643,0.2643
walking,31587,27439,0.4878,0.2856,1.0681,15.06,-10.74,12.36,1.2085,0.2085
walking,31599,27451,0.4895,0.3086,1.0107,15.89,-25.23,8.87,1.1647,0.1647
walking,31611,27463,0.5122,0.2969,0.8977,15.24,-31.31,7.47,1.0753,0.0753
walking,31623,27475,0.4680,0.2871,0.8127,14.73,-34.98,6.43,0.9808,0.0192
walking,31635,27487,0.4280,0.2869,0.7061,15.62,-36.39,1.29,0.8741,0.1259
walking,31647,27499,0.4053,0.2883,0.6111,18.65,-36.16,-1.17,0.7879,0.2121
walking,31659,27511,0.4180,0.2805,0.5195,21.44,-31.38,-2.54,0.7234,0.2766
walking,31687,27539,0.5078,0.3342,0.4863,31.01,3.27,5.00,0.7785,0.2215
walking,31699,27551,0.5559,0.3525,0.5569,36.69,22.02,15.06,0.8622,0.1378
walking,31711,27563,0.4160,0.3740,0.8096,38.21,33.59,25.40,0.9841,0.0159
walking,31723,27575,0.5784,0.3472,0.8335,34.28,49.49,35.48,1.0723,0.0723
walking,31735,27587,0.5332,0.3054,0.9497,30.36,55.80,45.58,1.1312,0.1312
walking,31747,27599,0.4656,0.2515,1.0466,25.40,53.45,51.80,1.1728,0.1728
walking,31759,27611,0.4709,0.2053,1.0300,21.01,41.63,57.69,1.1510,0.1510
walking,31771,27623,0.3660,0.1848,1.0603,17.59,27.64,56.37,1.1368,0.1368
walking,31783,27635,0.3711,0.1741,1.0059,11.82,17.11,48.40,1.0862,0.0862
walking,31795,27647,0.3076,0.1465,0.8999,6.73,-2.98,41.28,0.9622,0.0378
walking,31828,27680,0.4609,0.2412,0.5601,3.57,-14.24,32.38,0.7644,0.2356
walking,31840,27692,0.4214,0.2979,0.5574,6.26,-1.21,31.11,0.7596,0.2404
walking,31852,27704,0.5190,0.2922,0.4849,11.11,9.45,32.02,0.7680,0.2320
walking,31864,27716,0.5442,0.2898,0.4939,17.04,20.43,37.18,0.7900,0.2100
walking,31876,27728,0.5381,0.2939,0.5181,24.05,32.82,42.82,0.8027,0.1973
walking,31888,27740,0.5149,0.2810,0.5535,31.44,42.31,46.04,0.8065,0.1935
walking,31900,27752,0.4944,0.2798,0.6062,37.68,47.41,47.23,0.8308,0.1692
walking,31912,27764,0.4861,0.2871,0.6663,42.63,49.53,48.27,0.8733,0.1267
walking,31924,27776,0.5144,0.2915,0.7385,45.50,50.50,49.62,0.9460,0.0540
walking,31936,27788,0.4519,0.2976,0.8616,44.18,48.98,51.58,1.0174,0.0174
walking,31964,27816,0.5759,0.3215,0.9082,30.76,38.23,64.14,1.1225,0.1225
walking,31976,27828,0.5698,0.3201,0.9189,24.17,33.41,69.61,1.1277,0.1277
walking,31988,27840,0.5581,0.2905,0.8784,19.90,29.57,72.65,1.0805,0.0805
walking,32000,27852,0.5356,0.2700,0.8408,17.85,24.12,74.07,1.0329,0.0329
walking,32012,27864,0.5327,0.2627,0.8110,17.60,18.60,75.74,1.0053,0.0053
walking,32024,27876,0.5417,0.2605,0.7690,19.24,17.47,75.73,0.9761,0.0239
walking,32036,27888,0.5503,0.2568,0.7090,21.37,19.85,74.90,0.9335,0.0665
walking,32048,27900,0.5432,0.2549,0.6641,25.11,22.85,73.73,0.8950,0.1050
walking,32060,27912,0.5342,0.2461,0.6504,29.77,25.92,72.88,0.8769,0.1231
walking,32072,27924,0.5222,0.2542,0.6477,35.20,28.18,70.68,0.8700,0.1300
walking,32105,27957,0.5193,0.2954,0.6833,46.81,27.99,67.68,0.9077,0.0923
walking,32117,27969,0.5681,0.3374,0.6785,44.98,32.77,68.62,0.9471,0.0529
walking,32129,27981,0.6067,0.3691,0.7136,42.32,40.13,71.97,1.0068,0.0068
walking,32141,27993,0.6328,0.3682,0.7627,40.52,50.26,78.60,1.0572,0.0572
walking,32153,28005,0.6011,0.3403,0.8645,39.47,55.58,87.14,1.1066,0.1066
walking,32165,28017,0.5525,0.2969,0.9336,39.22,52.65,93.63,1.1247,0.1247
walking,32177,28029,0.4871,0.2507,0.9932,38.06,40.89,94.85,1.1342,0.1342
walking,32189,28041,0.4397,0.2197,0.9966,34.82,26.82,91.85,1.1112,0.1112
walking,32201,28053,0.4351,0.2107,0.9397,30.04,15.44,88.07,1.0567,0.0567
walking,32213,28065,0.4626,0.2153,0.8528,25.61,9.44,86.86,0.9938,0.0062
walking,32241,28093,0.4292,0.2385,0.6633,25.79,20.01,81.32,0.8253,0.1747
walking,32253,28105,0.4102,0.2483,0.6367,30.38,27.43,77.24,0.7970,0.2030
walking,32265,28117,0.4321,0.2598,0.6179,37.89,34.31,75.18,0.7975,0.2025
walking,32277,28129,0.4446,0.2888,0.6243,46.90,40.20,75.92,0.8190,0.1810
walking,32289,28141,0.4519,0.3142,0.6704,54.92,45.72,77.48,0.8674,0.1326
walking,32301,28153,0.4646,0.3274,0.7317,60.11,51.37,80.30,0.9265,0.0735
walking,32313,28165,0.4404,0.3301,0.8335,56.25,52.93,82.52,0.9988,0.0012
walking,32325,28177,0.4360,0.3523,0.8877,50.35,51.39,83.71,1.0499,0.0499
walking,32337,28189,0.4468,0.3279,0.9268,44.56,48.34,85.18,1.0798,0.0798
walking,32349,28201,0.4497,0.3064,0.9211,39.11,42.32,88.47,1.0699,0.0699
walking,32377,28229,0.4385,0.2903,0.8474,31.07,32.46,85.82,0.9973,0.0027
walking,32389,28241,0.4404,0.2834,0.7896,31.24,31.73,84.31,0.9475,0.0525
walking,32401,28253,0.4407,0.2979,0.7581,33.58,33.76,82.54,0.9260,0.0740
walking,32413,28265,0.4395,0.3069,0.7415,37.45,37.41,80.38,0.9149,0.0851
walking,32425,28277,0.4434,0.3132,0.7454,43.13,39.75,79.38,0.9221,0.0779
walking,32437,28289,0.4387,0.3152,0.7395,48.89,41.03,79.30,0.9158,0.0842
walking,32449,28301,0.4302,0.3157,0.7466,52.76,42.08,79.34,0.9177,0.0823
walking,32461,28313,0.3938,0.3306,0.8052,51.03,41.11,78.56,0.9553,0.0447
walking,32473,28325,0.4182,0.3411,0.8071,47.75,40.76,77.83,0.9709,0.0291
walking,32485,28337,0.4387,0.3406,0.8235,43.68,39.94,79.30,0.9933,0.0067
walking,32518,28370,0.3848,0.3066,0.8186,32.91,36.27,81.05,0.9551,0.0449
walking,32530,28382,0.3877,0.3042,0.7996,32.63,31.68,79.85,0.9392,0.0608
walking,32542,28394,0.4131,0.3079,0.7886,33.99,29.60,79.02,0.9419,0.0581
walking,32554,28406,0.4246,0.3264,0.7722,36.59,30.65,77.02,0.9397,0.0603
walking,32566,28418,0.4453,0.3401,0.7666,39.24,30.59,77.10,0.9495,0.0505
walking,32578,28430,0.4590,0.3462,0.7673,40.86,31.79,78.00,0.9588,0.0412
walking,32590,28442,0.4497,0.3538,0.7761,41.80,32.21,78.63,0.9642,0.0358
walking,32602,28454,0.4524,0.3584,0.7827,41.69,32.10,79.05,0.9725,0.0275
walking,32614,28466,0.4553,0.3555,0.7827,40.50,31.09,79.86,0.9728,0.0272
walking,32626,28478,0.4561,0.3564,0.8005,38.63,30.08,80.78,0.9879,0.0121
walking,32654,28506,0.4546,0.3347,0.7925,34.37,28.27,80.76,0.9730,0.0270
walking,32666,28518,0.4590,0.3240,0.7917,33.13,26.76,80.72,0.9708,0.0292
walking,32678,28530,0.4573,0.3259,0.7878,33.05,27.43,78.66,0.9675,0.0325
walking,32690,28542,0.4648,0.3259,0.7849,33.67,26.60,77.53,0.9687,0.0313
walking,32702,28554,0.4390,0.3152,0.7935,34.80,24.07,75.34,0.9600,0.0400
walking,32714,28566,0.4436,0.3120,0.7952,34.89,20.05,73.50,0.9625,0.0375
walking,32726,28578,0.4526,0.3181,0.7778,34.37,16.29,72.15,0.9545,0.0455
walking,32738,28590,0.4585,0.3157,0.7593,32.63,14.29,71.33,0.9415,0.0585
walking,32750,28602,0.4641,0.3169,0.7344,30.53,14.18,70.89,0.9247,0.0753
walking,32762,28614,0.4573,0.3091,0.7180,28.44,16.08,70.02,0.9056,0.0944
walking,32795,28647,0.4473,0.2876,0.6865,27.21,21.38,63.00,0.8684,0.1316
walking,32807,28659,0.4502,0.2869,0.7187,28.30,21.74,60.43,0.8953,0.1047
walking,32819,28671,0.4575,0.2805,0.7351,28.47,21.60,57.40,0.9102,0.0898
walking,32831,28683,0.4658,0.2893,0.7605,27.25,21.27,54.06,0.9376,0.0624
walking,32843,28695,0.4690,0.3032,0.7605,24.37,21.05,50.85,0.9435,0.0565
walking,32855,28707,0.5027,0.3147,0.7625,20.68,24.53,48.15,0.9659,0.0341
walking,32867,28719,0.5427,0.3308,0.7883,17.56,33.96,47.73,1.0126,0.0126
walking,32879,28731,0.5405,0.3276,0.8276,16.88,44.43,47.92,1.0414,0.0414
walking,32891,28743,0.5088,0.3196,0.9038,20.02,48.91,46.88,1.0853,0.0853
walking,32903,28755,0.4658,0.3142,0.9800,24.79,44.75,43.85,1.1296,0.1296
walking,32955,28807,0.4646,0.3040,0.8232,21.71,7.40,33.85,0.9930,0.0070
walking,32967,28819,0.4873,0.3074,0.7292,21.43,10.51,34.50,0.9294,0.0706
walking,32979,28831,0.4807,0.3049,0.6812,23.99,16.69,34.96,0.8877,0.1123
walking,32991,28843,0.4534,0.2930,0.6472,28.98,24.27,32.72,0.8428,0.1572
walking,33003,28855,0.4226,0.2634,0.6316,36.91,30.49,29.21,0.8043,0.1957
walking,33015,28867,0.4165,0.2512,0.6287,47.18,33.50,24.93,0.7949,0.2051
walking,33027,28879,0.4646,0.2681,0.6477,59.57,34.87,22.30,0.8410,0.1590
walking,33039,28891,0.5459,0.3000,0.6816,69.69,38.33,25.22,0.9234,0.0766
walking,33051,28903,0.5854,0.3245,0.7544,72.86,45.11,33.51,1.0085,0.0085
walking,33063,28915,0.5669,0.3242,0.8293,60.99,45.56,40.88,1.0556,0.0556
walking,33100,28952,0.5171,0.2825,0.8938,22.18,28.71,55.30,1.0705,0.0705
walking,33112,28964,0.5344,0.2698,0.8503,11.85,28.52,57.31,1.0399,0.0399
walking,33124,28976,0.5571,0.2461,0.8208,5.14,30.38,60.84,1.0221,0.0221
walking,33136,28988,0.5398,0.2312,0.8103,2.92,30.88,64.25,1.0007,0.0007
walking,33148,29000,0.4856,0.2009,0.7856,5.10,28.66,63.36,0.9452,0.0548
walking,33160,29012,0.4365,0.2007,0.7625,9.54,22.37,58.73,0.9012,0.0988
walking,33172,29024,0.4404,0.1975,0.7322,12.60,14.54,54.26,0.8770,0.1230
walking,33184,29036,0.4722,0.2219,0.6904,13.94,10.62,51.40,0.8654,0.1346
walking,33196,29048,0.5027,0.2568,0.6475,13.11,11.99,50.60,0.8590,0.1410
walking,33208,29060,0.5288,0.2793,0.6121,11.77,18.16,51.50,0.8557,0.1443
walking,33236,29088,0.5139,0.3032,0.6304,12.30,33.50,52.59,0.8680,0.1320
walking,33248,29100,0.5020,0.3025,0.6606,15.08,35.21,52.01,0.8831,0.1169
walking,33260,29112,0.5098,0.2915,0.7170,18.08,33.44,51.97,0.9268,0.0732
walking,33272,29124,0.5146,0.3054,0.7466,19.83,30.98,51.22,0.9568,0.0432
walking,33284,29136,0.5056,0.3252,0.7832,16.42,24.92,49.99,0.9873,0.0127
walking,33296,29148,0.5251,0.3201,0.7974,12.79,21.07,48.93,1.0070,0.0070
walking,33308,29160,0.5388,0.3225,0.7834,9.63,18.17,49.58,1.0041,0.0041
walking,33320,29172,0.5547,0.3372,0.7544,7.63,17.21,51.53,0.9952,0.0048
walking,33332,29184,0.5410,0.3325,0.7393,8.27,18.52,52.31,0.9746,0.0254
walking,33344,29196,0.5208,0.3262,0.7339,9.97,19.19,52.59,0.9572,0.0428
walking,33377,29229,0.4888,0.2983,0.7593,20.28,15.81,48.91,0.9510,0.0490
walking,33389,29241,0.4846,0.3052,0.7820,22.06,13.00,46.34,0.9693,0.0307
walking,33401,29253,0.4724,0.3088,0.7744,22.58,12.26,43.59,0.9583,0.0417
walking,33413,29265,0.4956,0.3213,0.7739,23.68,13.47,42.08,0.9736,0.0264
walking,33425,29277,0.4968,0.3318,0.7842,25.27,15.22,42.41,0.9858,0.0142
walking,33437,29289,0.4795,0.3467,0.8096,27.29,15.67,43.40,1.0027,0.0027
walking,33449,29301,0.4751,0.3567,0.8140,28.02,13.08,44.71,1.0077,0.0077
walking,33461,29313,0.4917,0.3596,0.8438,26.27,11.08,46.10,1.0407,0.0407
walking,33473,29325,0.5254,0.3740,0.8374,19.89,13.53,49.36,1.0570,0.0570
walking,33485,29337,0.5564,0.3816,0.8440,11.34,21.35,54.03,1.0805,0.0805
walking,33513,29365,0.5093,0.2810,0.8945,0.77,40.95,64.17,1.0670,0.0670
walking,33525,29377,0.4214,0.2234,0.8892,4.21,38.45,56.52,1.0090,0.0090
walking,33537,29389,0.3665,0.1912,0.9182,9.19,28.37,46.61,1.0069,0.0069
walking,33549,29401,0.3794,0.2158,0.8835,14.15,21.16,35.96,0.9855,0.0145
walking,33561,29413,0.4395,0.2776,0.8381,17.76,23.35,29.21,0.9862,0.0138
walking,33573,29425,0.4932,0.3418,0.8135,22.57,31.09,27.30,1.0108,0.0108
walking,33585,29437,0.4988,0.3833,0.8501,27.81,40.08,30.59,1.0575,0.0575
walking,33597,29449,0.4575,0.4158,0.8909,31.34,44.06,35.28,1.0844,0.0844
walking,33609,29461,0.3835,0.4116,0.9241,32.76,41.19,37.15,1.0819,0.0819
walking,33621,29473,0.3467,0.4102,0.9282,33.02,29.63,38.24,1.0724,0.0724
walking,33649,29501,0.3223,0.3591,0.8225,25.85,0.08,42.11,0.9536,0.0464
walking,33661,29513,0.3521,0.3499,0.7212,22.95,-3.03,43.02,0.8755,0.1245
walking,33673,29525,0.3618,0.3367,0.6501,21.08,1.55,45.48,0.8167,0.1833
walking,33685,29537,0.3560,0.3132,0.6013,21.73,9.87,48.99,0.7658,0.2342
walking,33697,29549,0.3501,0.2849,0.5972,23.19,18.21,51.23,0.7486,0.2514
walking,33709,29561,0.3303,0.2766,0.6296,24.50,24.22,52.15,0.7629,0.2371
walking,33721,29573,0.3306,0.2607,0.6760,24.37,27.46,51.38,0.7964,0.2036
walking,33733,29585,0.3445,0.2522,0.7317,21.15,27.31,49.70,0.8471,0.1529
walking,33745,29597,0.3635,0.2402,0.7769,15.07,26.74,48.04,0.8907,0.1093
walking,33757,29609,0.3687,0.2354,0.7891,8.33,26.08,45.34,0.9022,0.0978
walking,33790,29642,0.3726,0.2488,0.7285,3.53,14.19,31.83,0.8552,0.1448
walking,33802,29654,0.3855,0.2910,0.7126,5.63,10.22,27.98,0.8609,0.1391
walking,33814,29666,0.4036,0.3347,0.6890,7.84,8.00,25.96,0.8658,0.1342
walking,33826,29678,0.4263,0.3652,0.6704,9.47,9.13,24.85,0.8744,0.1256
walking,33838,29690,0.4451,0.3975,0.6602,9.85,10.68,25.84,0.8899,0.1101
walking,33850,29702,0.4656,0.4109,0.6863,9.53,13.46,28.24,0.9255,0.0745
walking,33862,29714,0.4556,0.4211,0.7068,8.91,16.31,30.18,0.9405,0.0595
walking,33874,29726,0.4326,0.4194,0.7363,7.82,16.42,31.26,0.9515,0.0485
walking,33886,29738,0.4158,0.4036,0.7756,6.05,15.33,30.29,0.9682,0.0318
walking,33898,29750,0.3970,0.4087,0.8108,3.01,11.21,28.38,0.9910,0.0090
walking,33926,29778,0.4106,0.4062,0.8267,-5.33,-2.36,22.22,1.0085,0.0085
walking,33938,29790,0.4089,0.4043,0.7969,-8.69,-6.78,20.73,0.9827,0.0173
walking,33950,29802,0.3948,0.4150,0.7627,-10.52,-10.04,19.04,0.9538,0.0462
walking,33962,29814,0.4004,0.4089,0.7249,-11.72,-13.40,18.44,0.9236,0.0764
walking,33974,29826,0.4016,0.4001,0.6863,-10.85,-12.64,16.22,0.8902,0.1098
walking,33986,29838,0.4163,0.3989,0.6521,-9.08,-8.29,11.96,0.8704,0.1296
walking,33998,29850,0.4153,0.3779,0.6401,-5.82,-3.18,6.40,0.8515,0.1485
walking,34010,29862,0.4050,0.3831,0.6890,-2.18,1.62,-0.32,0.8863,0.1137
walking,34022,29874,0.4062,0.4036,0.7283,0.89,3.16,-5.92,0.9264,0.0736
walking,34034,29886,0.4456,0.4331,0.7908,2.64,4.08,-9.49,1.0057,0.0057
walking,34067,29919,0.4783,0.4512,0.9426,2.95,-0.67,-6.37,1.1493,0.1493
walking,34079,29931,0.4492,0.4634,0.9980,0.24,-13.40,-4.70,1.1885,0.1885
walking,34091,29943,0.4700,0.4683,0.9597,-5.40,-26.53,-5.79,1.1667,0.1667
walking,34103,29955,0.4841,0.4707,0.8867,-13.90,-28.73,-5.83,1.1145,0.1145
walking,34115,29967,0.5264,0.4817,0.7869,-19.98,-25.42,-4.44,1.0622,0.0622
walking,34127,29979,0.5764,0.4680,0.7454,-21.96,-14.12,-0.50,1.0521,0.0521
walking,34139,29991,0.5959,0.4285,0.7634,-22.11,-0.69,4.55,1.0590,0.0590
